model,param,fold,test_recall,test_precision,test_pr_auc,test_roc_auc,test_pr_auc_adj,train_recall,train_precision,train_pr_auc,train_roc_auc,train_pr_auc_adj,time
SVC_linear,"{'C': 0.05, 'kernel': 'linear', 'random_state': 4}",1,0.5652173913043478,0.8666666666666667,0.7837242632827889,0.9875776397515528,0.8204413468666757,0.559748427672956,0.7876106194690266,0.7871076952207743,0.9853921103003612,0.7788778011644437,0.3129144670019741
SVC_linear,"{'C': 0.05, 'kernel': 'linear', 'random_state': 4}",2,0.4358974358974359,0.7727272727272727,0.7082532741447247,0.9725036179450073,0.665712609211587,0.5659340659340659,0.8110236220472441,0.8028548810079232,0.9872252420432293,0.8016798430976553,0.34372769400215475
SVC_linear,"{'C': 0.05, 'kernel': 'linear', 'random_state': 4}",3,0.4117647058823529,0.7,0.7043453279970924,0.9751943881000676,0.6911930670294376,0.5610859728506787,0.8104575163398693,0.7992927038132105,0.985721735174847,0.7992557145712621,0.4225175069987017
SVC_linear,"{'C': 0.05, 'kernel': 'linear', 'random_state': 4}",4,0.2894736842105263,0.8461538461538461,0.6332497728901468,0.964671432917554,0.6016046732622918,0.5607843137254902,0.8313953488372093,0.79932209467181,0.9849886000911993,0.7993041274981711,0.4602368249979918
SVC_linear,"{'C': 0.05, 'kernel': 'linear', 'random_state': 4}",5,0.5483870967741935,0.9444444444444444,0.7708971671198115,0.9799252388204348,0.775589682543088,0.5221843003412969,0.8181818181818182,0.7799509830424676,0.9827852045988702,0.7799449223991421,0.7503951850012527
SVC_linear,"{'C': 0.1, 'kernel': 'linear', 'random_state': 4}",1,0.5652173913043478,0.8125,0.7658240174944708,0.9860402189287252,0.8056003558817901,0.610062893081761,0.8016528925619835,0.7960374608411012,0.9861027157722033,0.7931250167171826,0.46406332399783423
SVC_linear,"{'C': 0.1, 'kernel': 'linear', 'random_state': 4}",2,0.48717948717948717,0.76,0.6989320034049188,0.9713532969683476,0.6542024918262785,0.6153846153846154,0.8,0.8079022407141734,0.9870343788973339,0.806568151286017,0.36281648200019845
SVC_linear,"{'C': 0.1, 'kernel': 'linear', 'random_state': 4}",3,0.4411764705882353,0.7142857142857143,0.7166433025260559,0.9751098715348208,0.7041825722640238,0.5882352941176471,0.8125,0.8071071715645839,0.9858770643525085,0.8070447223348078,0.5075067710022267
SVC_linear,"{'C': 0.1, 'kernel': 'linear', 'random_state': 4}",4,0.3157894736842105,0.8571428571428571,0.6330849596046799,0.9640249467599634,0.601927773112837,0.5843137254901961,0.8277777777777777,0.8037941634627698,0.9850257813322109,0.8037424533678619,0.49911292500109994
SVC_linear,"{'C': 0.1, 'kernel': 'linear', 'random_state': 4}",5,0.5806451612903226,0.9,0.7651066245565,0.9774331995015921,0.7691978386345939,0.552901023890785,0.81,0.7841558136604256,0.9830405525076795,0.7841305661978357,0.5687125170006766
SVC_linear,"{'C': 1, 'kernel': 'linear', 'random_state': 4}",1,0.6521739130434783,0.7894736842105263,0.7497580314953997,0.9795215546399361,0.7872805755810278,0.6666666666666666,0.7737226277372263,0.8183318791213609,0.987754198868788,0.8177767982167491,0.46676515099898097
SVC_linear,"{'C': 1, 'kernel': 'linear', 'random_state': 4}",2,0.5128205128205128,0.7142857142857143,0.6774866505160912,0.9675312627555753,0.6307580820742482,0.6538461538461539,0.7986577181208053,0.8226879132278502,0.9876174265895893,0.8222996235402653,0.48832601699905354
SVC_linear,"{'C': 1, 'kernel': 'linear', 'random_state': 4}",3,0.5882352941176471,0.8,0.7324819448821027,0.9753634212305612,0.7210802658720095,0.6199095022624435,0.8203592814371258,0.8184890720238411,0.9856486934782086,0.8184227199556825,0.6034708339975623
SVC_linear,"{'C': 1, 'kernel': 'linear', 'random_state': 4}",4,0.3157894736842105,0.8571428571428571,0.6235841700423024,0.9634545177973837,0.5912886906740344,0.6,0.8315217391304348,0.8111141064711204,0.9852025676102284,0.8110827292621264,1.2548001959985413
SVC_linear,"{'C': 1, 'kernel': 'linear', 'random_state': 4}",5,0.5806451612903226,0.782608695652174,0.744220769952692,0.9724952697401819,0.7492803344993498,0.5665529010238908,0.7980769230769231,0.7942377793986808,0.9833801108970536,0.7941959331196774,1.6945990130006976
SVC_linear,"{'C': 10, 'kernel': 'linear', 'random_state': 4}",1,0.6086956521739131,0.7,0.7646966631253267,0.9805055039665458,0.800901086533662,0.6792452830188679,0.7659574468085106,0.8255879315072171,0.9878351539225422,0.8244467633036376,1.6587629940004263
SVC_linear,"{'C': 10, 'kernel': 'linear', 'random_state': 4}",2,0.5128205128205128,0.7142857142857143,0.6745466341500106,0.9610746224349698,0.6306314927563397,0.6593406593406593,0.7947019867549668,0.8254823807854119,0.9875180731711781,0.8246846729566845,3.5067138990016247
SVC_linear,"{'C': 10, 'kernel': 'linear', 'random_state': 4}",3,0.5882352941176471,0.6896551724137931,0.7071489733772334,0.9721940500338067,0.6953542332097437,0.6606334841628959,0.8111111111111111,0.8224723131270368,0.9854656269473934,0.8223948498776967,1.767620544997044
SVC_linear,"{'C': 10, 'kernel': 'linear', 'random_state': 4}",4,0.2894736842105263,0.7333333333333333,0.6218621288942001,0.9623897170672345,0.5901048004491274,0.6039215686274509,0.8191489361702128,0.8150109529798686,0.9850187660037182,0.8149589004393561,2.526117223998881
SVC_linear,"{'C': 10, 'kernel': 'linear', 'random_state': 4}",5,0.5806451612903226,0.8181818181818182,0.7417385872579274,0.9712031012044857,0.746856771373666,0.5733788395904437,0.8038277511961722,0.7958200517218488,0.9834089054484724,0.7957777802394976,6.477826562997507
SVC_linear,"{'C': 25, 'kernel': 'linear', 'random_state': 4}",1,0.6086956521739131,0.7,0.756811164630978,0.9787835926449788,0.793384596717285,0.6981132075471698,0.7655172413793103,0.8287326552440722,0.9881355871220299,0.8279141841301121,4.363841919999686
SVC_linear,"{'C': 25, 'kernel': 'linear', 'random_state': 4}",2,0.5128205128205128,0.7142857142857143,0.6774208748466203,0.9608519796652937,0.6342636352211537,0.6538461538461539,0.7933333333333333,0.8244381452471978,0.9874344071346213,0.823665169351577,11.36699704000057
SVC_linear,"{'C': 25, 'kernel': 'linear', 'random_state': 4}",3,0.5882352941176471,0.6896551724137931,0.7039210011890463,0.9715601757944556,0.6920305396580001,0.665158371040724,0.8166666666666667,0.8203595200102644,0.9852381806515319,0.8202823680643612,6.551756511998974
SVC_linear,"{'C': 25, 'kernel': 'linear', 'random_state': 4}",4,0.34210526315789475,0.7222222222222222,0.6234380640658358,0.9626178886522665,0.5916604755688496,0.6078431372549019,0.8157894736842105,0.8154440776385614,0.9848503981198921,0.8153942026252984,9.864408249999542
SVC_linear,"{'C': 25, 'kernel': 'linear', 'random_state': 4}",5,0.5806451612903226,0.8181818181818182,0.7420145915254412,0.9712031012044856,0.7471308985230458,0.5733788395904437,0.8,0.7962074976810039,0.9834474792815052,0.7961682064961839,13.73886057600248
SVC_linear,"{'C': 50, 'kernel': 'linear', 'random_state': 4}",1,0.6086956521739131,0.6666666666666666,0.7532923336148358,0.9779226369841952,0.7900027289283168,0.6981132075471698,0.7708333333333334,0.8296596119939895,0.9879988630312451,0.8287050112912249,9.146708730000682
SVC_linear,"{'C': 50, 'kernel': 'linear', 'random_state': 4}",2,0.5128205128205128,0.7142857142857143,0.6774525771226212,0.960777765408735,0.6343001140899335,0.6538461538461539,0.7933333333333333,0.8241966139407265,0.9874344071346213,0.823429756477775,15.102758060998895
SVC_linear,"{'C': 50, 'kernel': 'linear', 'random_state': 4}",3,0.5882352941176471,0.6896551724137931,0.7014387476971439,0.9716446923597025,0.6893173395020943,0.6606334841628959,0.8202247191011236,0.8193265601365967,0.9852400298084089,0.8192073204062493,14.922886272001051
SVC_linear,"{'C': 50, 'kernel': 'linear', 'random_state': 4}",4,0.34210526315789475,0.7222222222222222,0.6220359967132425,0.9625038028597506,0.5901062037007379,0.615686274509804,0.8134715025906736,0.8157723359192225,0.9847837524992108,0.8157257655416488,16.291718086999026
SVC_linear,"{'C': 50, 'kernel': 'linear', 'random_state': 4}",5,0.5806451612903226,0.8181818181818182,0.7422682193215867,0.9713876967095851,0.7473911441635769,0.5733788395904437,0.8,0.796206732120866,0.9834621482039263,0.796177549913236,25.0169632679972
SVC_linear,"{'C': 100, 'kernel': 'linear', 'random_state': 4}",1,0.6086956521739131,0.6666666666666666,0.7502506247733972,0.9774921591538036,0.7871009781789653,0.6981132075471698,0.7816901408450704,0.8273146341896559,0.9878405509261259,0.8266678322016427,14.3847289309997
SVC_linear,"{'C': 100, 'kernel': 'linear', 'random_state': 4}",2,0.5128205128205128,0.7142857142857143,0.6774237014677453,0.9606293368956176,0.6342758352255136,0.6538461538461539,0.7933333333333333,0.8244336843657437,0.9873834231435945,0.823676525039247,39.732466048997594
SVC_linear,"{'C': 100, 'kernel': 'linear', 'random_state': 4}",3,0.5882352941176471,0.6896551724137931,0.7029744535810516,0.9717714672075727,0.6908667237809825,0.665158371040724,0.8212290502793296,0.8189422538331947,0.9852206136612013,0.8188541865279446,32.912738826998975
SVC_linear,"{'C': 100, 'kernel': 'linear', 'random_state': 4}",4,0.34210526315789475,0.7222222222222222,0.6207813941058855,0.962313659872224,0.5888539169453179,0.611764705882353,0.8125,0.8155967313414189,0.9847928724262514,0.8155461477231628,38.69191986700025
SVC_linear,"{'C': 100, 'kernel': 'linear', 'random_state': 4}",5,0.5806451612903226,0.8181818181818182,0.7423466722231846,0.9709723568231113,0.7474341407311648,0.5665529010238908,0.8019323671497585,0.7963894089348149,0.9833926066457824,0.7963542182114802,55.9056746440001
SVC_rbf,"{'C': 0.05, 'gamma': 0.01, 'kernel': 'rbf', 'random_state': 4}",1,0.0,0.0,0.7677428239926917,0.9696820613738393,0.79818069532196,0.0,0.0,0.8732919879765209,0.9890350877192983,0.8732691935528069,0.4176072340014798
SVC_rbf,"{'C': 0.05, 'gamma': 0.01, 'kernel': 'rbf', 'random_state': 4}",2,0.0,0.0,0.7030907712087482,0.9398493450591859,0.6691329249568864,0.0,0.0,0.8511676630025417,0.9860565320950759,0.8511401201394839,0.49579878299846314
SVC_rbf,"{'C': 0.05, 'gamma': 0.01, 'kernel': 'rbf', 'random_state': 4}",3,0.0,0.0,0.6596465948203043,0.9497549019607843,0.6455814568399314,0.0,0.0,0.8322123815181092,0.9840205108480788,0.8321982645378416,0.6065597079978033
SVC_rbf,"{'C': 0.05, 'gamma': 0.01, 'kernel': 'rbf', 'random_state': 4}",4,0.0,0.0,0.6932590132470577,0.9608305445695162,0.663743555744627,0.0,0.0,0.8155645270353863,0.9834410186256972,0.8155279886192257,0.7598192389996257
SVC_rbf,"{'C': 0.05, 'gamma': 0.01, 'kernel': 'rbf', 'random_state': 4}",5,0.0,0.0,0.7298150179864762,0.9615579860630392,0.7344785334545636,0.0,0.0,0.7996440610557473,0.9815084650548237,0.7995896447147721,0.8798338249980588
SVC_rbf,"{'C': 0.05, 'gamma': 0.1, 'kernel': 'rbf', 'random_state': 4}",1,0.0,0.0,0.6531230760270149,0.9602115491052212,0.6979043086439002,0.0,0.0,1.0,1.0,1.0,1.8716976260002411
SVC_rbf,"{'C': 0.05, 'gamma': 0.1, 'kernel': 'rbf', 'random_state': 4}",2,0.0,0.0,0.5784252779084584,0.9510556977995472,0.5257202539610846,0.0,0.0,1.0,1.0,1.0,2.934260917001666
SVC_rbf,"{'C': 0.05, 'gamma': 0.1, 'kernel': 'rbf', 'random_state': 4}",3,0.0,0.0,0.5436865238301714,0.9713488843813388,0.5249811638650482,0.0,0.0,1.0,1.0,1.0,4.587273592998827
SVC_rbf,"{'C': 0.05, 'gamma': 0.1, 'kernel': 'rbf', 'random_state': 4}",4,0.0,0.0,0.5637707895124673,0.9455050197748707,0.5269596311774476,0.0,0.0,1.0,1.0,1.0,4.102696330999606
SVC_rbf,"{'C': 0.05, 'gamma': 0.1, 'kernel': 'rbf', 'random_state': 4}",5,0.0,0.0,0.46682720966209834,0.9697724860399649,0.4632967746576042,0.0,0.0,1.0,1.0,1.0,6.358688195003197
SVC_rbf,"{'C': 0.05, 'gamma': 1, 'kernel': 'rbf', 'random_state': 4}",1,0.0,0.0,0.19824402530025442,0.7490006764651621,0.24378507177331252,0.0,0.0,0.9999999999999999,1.0,1.0,2.9160797100012132
SVC_rbf,"{'C': 0.05, 'gamma': 1, 'kernel': 'rbf', 'random_state': 4}",2,0.0,0.0,0.34150510538127704,0.858696055512264,0.2923916236517679,0.0,0.0,0.9999999999999999,1.0,1.0,3.435360182000295
SVC_rbf,"{'C': 0.05, 'gamma': 1, 'kernel': 'rbf', 'random_state': 4}",3,0.0,0.0,0.2663156246518959,0.8160496957403651,0.2497979399071441,0.0,0.0,1.0,1.0,1.0,4.618142339000769
SVC_rbf,"{'C': 0.05, 'gamma': 1, 'kernel': 'rbf', 'random_state': 4}",4,0.0,0.0,0.3436238200912027,0.8110168846972924,0.31161996974926814,0.0,0.0,1.0,0.9999999999999999,1.0,7.4618119270016905
SVC_rbf,"{'C': 0.05, 'gamma': 1, 'kernel': 'rbf', 'random_state': 4}",5,0.0,0.0,0.36336932071637956,0.8455397111080346,0.37112028470644826,0.0,0.0,1.0,1.0,1.0,8.393212720002339
SVC_rbf,"{'C': 0.05, 'gamma': 10, 'kernel': 'rbf', 'random_state': 4}",1,0.0,0.0,0.5157534246575343,0.5,0.521751025991792,0.0,0.0,1.0,1.0,1.0,3.2471906819992
SVC_rbf,"{'C': 0.05, 'gamma': 10, 'kernel': 'rbf', 'random_state': 4}",2,0.0,0.0,0.5267123287671233,0.5,0.5207525655644242,0.0,0.0,1.0,1.0,1.0,3.8513272589989356
SVC_rbf,"{'C': 0.05, 'gamma': 10, 'kernel': 'rbf', 'random_state': 4}",3,0.0,0.0,0.5232876712328767,0.5,0.521603128054741,0.0,0.0,1.0,1.0,1.0,6.082672861000901
SVC_rbf,"{'C': 0.05, 'gamma': 10, 'kernel': 'rbf', 'random_state': 4}",4,0.0,0.0,0.5260273972602739,0.5,0.5218135158254918,0.0,0.0,1.0,1.0,1.0,7.255639314000291
SVC_rbf,"{'C': 0.05, 'gamma': 10, 'kernel': 'rbf', 'random_state': 4}",5,0.0,0.0,0.5212328767123288,0.5,0.5222813688212927,0.0,0.0,1.0,1.0,1.0,9.816547320002428
SVC_rbf,"{'C': 0.05, 'gamma': 100, 'kernel': 'rbf', 'random_state': 4}",1,0.0,0.0,0.5157534246575343,0.5,0.521751025991792,0.0,0.0,1.0,1.0,1.0,2.387801111999579
SVC_rbf,"{'C': 0.05, 'gamma': 100, 'kernel': 'rbf', 'random_state': 4}",2,0.0,0.0,0.5267123287671233,0.5,0.5207525655644242,0.0,0.0,1.0,1.0,1.0,3.3143275459988217
SVC_rbf,"{'C': 0.05, 'gamma': 100, 'kernel': 'rbf', 'random_state': 4}",3,0.0,0.0,0.5232876712328767,0.5,0.521603128054741,0.0,0.0,1.0,1.0,1.0,6.217800079997687
SVC_rbf,"{'C': 0.05, 'gamma': 100, 'kernel': 'rbf', 'random_state': 4}",4,0.0,0.0,0.5260273972602739,0.5,0.5218135158254918,0.0,0.0,1.0,1.0,1.0,5.626591839998582
SVC_rbf,"{'C': 0.05, 'gamma': 100, 'kernel': 'rbf', 'random_state': 4}",5,0.0,0.0,0.5212328767123288,0.5,0.5222813688212927,0.0,0.0,1.0,1.0,1.0,8.84988347000035
SVC_rbf,"{'C': 0.05, 'gamma': 'auto', 'kernel': 'rbf', 'random_state': 4}",1,0.0,0.0,0.7791322885151121,0.9584896377836541,0.8068509902081106,0.0,0.0,0.9314723535246008,0.995482708000518,0.931417288366359,0.4693659779986774
SVC_rbf,"{'C': 0.05, 'gamma': 'auto', 'kernel': 'rbf', 'random_state': 4}",2,0.0,0.0,0.7316588310438957,0.9293480277561319,0.7027840848761353,0.0,0.0,0.9089198447772577,0.9937525001764831,0.9088909799822952,0.5749626770011673
SVC_rbf,"{'C': 0.05, 'gamma': 'auto', 'kernel': 'rbf', 'random_state': 4}",3,0.0,0.0,0.6448613217988043,0.9239773495605137,0.6314067944639666,0.0,0.0,0.89310990817066,0.990264189043006,0.8930892674089252,0.7332898319982633
SVC_rbf,"{'C': 0.05, 'gamma': 'auto', 'kernel': 'rbf', 'random_state': 4}",4,0.0,0.0,0.7027919112943216,0.95657134164892,0.6740882215809372,0.0,0.0,0.8775714789941851,0.9879231119997195,0.8775416879741614,0.841356884000561
SVC_rbf,"{'C': 0.05, 'gamma': 'auto', 'kernel': 'rbf', 'random_state': 4}",5,0.0,0.0,0.696171729701731,0.9433291799344686,0.7017457302585324,0.0,0.0,0.859696187819576,0.9865236066425227,0.8596809517659125,1.0089990960004798
SVC_rbf,"{'C': 0.1, 'gamma': 0.01, 'kernel': 'rbf', 'random_state': 4}",1,0.0,0.0,0.7663704205960377,0.969620564540926,0.7970209732202232,0.0,0.0,0.8730736757828862,0.9890099017025746,0.8730534389149441,0.4275127769979008
SVC_rbf,"{'C': 0.1, 'gamma': 0.01, 'kernel': 'rbf', 'random_state': 4}",2,0.0,0.0,0.7029714718404472,0.9396638094177892,0.669046173508919,0.0,0.0,0.8513426603008426,0.9860656830678244,0.8513178138305035,0.4926018199985265
SVC_rbf,"{'C': 0.1, 'gamma': 0.01, 'kernel': 'rbf', 'random_state': 4}",3,0.0,0.0,0.6596987319111612,0.949839418526031,0.6456308733213448,0.03619909502262444,1.0,0.8323248885781119,0.984039002416848,0.8323131737216805,0.612976542000979
SVC_rbf,"{'C': 0.1, 'gamma': 0.01, 'kernel': 'rbf', 'random_state': 4}",4,0.02631578947368421,1.0,0.6930301195014554,0.960564344386979,0.6635431896158004,0.050980392156862744,1.0,0.8155838606408451,0.9834606615454768,0.8155470525205437,0.7474987310015422
SVC_rbf,"{'C': 0.1, 'gamma': 0.01, 'kernel': 'rbf', 'random_state': 4}",5,0.06451612903225806,1.0,0.7295024244674211,0.9612810928053901,0.7341592627593535,0.07508532423208192,1.0,0.7996586468134084,0.9814421832572179,0.7996040465241423,0.8738763910005218
SVC_rbf,"{'C': 0.1, 'gamma': 0.1, 'kernel': 'rbf', 'random_state': 4}",1,0.0,0.0,0.6528802752472961,0.9600885554393949,0.6976273701643037,0.0,0.0,1.0,1.0,1.0,2.505861494999408
SVC_rbf,"{'C': 0.1, 'gamma': 0.1, 'kernel': 'rbf', 'random_state': 4}",2,0.0,0.0,0.5796362865369089,0.9513154476975026,0.5269368185813313,0.0,0.0,1.0,1.0,1.0,3.8432116379990475
SVC_rbf,"{'C': 0.1, 'gamma': 0.1, 'kernel': 'rbf', 'random_state': 4}",3,0.0,0.0,0.542905320452699,0.9712221095334685,0.5241793322757077,0.0,0.0,1.0,1.0,1.0,3.5432410550019995
SVC_rbf,"{'C': 0.1, 'gamma': 0.1, 'kernel': 'rbf', 'random_state': 4}",4,0.0,0.0,0.5639261098310188,0.9454669911773653,0.5271079326840143,0.0,0.0,1.0,1.0,1.0,4.455958877999365
SVC_rbf,"{'C': 0.1, 'gamma': 0.1, 'kernel': 'rbf', 'random_state': 4}",5,0.0,0.0,0.46551944035943327,0.9697724860399649,0.4622248229738483,0.0,0.0,1.0,1.0,1.0,6.951968339999439
SVC_rbf,"{'C': 0.1, 'gamma': 1, 'kernel': 'rbf', 'random_state': 4}",1,0.0,0.0,0.20810627365476525,0.7529364737716007,0.25500354866044517,0.0,0.0,1.0,1.0,1.0,2.4515139799987082
SVC_rbf,"{'C': 0.1, 'gamma': 1, 'kernel': 'rbf', 'random_state': 4}",2,0.0,0.0,0.34645514629003094,0.8622583398270808,0.2970381567752606,0.0,0.0,0.9999999999999999,1.0,1.0,3.4258216959970014
SVC_rbf,"{'C': 0.1, 'gamma': 1, 'kernel': 'rbf', 'random_state': 4}",3,0.0,0.0,0.2671827798387492,0.8178034144692359,0.2506106494653544,0.0,0.0,1.0,1.0,1.0,6.267496411997854
SVC_rbf,"{'C': 0.1, 'gamma': 1, 'kernel': 'rbf', 'random_state': 4}",4,0.0,0.0,0.34922859613664625,0.8150669303316094,0.3167687244771247,0.0,0.0,1.0,1.0,1.0,5.829668567002955
SVC_rbf,"{'C': 0.1, 'gamma': 1, 'kernel': 'rbf', 'random_state': 4}",5,0.0,0.0,0.3578673128961003,0.8435783838663529,0.36550668800729424,0.0,0.0,1.0,1.0,0.9999999999999999,9.036757909998414
SVC_rbf,"{'C': 0.1, 'gamma': 10, 'kernel': 'rbf', 'random_state': 4}",1,0.0,0.0,0.5157534246575343,0.5,0.521751025991792,0.0,0.0,1.0,1.0,1.0,2.7794915129998117
SVC_rbf,"{'C': 0.1, 'gamma': 10, 'kernel': 'rbf', 'random_state': 4}",2,0.0,0.0,0.5267123287671233,0.5,0.5207525655644242,0.0,0.0,1.0,1.0,1.0,3.869630387998768
SVC_rbf,"{'C': 0.1, 'gamma': 10, 'kernel': 'rbf', 'random_state': 4}",3,0.0,0.0,0.5232876712328767,0.5,0.521603128054741,0.0,0.0,1.0,1.0,1.0,6.663011483000446
SVC_rbf,"{'C': 0.1, 'gamma': 10, 'kernel': 'rbf', 'random_state': 4}",4,0.0,0.0,0.5260273972602739,0.5,0.5218135158254918,0.0,0.0,1.0,0.9999999999999999,1.0,6.548243487999571
SVC_rbf,"{'C': 0.1, 'gamma': 10, 'kernel': 'rbf', 'random_state': 4}",5,0.0,0.0,0.5212328767123288,0.5,0.5222813688212927,0.0,0.0,1.0,1.0,1.0,9.667371131999971
SVC_rbf,"{'C': 0.1, 'gamma': 100, 'kernel': 'rbf', 'random_state': 4}",1,0.0,0.0,0.5157534246575343,0.5,0.521751025991792,0.0,0.0,1.0,1.0,1.0,2.4155411460014875
SVC_rbf,"{'C': 0.1, 'gamma': 100, 'kernel': 'rbf', 'random_state': 4}",2,0.0,0.0,0.5267123287671233,0.5,0.5207525655644242,0.0,0.0,1.0,1.0,1.0,5.036404766997293
SVC_rbf,"{'C': 0.1, 'gamma': 100, 'kernel': 'rbf', 'random_state': 4}",3,0.0,0.0,0.5232876712328767,0.5,0.521603128054741,0.0,0.0,1.0,1.0,1.0,4.517248160002055
SVC_rbf,"{'C': 0.1, 'gamma': 100, 'kernel': 'rbf', 'random_state': 4}",4,0.0,0.0,0.5260273972602739,0.5,0.5218135158254918,0.0,0.0,1.0,0.9999999999999999,1.0,5.627158557999792
SVC_rbf,"{'C': 0.1, 'gamma': 100, 'kernel': 'rbf', 'random_state': 4}",5,0.0,0.0,0.5212328767123288,0.5,0.5222813688212927,0.0,0.0,1.0,1.0,1.0,8.76118227799816
SVC_rbf,"{'C': 0.1, 'gamma': 'auto', 'kernel': 'rbf', 'random_state': 4}",1,0.0,0.0,0.7781522149898845,0.9579361662874363,0.8057724645270363,0.0,0.0,0.931734215459726,0.9954953010088798,0.9316742439902366,0.49958866300221416
SVC_rbf,"{'C': 0.1, 'gamma': 'auto', 'kernel': 'rbf', 'random_state': 4}",2,0.0,0.0,0.7312728266324148,0.9292738134995733,0.7023747036602861,0.0,0.0,0.9090346799886425,0.9937668802765162,0.9090059992556264,0.5666004390004673
SVC_rbf,"{'C': 0.1, 'gamma': 'auto', 'kernel': 'rbf', 'random_state': 4}",3,0.0,0.0,0.6451164578827749,0.9243154158215009,0.6316496165407576,0.02262443438914027,1.0,0.8931622928222107,0.990294700131475,0.8931428621188088,0.729285051998886
SVC_rbf,"{'C': 0.1, 'gamma': 'auto', 'kernel': 'rbf', 'random_state': 4}",4,0.0,0.0,0.7022952373060122,0.9565333130514148,0.673557427013868,0.03529411764705882,1.0,0.8775068899201619,0.9879546809779368,0.8774776467201997,0.8887924310001836
SVC_rbf,"{'C': 0.1, 'gamma': 'auto', 'kernel': 'rbf', 'random_state': 4}",5,0.03225806451612903,1.0,0.6968142459151874,0.9435599243158429,0.7023956658043474,0.05460750853242321,1.0,0.8598406918644801,0.9865855420927445,0.8598248290785098,1.0245990350013017
SVC_rbf,"{'C': 1, 'gamma': 0.01, 'kernel': 'rbf', 'random_state': 4}",1,0.4782608695652174,1.0,0.7785370387164053,0.9783531148145871,0.8104736632783207,0.5723270440251572,0.9381443298969072,0.9191202544939294,0.9934030626196335,0.919110201817183,0.41633082600310445
SVC_rbf,"{'C': 1, 'gamma': 0.01, 'kernel': 'rbf', 'random_state': 4}",2,0.4358974358974359,0.8947368421052632,0.7296452717609604,0.9474191992281716,0.6997387119933162,0.5714285714285714,0.9454545454545454,0.9200726418715457,0.9937838749401919,0.9200658429972027,0.5132286230000318
SVC_rbf,"{'C': 1, 'gamma': 0.01, 'kernel': 'rbf', 'random_state': 4}",3,0.35294117647058826,0.8,0.6777139928954463,0.9345419202163624,0.6646851162670573,0.5882352941176471,0.948905109489051,0.9203846649567371,0.9927069252774199,0.9203746124643839,0.9629573780002829
SVC_rbf,"{'C': 1, 'gamma': 0.01, 'kernel': 'rbf', 'random_state': 4}",4,0.2631578947368421,0.9090909090909091,0.7127317899895447,0.9642150897474902,0.6836205058536768,0.592156862745098,0.937888198757764,0.9087301470450101,0.9908148304044337,0.9087255139846592,1.2958813949990144
SVC_rbf,"{'C': 1, 'gamma': 0.01, 'kernel': 'rbf', 'random_state': 4}",5,0.41935483870967744,0.8666666666666667,0.7442183325151247,0.9688033596381929,0.7499283283952253,0.5767918088737202,0.9337016574585635,0.9022498968500101,0.9913866260717822,0.9022424894547363,1.4684850400008145
SVC_rbf,"{'C': 1, 'gamma': 0.1, 'kernel': 'rbf', 'random_state': 4}",1,0.0,0.0,0.6543803529815861,0.9609495111001782,0.6989792315466326,0.9811320754716981,1.0,1.0,1.0,1.0,2.2088896089990158
SVC_rbf,"{'C': 1, 'gamma': 0.1, 'kernel': 'rbf', 'random_state': 4}",2,0.02564102564102564,1.0,0.5755520250483572,0.95146387621062,0.5216129434190242,0.9725274725274725,1.0,1.0,1.0,1.0,2.900922556000296
SVC_rbf,"{'C': 1, 'gamma': 0.1, 'kernel': 'rbf', 'random_state': 4}",3,0.0,0.0,0.5439671832255506,0.9709685598377282,0.5250861826571128,0.9773755656108597,1.0,1.0,1.0,1.0,3.875489147998451
SVC_rbf,"{'C': 1, 'gamma': 0.1, 'kernel': 'rbf', 'random_state': 4}",4,0.0,0.0,0.567639097325191,0.9460374201399453,0.530973401032413,0.9882352941176471,1.0,1.0,1.0,1.0,6.359609244002058
SVC_rbf,"{'C': 1, 'gamma': 0.1, 'kernel': 'rbf', 'random_state': 4}",5,0.0,0.0,0.4833640056369725,0.96972633716369,0.48025984187867476,0.9897610921501706,1.0,1.0,1.0,1.0,5.9023335429992585
SVC_rbf,"{'C': 1, 'gamma': 1, 'kernel': 'rbf', 'random_state': 4}",1,0.0,0.0,0.2295018183595873,0.7657893118504397,0.2795685116187012,1.0,1.0,1.0,1.0,1.0,3.119792851000966
SVC_rbf,"{'C': 1, 'gamma': 1, 'kernel': 'rbf', 'random_state': 4}",2,0.0,0.0,0.3519213810866701,0.8684552302497309,0.3018233025245151,1.0,1.0,1.0,0.9999999999999999,1.0,4.522436482999183
SVC_rbf,"{'C': 1, 'gamma': 1, 'kernel': 'rbf', 'random_state': 4}",3,0.0,0.0,0.2729371296736397,0.8250718390804597,0.25609864461403553,1.0,1.0,0.9999999999999999,1.0,1.0,4.7576347129979695
SVC_rbf,"{'C': 1, 'gamma': 1, 'kernel': 'rbf', 'random_state': 4}",4,0.0,0.0,0.35935044066001887,0.8227106784301794,0.3260342757302199,1.0,1.0,0.9999999999999999,1.0,1.0,7.716558937001537
SVC_rbf,"{'C': 1, 'gamma': 1, 'kernel': 'rbf', 'random_state': 4}",5,0.0,0.0,0.3621633454633025,0.8492085467718862,0.36995418624983667,1.0,1.0,1.0,1.0,1.0,7.2719352260028245
SVC_rbf,"{'C': 1, 'gamma': 10, 'kernel': 'rbf', 'random_state': 4}",1,0.0,0.0,0.5157534246575343,0.5,0.521751025991792,1.0,1.0,1.0,1.0,1.0,4.160020790000999
SVC_rbf,"{'C': 1, 'gamma': 10, 'kernel': 'rbf', 'random_state': 4}",2,0.0,0.0,0.5267123287671233,0.5,0.5207525655644242,1.0,1.0,1.0,1.0,1.0,4.257692256000155
SVC_rbf,"{'C': 1, 'gamma': 10, 'kernel': 'rbf', 'random_state': 4}",3,0.0,0.0,0.5232876712328767,0.5,0.521603128054741,1.0,1.0,1.0,1.0,1.0,5.278502728000603
SVC_rbf,"{'C': 1, 'gamma': 10, 'kernel': 'rbf', 'random_state': 4}",4,0.0,0.0,0.5260273972602739,0.5,0.5218135158254918,1.0,1.0,1.0,1.0,1.0,8.258751917001064
SVC_rbf,"{'C': 1, 'gamma': 10, 'kernel': 'rbf', 'random_state': 4}",5,0.0,0.0,0.5212328767123288,0.5,0.5222813688212927,1.0,1.0,1.0,1.0,1.0,9.95617786299772
SVC_rbf,"{'C': 1, 'gamma': 100, 'kernel': 'rbf', 'random_state': 4}",1,0.0,0.0,0.5157534246575343,0.5,0.521751025991792,1.0,1.0,1.0,1.0,1.0,2.459556165998947
SVC_rbf,"{'C': 1, 'gamma': 100, 'kernel': 'rbf', 'random_state': 4}",2,0.0,0.0,0.5267123287671233,0.5,0.5207525655644242,1.0,1.0,1.0,1.0,1.0,3.4109109910023108
SVC_rbf,"{'C': 1, 'gamma': 100, 'kernel': 'rbf', 'random_state': 4}",3,0.0,0.0,0.5232876712328767,0.5,0.521603128054741,1.0,1.0,1.0,1.0,1.0,5.057000158001756
SVC_rbf,"{'C': 1, 'gamma': 100, 'kernel': 'rbf', 'random_state': 4}",4,0.0,0.0,0.5260273972602739,0.5,0.5218135158254918,1.0,1.0,1.0,1.0,1.0,7.005141133002326
SVC_rbf,"{'C': 1, 'gamma': 100, 'kernel': 'rbf', 'random_state': 4}",5,0.0,0.0,0.5212328767123288,0.5,0.5222813688212927,1.0,1.0,1.0,1.0,1.0,8.94328854700143
SVC_rbf,"{'C': 1, 'gamma': 'auto', 'kernel': 'rbf', 'random_state': 4}",1,0.4782608695652174,1.0,0.7838236866547844,0.9644548305762253,0.8096518492096811,0.7232704402515723,0.9583333333333334,0.9696556007923913,0.9979149576155318,0.9696383477029957,0.5097049409996544
SVC_rbf,"{'C': 1, 'gamma': 'auto', 'kernel': 'rbf', 'random_state': 4}",2,0.4358974358974359,1.0,0.7284933477024803,0.941704701473153,0.6971193920114587,0.7197802197802198,0.9703703703703703,0.9710783138657224,0.9985031623147255,0.9710373365995719,0.5753021189993888
SVC_rbf,"{'C': 1, 'gamma': 'auto', 'kernel': 'rbf', 'random_state': 4}",3,0.3235294117647059,0.6875,0.6755712731046152,0.9188218390804598,0.6633041110990847,0.6968325791855203,0.9808917197452229,0.9662678586920479,0.9965365291695252,0.9662558877226323,0.7120122380001703
SVC_rbf,"{'C': 1, 'gamma': 'auto', 'kernel': 'rbf', 'random_state': 4}",4,0.2894736842105263,0.8461538461538461,0.7065234439999861,0.9602981442044417,0.6778442738101368,0.6941176470588235,0.9619565217391305,0.9593342917751285,0.9955817461152618,0.9593280495561639,0.848027275998902
SVC_rbf,"{'C': 1, 'gamma': 'auto', 'kernel': 'rbf', 'random_state': 4}",5,0.3870967741935484,0.8,0.7146042141953854,0.9551432922608334,0.7212619114393246,0.6655290102389079,0.9558823529411765,0.9592171897373447,0.996773380360812,0.9592083921528904,1.0332678919985483
SVC_rbf,"{'C': 10, 'gamma': 0.01, 'kernel': 'rbf', 'random_state': 4}",1,0.6956521739130435,1.0,0.8260560123947837,0.9843183076071582,0.8482891624370335,0.9433962264150944,0.9803921568627451,0.9964674685654319,0.9998398888936862,0.9964670344072236,0.40866321199791855
SVC_rbf,"{'C': 10, 'gamma': 0.01, 'kernel': 'rbf', 'random_state': 4}",2,0.5128205128205128,0.8,0.7339960231198406,0.9545437678578056,0.6991008678451741,0.9230769230769231,0.9824561403508771,0.9962344335159061,0.9998405116178135,0.9962313203796817,0.5009393840009579
SVC_rbf,"{'C': 10, 'gamma': 0.01, 'kernel': 'rbf', 'random_state': 4}",3,0.4411764705882353,0.6818181818181818,0.6640295057082278,0.9450219743069641,0.6514684316765154,0.9366515837104072,0.9857142857142858,0.9896631387893575,0.9997087577918847,0.9864674499106542,0.5592953649975243
SVC_rbf,"{'C': 10, 'gamma': 0.01, 'kernel': 'rbf', 'random_state': 4}",4,0.4473684210526316,0.6296296296296297,0.6535500645625969,0.9676756921204746,0.6205527932677828,0.9372549019607843,0.9835390946502057,0.9939883000256362,0.999605738538707,0.9939874261525345,0.6801911090005888
SVC_rbf,"{'C': 10, 'gamma': 0.01, 'kernel': 'rbf', 'random_state': 4}",5,0.5161290322580645,0.6666666666666666,0.7421499871132453,0.9735566938945037,0.7487236449362907,0.931740614334471,0.9891304347826086,0.993761929475417,0.9995936165195972,0.9937565980232748,0.8388541460008128
SVC_rbf,"{'C': 10, 'gamma': 0.1, 'kernel': 'rbf', 'random_state': 4}",1,0.0,0.0,0.6468584867887663,0.9625484287559191,0.6939631631449381,1.0,1.0,1.0,1.0,1.0,2.2216462469987164
SVC_rbf,"{'C': 10, 'gamma': 0.1, 'kernel': 'rbf', 'random_state': 4}",2,0.05128205128205128,1.0,0.5533879055105602,0.9520204831348101,0.4962706428188572,1.0,1.0,1.0,1.0,1.0,4.692230500000733
SVC_rbf,"{'C': 10, 'gamma': 0.1, 'kernel': 'rbf', 'random_state': 4}",3,0.0,0.0,0.5416618636940873,0.9711375929682218,0.5217413201239447,1.0,1.0,1.0,1.0,1.0,3.888048559998424
SVC_rbf,"{'C': 10, 'gamma': 0.1, 'kernel': 'rbf', 'random_state': 4}",4,0.0,0.0,0.5491677685547635,0.9483951931852754,0.5045210781153557,1.0,1.0,1.0,1.0,1.0,4.940041925001424
SVC_rbf,"{'C': 10, 'gamma': 0.1, 'kernel': 'rbf', 'random_state': 4}",5,0.0,0.0,0.48994362928690754,0.9703262725552633,0.4870383969145842,1.0,1.0,1.0,1.0,1.0,7.6526190229997155
SVC_rbf,"{'C': 10, 'gamma': 1, 'kernel': 'rbf', 'random_state': 4}",1,0.0,0.0,0.2303435175290981,0.7667425127605929,0.28040015300164156,1.0,1.0,1.0,0.9999999999999999,1.0,2.6660016089990677
SVC_rbf,"{'C': 10, 'gamma': 1, 'kernel': 'rbf', 'random_state': 4}",2,0.0,0.0,0.35300746243446635,0.869475676277413,0.3027064439021095,1.0,1.0,0.9999999999999999,0.9999999999999999,1.0,3.678055354997923
SVC_rbf,"{'C': 10, 'gamma': 1, 'kernel': 'rbf', 'random_state': 4}",3,0.0,0.0,0.27853177236629284,0.8279031440162272,0.2615129904390906,1.0,1.0,1.0,1.0,1.0,6.369186619001994
SVC_rbf,"{'C': 10, 'gamma': 1, 'kernel': 'rbf', 'random_state': 4}",4,0.0,0.0,0.36080540238905684,0.8240606936416184,0.3273283380846334,1.0,1.0,0.9999999999999999,1.0,1.0,6.194523387002846
SVC_rbf,"{'C': 10, 'gamma': 1, 'kernel': 'rbf', 'random_state': 4}",5,0.0,0.0,0.36354385208190804,0.8505930130601319,0.37137982686278564,1.0,1.0,1.0,1.0,1.0,9.480029761001788
SVC_rbf,"{'C': 10, 'gamma': 10, 'kernel': 'rbf', 'random_state': 4}",1,0.0,0.0,0.5157534246575343,0.5,0.521751025991792,1.0,1.0,1.0,1.0,1.0,2.9465092600003118
SVC_rbf,"{'C': 10, 'gamma': 10, 'kernel': 'rbf', 'random_state': 4}",2,0.0,0.0,0.5267123287671233,0.5,0.5207525655644242,1.0,1.0,1.0,1.0,1.0,5.768063683000946
SVC_rbf,"{'C': 10, 'gamma': 10, 'kernel': 'rbf', 'random_state': 4}",3,0.0,0.0,0.5232876712328767,0.5,0.521603128054741,1.0,1.0,1.0,1.0,1.0,5.3219167520001065
SVC_rbf,"{'C': 10, 'gamma': 10, 'kernel': 'rbf', 'random_state': 4}",4,0.0,0.0,0.5260273972602739,0.5,0.5218135158254918,1.0,1.0,1.0,1.0,1.0,8.639184208001097
SVC_rbf,"{'C': 10, 'gamma': 10, 'kernel': 'rbf', 'random_state': 4}",5,0.0,0.0,0.5212328767123288,0.5,0.5222813688212927,1.0,1.0,1.0,1.0,1.0,8.743929688000208
SVC_rbf,"{'C': 10, 'gamma': 100, 'kernel': 'rbf', 'random_state': 4}",1,0.0,0.0,0.5157534246575343,0.5,0.521751025991792,1.0,1.0,1.0,1.0,1.0,4.3735494279972045
SVC_rbf,"{'C': 10, 'gamma': 100, 'kernel': 'rbf', 'random_state': 4}",2,0.0,0.0,0.5267123287671233,0.5,0.5207525655644242,1.0,1.0,1.0,1.0,1.0,3.576828792000015
SVC_rbf,"{'C': 10, 'gamma': 100, 'kernel': 'rbf', 'random_state': 4}",3,0.0,0.0,0.5232876712328767,0.5,0.521603128054741,1.0,1.0,1.0,1.0,1.0,4.636180888999661
SVC_rbf,"{'C': 10, 'gamma': 100, 'kernel': 'rbf', 'random_state': 4}",4,0.0,0.0,0.5260273972602739,0.5,0.5218135158254918,1.0,1.0,1.0,1.0,1.0,7.75537169800009
SVC_rbf,"{'C': 10, 'gamma': 100, 'kernel': 'rbf', 'random_state': 4}",5,0.0,0.0,0.5212328767123288,0.5,0.5222813688212927,1.0,1.0,1.0,1.0,1.0,7.953320217002329
SVC_rbf,"{'C': 10, 'gamma': 'auto', 'kernel': 'rbf', 'random_state': 4}",1,0.6956521739130435,1.0,0.8004799326943565,0.9680216468851854,0.8191102281674213,1.0,0.99375,0.9999208876406407,0.9999964019976109,0.9999208860759494,0.921414749998803
SVC_rbf,"{'C': 10, 'gamma': 'auto', 'kernel': 'rbf', 'random_state': 4}",2,0.41025641025641024,0.7272727272727273,0.7268772091621245,0.9400719878288619,0.6920720150948482,0.9945054945054945,0.9945054945054945,0.9999091792000665,0.9999960781545364,0.9999091755239297,1.048050264998892
SVC_rbf,"{'C': 10, 'gamma': 'auto', 'kernel': 'rbf', 'random_state': 4}",3,0.4411764705882353,0.6818181818181818,0.6562556601601908,0.953262339418526,0.6422656481875151,0.995475113122172,0.995475113122172,0.9998557774516912,0.9999935279509308,0.9998557687750865,0.9578561579983216
SVC_rbf,"{'C': 10, 'gamma': 'auto', 'kernel': 'rbf', 'random_state': 4}",4,0.47368421052631576,0.6666666666666666,0.6505188986258464,0.953414968055978,0.61877818389758,0.9921568627450981,0.9960629921259843,0.9999077242380305,0.9999957908029043,0.9999077235283745,0.8087978839976131
SVC_rbf,"{'C': 10, 'gamma': 'auto', 'kernel': 'rbf', 'random_state': 4}",5,0.5161290322580645,0.7619047619047619,0.7449342854984385,0.9512206377774701,0.7510884879647406,0.9931740614334471,0.9931740614334471,0.9998946172636872,0.9999951103591931,0.9998946141815261,0.9959373519996007
SVC_rbf,"{'C': 25, 'gamma': 0.01, 'kernel': 'rbf', 'random_state': 4}",1,0.6521739130434783,0.9375,0.8211755058697704,0.9830883709488961,0.8425596891749153,0.9937106918238994,0.9875,0.9998018270245721,0.9999910049940273,0.9998018205848821,0.5177457790014159
SVC_rbf,"{'C': 25, 'gamma': 0.01, 'kernel': 'rbf', 'random_state': 4}",2,0.46153846153846156,0.75,0.7506232681390108,0.9573639096070354,0.7164272027334171,0.989010989010989,0.994475138121547,0.99953540008848,0.999980390772682,0.9995351744081629,0.4773677849989326
SVC_rbf,"{'C': 25, 'gamma': 0.01, 'kernel': 'rbf', 'random_state': 4}",3,0.5,0.68,0.6606548026728797,0.96526369168357,0.6474740661007651,0.9864253393665159,0.990909090909091,0.9922757008367089,0.9998289529888847,0.9881961664911699,0.5723338930001773
SVC_rbf,"{'C': 25, 'gamma': 0.01, 'kernel': 'rbf', 'random_state': 4}",4,0.5263157894736842,0.625,0.6707032034244154,0.9656982050501979,0.6385366397092335,0.9882352941176471,0.9921259842519685,0.9995912111614409,0.9999817601459188,0.9995910288981917,0.6718181619980896
SVC_rbf,"{'C': 25, 'gamma': 0.01, 'kernel': 'rbf', 'random_state': 4}",5,0.5806451612903226,0.6666666666666666,0.7387284006776932,0.9744796714200009,0.7452888535970688,0.9795221843003413,0.9930795847750865,0.9948754161197897,0.9998712394587493,0.9930065986502938,0.846719163000671
SVC_rbf,"{'C': 25, 'gamma': 0.1, 'kernel': 'rbf', 'random_state': 4}",1,0.0,0.0,0.6468584867887663,0.9625484287559191,0.6939631631449381,1.0,1.0,1.0,1.0,1.0,2.2270594839974365
SVC_rbf,"{'C': 25, 'gamma': 0.1, 'kernel': 'rbf', 'random_state': 4}",2,0.05128205128205128,1.0,0.5533879055105602,0.9520204831348101,0.4962706428188572,1.0,1.0,1.0,1.0,1.0,3.4971619470015867
SVC_rbf,"{'C': 25, 'gamma': 0.1, 'kernel': 'rbf', 'random_state': 4}",3,0.0,0.0,0.5416618636940873,0.9711375929682218,0.5217413201239447,1.0,1.0,1.0,1.0,1.0,4.963958894000825
SVC_rbf,"{'C': 25, 'gamma': 0.1, 'kernel': 'rbf', 'random_state': 4}",4,0.0,0.0,0.5491677685547635,0.9483951931852754,0.5045210781153557,1.0,1.0,1.0,1.0,1.0,4.902633866000542
SVC_rbf,"{'C': 25, 'gamma': 0.1, 'kernel': 'rbf', 'random_state': 4}",5,0.0,0.0,0.48994362928690754,0.9703262725552633,0.4870383969145842,1.0,1.0,1.0,1.0,1.0,7.81121753899788
SVC_rbf,"{'C': 25, 'gamma': 1, 'kernel': 'rbf', 'random_state': 4}",1,0.0,0.0,0.2303435175290981,0.7667425127605929,0.28040015300164156,1.0,1.0,1.0,0.9999999999999999,1.0,2.6614989950030576
SVC_rbf,"{'C': 25, 'gamma': 1, 'kernel': 'rbf', 'random_state': 4}",2,0.0,0.0,0.35300746243446635,0.869475676277413,0.3027064439021095,1.0,1.0,0.9999999999999999,0.9999999999999999,1.0,3.764552665001247
SVC_rbf,"{'C': 25, 'gamma': 1, 'kernel': 'rbf', 'random_state': 4}",3,0.0,0.0,0.27853177236629284,0.8279031440162272,0.2615129904390906,1.0,1.0,1.0,1.0,1.0,6.559316115999536
SVC_rbf,"{'C': 25, 'gamma': 1, 'kernel': 'rbf', 'random_state': 4}",4,0.0,0.0,0.36080540238905684,0.8240606936416184,0.3273283380846334,1.0,1.0,0.9999999999999999,1.0,1.0,6.199285089998739
SVC_rbf,"{'C': 25, 'gamma': 1, 'kernel': 'rbf', 'random_state': 4}",5,0.0,0.0,0.36354385208190804,0.8505930130601319,0.37137982686278564,1.0,1.0,1.0,1.0,1.0,9.613668950001738
SVC_rbf,"{'C': 25, 'gamma': 10, 'kernel': 'rbf', 'random_state': 4}",1,0.0,0.0,0.5157534246575343,0.5,0.521751025991792,1.0,1.0,1.0,1.0,1.0,2.903925075999723
SVC_rbf,"{'C': 25, 'gamma': 10, 'kernel': 'rbf', 'random_state': 4}",2,0.0,0.0,0.5267123287671233,0.5,0.5207525655644242,1.0,1.0,1.0,1.0,1.0,5.0725871460017515
SVC_rbf,"{'C': 25, 'gamma': 10, 'kernel': 'rbf', 'random_state': 4}",3,0.0,0.0,0.5232876712328767,0.5,0.521603128054741,1.0,1.0,1.0,1.0,1.0,6.01111705799849
SVC_rbf,"{'C': 25, 'gamma': 10, 'kernel': 'rbf', 'random_state': 4}",4,0.0,0.0,0.5260273972602739,0.5,0.5218135158254918,1.0,1.0,1.0,1.0,1.0,8.239123789000587
SVC_rbf,"{'C': 25, 'gamma': 10, 'kernel': 'rbf', 'random_state': 4}",5,0.0,0.0,0.5212328767123288,0.5,0.5222813688212927,1.0,1.0,1.0,1.0,1.0,9.027327769999829
SVC_rbf,"{'C': 25, 'gamma': 100, 'kernel': 'rbf', 'random_state': 4}",1,0.0,0.0,0.5157534246575343,0.5,0.521751025991792,1.0,1.0,1.0,1.0,1.0,3.4210301929997513
SVC_rbf,"{'C': 25, 'gamma': 100, 'kernel': 'rbf', 'random_state': 4}",2,0.0,0.0,0.5267123287671233,0.5,0.5207525655644242,1.0,1.0,1.0,1.0,1.0,4.515574347999063
SVC_rbf,"{'C': 25, 'gamma': 100, 'kernel': 'rbf', 'random_state': 4}",3,0.0,0.0,0.5232876712328767,0.5,0.521603128054741,1.0,1.0,1.0,1.0,1.0,4.625505320000229
SVC_rbf,"{'C': 25, 'gamma': 100, 'kernel': 'rbf', 'random_state': 4}",4,0.0,0.0,0.5260273972602739,0.5,0.5218135158254918,1.0,1.0,1.0,1.0,1.0,7.84362233900174
SVC_rbf,"{'C': 25, 'gamma': 100, 'kernel': 'rbf', 'random_state': 4}",5,0.0,0.0,0.5212328767123288,0.5,0.5222813688212927,1.0,1.0,1.0,1.0,1.0,7.480288093996933
SVC_rbf,"{'C': 25, 'gamma': 'auto', 'kernel': 'rbf', 'random_state': 4}",1,0.6956521739130435,1.0,0.780940847349618,0.9633478875837894,0.8001991021288167,1.0,1.0,1.0,1.0,1.0,0.4700185170004261
SVC_rbf,"{'C': 25, 'gamma': 'auto', 'kernel': 'rbf', 'random_state': 4}",2,0.4358974358974359,0.7391304347826086,0.7103599241353318,0.9332071690971835,0.6752477584650205,1.0,1.0,1.0,1.0,1.0,0.7466124940001464
SVC_rbf,"{'C': 25, 'gamma': 'auto', 'kernel': 'rbf', 'random_state': 4}",3,0.47058823529411764,0.6666666666666666,0.6422433136302227,0.9503887762001352,0.6269473702957548,1.0,1.0,1.0,1.0,1.0,1.320129244002601
SVC_rbf,"{'C': 25, 'gamma': 'auto', 'kernel': 'rbf', 'random_state': 4}",4,0.42105263157894735,0.6153846153846154,0.6431120393621131,0.9480149072102221,0.611458911545012,1.0,1.0,1.0,1.0,1.0,1.5587412630011386
SVC_rbf,"{'C': 25, 'gamma': 'auto', 'kernel': 'rbf', 'random_state': 4}",5,0.5161290322580645,0.7619047619047619,0.7562092907324558,0.9514513821588444,0.762293035846612,1.0,1.0,1.0,1.0,1.0,1.0674267979993601
SVC_rbf,"{'C': 50, 'gamma': 0.01, 'kernel': 'rbf', 'random_state': 4}",1,0.6521739130434783,0.8823529411764706,0.7893357972592373,0.9805055039665457,0.8151563337093001,1.0,1.0,1.0,1.0,1.0,0.394667994001793
SVC_rbf,"{'C': 50, 'gamma': 0.01, 'kernel': 'rbf', 'random_state': 4}",2,0.5384615384615384,0.7777777777777778,0.7236052198485365,0.951129912056106,0.6869687341620313,1.0,1.0,1.0,1.0,1.0,0.49254613399898517
SVC_rbf,"{'C': 50, 'gamma': 0.01, 'kernel': 'rbf', 'random_state': 4}",3,0.5,0.68,0.6443611777997774,0.9644185260311021,0.629840608226465,1.0,0.9954954954954955,0.9999795715127097,0.9999990754215615,0.9999795715127097,0.5559111859984114
SVC_rbf,"{'C': 50, 'gamma': 0.01, 'kernel': 'rbf', 'random_state': 4}",4,0.5,0.5757575757575758,0.6472109696032979,0.9632263462123517,0.6132412002363115,0.996078431372549,1.0,0.9999846513360247,0.9999992984671507,0.9999846513360247,0.6837205519987037
SVC_rbf,"{'C': 50, 'gamma': 0.01, 'kernel': 'rbf', 'random_state': 4}",5,0.6129032258064516,0.6333333333333333,0.753054508317234,0.9762333287184457,0.7590933862608575,1.0,0.9965986394557823,0.9999883714508063,0.999999456706577,0.9999883714508063,0.8312334139991435
SVC_rbf,"{'C': 50, 'gamma': 0.1, 'kernel': 'rbf', 'random_state': 4}",1,0.0,0.0,0.6468584867887663,0.9625484287559191,0.6939631631449381,1.0,1.0,1.0,1.0,1.0,2.176809456999763
SVC_rbf,"{'C': 50, 'gamma': 0.1, 'kernel': 'rbf', 'random_state': 4}",2,0.05128205128205128,1.0,0.5533879055105602,0.9520204831348101,0.4962706428188572,1.0,1.0,1.0,1.0,1.0,3.0692799069984176
SVC_rbf,"{'C': 50, 'gamma': 0.1, 'kernel': 'rbf', 'random_state': 4}",3,0.0,0.0,0.5416618636940873,0.9711375929682218,0.5217413201239447,1.0,1.0,1.0,1.0,1.0,5.470265099000244
SVC_rbf,"{'C': 50, 'gamma': 0.1, 'kernel': 'rbf', 'random_state': 4}",4,0.0,0.0,0.5491677685547635,0.9483951931852754,0.5045210781153557,1.0,1.0,1.0,1.0,1.0,4.925569002996781
SVC_rbf,"{'C': 50, 'gamma': 0.1, 'kernel': 'rbf', 'random_state': 4}",5,0.0,0.0,0.48994362928690754,0.9703262725552633,0.4870383969145842,1.0,1.0,1.0,1.0,1.0,7.860196741999971
SVC_rbf,"{'C': 50, 'gamma': 1, 'kernel': 'rbf', 'random_state': 4}",1,0.0,0.0,0.2303435175290981,0.7667425127605929,0.28040015300164156,1.0,1.0,1.0,0.9999999999999999,1.0,2.6277763840007538
SVC_rbf,"{'C': 50, 'gamma': 1, 'kernel': 'rbf', 'random_state': 4}",2,0.0,0.0,0.35300746243446635,0.869475676277413,0.3027064439021095,1.0,1.0,0.9999999999999999,0.9999999999999999,1.0,3.772226570999919
SVC_rbf,"{'C': 50, 'gamma': 1, 'kernel': 'rbf', 'random_state': 4}",3,0.0,0.0,0.27853177236629284,0.8279031440162272,0.2615129904390906,1.0,1.0,1.0,1.0,1.0,6.444537056999252
SVC_rbf,"{'C': 50, 'gamma': 1, 'kernel': 'rbf', 'random_state': 4}",4,0.0,0.0,0.36080540238905684,0.8240606936416184,0.3273283380846334,1.0,1.0,0.9999999999999999,1.0,1.0,6.233654201998434
SVC_rbf,"{'C': 50, 'gamma': 1, 'kernel': 'rbf', 'random_state': 4}",5,0.0,0.0,0.36354385208190804,0.8505930130601319,0.37137982686278564,1.0,1.0,1.0,1.0,1.0,9.558724523998535
SVC_rbf,"{'C': 50, 'gamma': 10, 'kernel': 'rbf', 'random_state': 4}",1,0.0,0.0,0.5157534246575343,0.5,0.521751025991792,1.0,1.0,1.0,1.0,1.0,2.9173652040008164
SVC_rbf,"{'C': 50, 'gamma': 10, 'kernel': 'rbf', 'random_state': 4}",2,0.0,0.0,0.5267123287671233,0.5,0.5207525655644242,1.0,1.0,1.0,1.0,1.0,4.152211188997171
SVC_rbf,"{'C': 50, 'gamma': 10, 'kernel': 'rbf', 'random_state': 4}",3,0.0,0.0,0.5232876712328767,0.5,0.521603128054741,1.0,1.0,1.0,1.0,1.0,6.89905216400075
SVC_rbf,"{'C': 50, 'gamma': 10, 'kernel': 'rbf', 'random_state': 4}",4,0.0,0.0,0.5260273972602739,0.5,0.5218135158254918,1.0,1.0,1.0,1.0,1.0,6.9076432490001025
SVC_rbf,"{'C': 50, 'gamma': 10, 'kernel': 'rbf', 'random_state': 4}",5,0.0,0.0,0.5212328767123288,0.5,0.5222813688212927,1.0,1.0,1.0,1.0,1.0,10.257882891000918
SVC_rbf,"{'C': 50, 'gamma': 100, 'kernel': 'rbf', 'random_state': 4}",1,0.0,0.0,0.5157534246575343,0.5,0.521751025991792,1.0,1.0,1.0,1.0,1.0,2.535347384000488
SVC_rbf,"{'C': 50, 'gamma': 100, 'kernel': 'rbf', 'random_state': 4}",2,0.0,0.0,0.5267123287671233,0.5,0.5207525655644242,1.0,1.0,1.0,1.0,1.0,5.416835339001409
SVC_rbf,"{'C': 50, 'gamma': 100, 'kernel': 'rbf', 'random_state': 4}",3,0.0,0.0,0.5232876712328767,0.5,0.521603128054741,1.0,1.0,1.0,1.0,1.0,4.639506232000713
SVC_rbf,"{'C': 50, 'gamma': 100, 'kernel': 'rbf', 'random_state': 4}",4,0.0,0.0,0.5260273972602739,0.5,0.5218135158254918,1.0,1.0,1.0,1.0,1.0,7.8277496800001245
SVC_rbf,"{'C': 50, 'gamma': 100, 'kernel': 'rbf', 'random_state': 4}",5,0.0,0.0,0.5212328767123288,0.5,0.5222813688212927,1.0,1.0,1.0,1.0,1.0,7.489651809999486
SVC_rbf,"{'C': 50, 'gamma': 'auto', 'kernel': 'rbf', 'random_state': 4}",1,0.6956521739130435,1.0,0.780940847349618,0.9633478875837894,0.8001991021288167,1.0,1.0,1.0,1.0,1.0,0.4765474980013096
SVC_rbf,"{'C': 50, 'gamma': 'auto', 'kernel': 'rbf', 'random_state': 4}",2,0.4358974358974359,0.7391304347826086,0.7103599241353318,0.9332071690971835,0.6752477584650205,1.0,1.0,1.0,1.0,1.0,0.5611816250020638
SVC_rbf,"{'C': 50, 'gamma': 'auto', 'kernel': 'rbf', 'random_state': 4}",3,0.47058823529411764,0.6666666666666666,0.6422433136302227,0.9503887762001352,0.6269473702957548,1.0,1.0,1.0,1.0,1.0,0.6744789900003525
SVC_rbf,"{'C': 50, 'gamma': 'auto', 'kernel': 'rbf', 'random_state': 4}",4,0.42105263157894735,0.6153846153846154,0.6443128597516729,0.948243078795254,0.6126378847969062,1.0,1.0,1.0,1.0,1.0,0.8859676369975205
SVC_rbf,"{'C': 50, 'gamma': 'auto', 'kernel': 'rbf', 'random_state': 4}",5,0.5161290322580645,0.7619047619047619,0.7562092907324558,0.9514513821588444,0.762293035846612,1.0,1.0,1.0,1.0,1.0,1.8267195570006152
SVC_rbf,"{'C': 100, 'gamma': 0.01, 'kernel': 'rbf', 'random_state': 4}",1,0.6521739130434783,0.8333333333333334,0.7872596720047578,0.9801980198019802,0.8130226011511114,1.0,1.0,1.0,1.0,1.0,0.6243312650003645
SVC_rbf,"{'C': 100, 'gamma': 0.01, 'kernel': 'rbf', 'random_state': 4}",2,0.5384615384615384,0.7777777777777778,0.7177331600495583,0.9484210916917141,0.6812497183204627,1.0,1.0,1.0,1.0,1.0,0.865745736999088
SVC_rbf,"{'C': 100, 'gamma': 0.01, 'kernel': 'rbf', 'random_state': 4}",3,0.47058823529411764,0.6666666666666666,0.6446898596437114,0.9654749830966869,0.6299608003214979,1.0,1.0,1.0,1.0,1.0,0.5772946109973418
SVC_rbf,"{'C': 100, 'gamma': 0.01, 'kernel': 'rbf', 'random_state': 4}",4,0.47368421052631576,0.5454545454545454,0.6399809325735466,0.9646714329175541,0.6055469062061986,1.0,1.0,1.0,1.0,1.0,0.6803879519975453
SVC_rbf,"{'C': 100, 'gamma': 0.01, 'kernel': 'rbf', 'random_state': 4}",5,0.6129032258064516,0.6551724137931034,0.759816040184733,0.9769255618625687,0.7658488963501637,1.0,1.0,1.0,1.0,1.0,0.8354172559993458
SVC_rbf,"{'C': 100, 'gamma': 0.1, 'kernel': 'rbf', 'random_state': 4}",1,0.0,0.0,0.6468584867887663,0.9625484287559191,0.6939631631449381,1.0,1.0,1.0,1.0,1.0,2.1758280349968118
SVC_rbf,"{'C': 100, 'gamma': 0.1, 'kernel': 'rbf', 'random_state': 4}",2,0.05128205128205128,1.0,0.5533879055105602,0.9520204831348101,0.4962706428188572,1.0,1.0,1.0,1.0,1.0,2.9873219760011125
SVC_rbf,"{'C': 100, 'gamma': 0.1, 'kernel': 'rbf', 'random_state': 4}",3,0.0,0.0,0.5416618636940873,0.9711375929682218,0.5217413201239447,1.0,1.0,1.0,1.0,1.0,5.170440027999575
SVC_rbf,"{'C': 100, 'gamma': 0.1, 'kernel': 'rbf', 'random_state': 4}",4,0.0,0.0,0.5491677685547635,0.9483951931852754,0.5045210781153557,1.0,1.0,1.0,1.0,1.0,5.5072487850011385
SVC_rbf,"{'C': 100, 'gamma': 0.1, 'kernel': 'rbf', 'random_state': 4}",5,0.0,0.0,0.48994362928690754,0.9703262725552633,0.4870383969145842,1.0,1.0,1.0,1.0,1.0,6.839510137000616
SVC_rbf,"{'C': 100, 'gamma': 1, 'kernel': 'rbf', 'random_state': 4}",1,0.0,0.0,0.2303435175290981,0.7667425127605929,0.28040015300164156,1.0,1.0,1.0,0.9999999999999999,1.0,3.548827020000317
SVC_rbf,"{'C': 100, 'gamma': 1, 'kernel': 'rbf', 'random_state': 4}",2,0.0,0.0,0.35300746243446635,0.869475676277413,0.3027064439021095,1.0,1.0,0.9999999999999999,0.9999999999999999,1.0,3.702659806000156
SVC_rbf,"{'C': 100, 'gamma': 1, 'kernel': 'rbf', 'random_state': 4}",3,0.0,0.0,0.27853177236629284,0.8279031440162272,0.2615129904390906,1.0,1.0,1.0,1.0,1.0,4.766718928000046
SVC_rbf,"{'C': 100, 'gamma': 1, 'kernel': 'rbf', 'random_state': 4}",4,0.0,0.0,0.36080540238905684,0.8240606936416184,0.3273283380846334,1.0,1.0,0.9999999999999999,1.0,1.0,7.915344668999751
SVC_rbf,"{'C': 100, 'gamma': 1, 'kernel': 'rbf', 'random_state': 4}",5,0.0,0.0,0.36354385208190804,0.8505930130601319,0.37137982686278564,1.0,1.0,1.0,1.0,1.0,9.582211872999324
SVC_rbf,"{'C': 100, 'gamma': 10, 'kernel': 'rbf', 'random_state': 4}",1,0.0,0.0,0.5157534246575343,0.5,0.521751025991792,1.0,1.0,1.0,1.0,1.0,2.9001095820021874
SVC_rbf,"{'C': 100, 'gamma': 10, 'kernel': 'rbf', 'random_state': 4}",2,0.0,0.0,0.5267123287671233,0.5,0.5207525655644242,1.0,1.0,1.0,1.0,1.0,4.236992222999106
SVC_rbf,"{'C': 100, 'gamma': 10, 'kernel': 'rbf', 'random_state': 4}",3,0.0,0.0,0.5232876712328767,0.5,0.521603128054741,1.0,1.0,1.0,1.0,1.0,7.034769752997818
SVC_rbf,"{'C': 100, 'gamma': 10, 'kernel': 'rbf', 'random_state': 4}",4,0.0,0.0,0.5260273972602739,0.5,0.5218135158254918,1.0,1.0,1.0,1.0,1.0,6.995296044999122
SVC_rbf,"{'C': 100, 'gamma': 10, 'kernel': 'rbf', 'random_state': 4}",5,0.0,0.0,0.5212328767123288,0.5,0.5222813688212927,1.0,1.0,1.0,1.0,1.0,10.284610534999956
SVC_rbf,"{'C': 100, 'gamma': 100, 'kernel': 'rbf', 'random_state': 4}",1,0.0,0.0,0.5157534246575343,0.5,0.521751025991792,1.0,1.0,1.0,1.0,1.0,2.532908363999013
SVC_rbf,"{'C': 100, 'gamma': 100, 'kernel': 'rbf', 'random_state': 4}",2,0.0,0.0,0.5267123287671233,0.5,0.5207525655644242,1.0,1.0,1.0,1.0,1.0,5.101956701000745
SVC_rbf,"{'C': 100, 'gamma': 100, 'kernel': 'rbf', 'random_state': 4}",3,0.0,0.0,0.5232876712328767,0.5,0.521603128054741,1.0,1.0,1.0,1.0,1.0,4.934288915999787
SVC_rbf,"{'C': 100, 'gamma': 100, 'kernel': 'rbf', 'random_state': 4}",4,0.0,0.0,0.5260273972602739,0.5,0.5218135158254918,1.0,1.0,1.0,1.0,1.0,6.222048537001683
SVC_rbf,"{'C': 100, 'gamma': 100, 'kernel': 'rbf', 'random_state': 4}",5,0.0,0.0,0.5212328767123288,0.5,0.5222813688212927,1.0,1.0,1.0,1.0,1.0,9.050603712999873
SVC_rbf,"{'C': 100, 'gamma': 'auto', 'kernel': 'rbf', 'random_state': 4}",1,0.6956521739130435,1.0,0.780940847349618,0.9633478875837894,0.8001991021288167,1.0,1.0,1.0,1.0,1.0,0.49445471999933943
SVC_rbf,"{'C': 100, 'gamma': 'auto', 'kernel': 'rbf', 'random_state': 4}",2,0.4358974358974359,0.7391304347826086,0.7103599241353318,0.9332071690971835,0.6752477584650205,1.0,1.0,1.0,1.0,1.0,0.5443609930007369
SVC_rbf,"{'C': 100, 'gamma': 'auto', 'kernel': 'rbf', 'random_state': 4}",3,0.47058823529411764,0.6666666666666666,0.6422433136302227,0.9503887762001352,0.6269473702957548,1.0,1.0,1.0,1.0,1.0,0.6821209759982594
SVC_rbf,"{'C': 100, 'gamma': 'auto', 'kernel': 'rbf', 'random_state': 4}",4,0.42105263157894735,0.6153846153846154,0.6443128597516729,0.948243078795254,0.6126378847969062,1.0,1.0,1.0,1.0,1.0,0.8410862390010152
SVC_rbf,"{'C': 100, 'gamma': 'auto', 'kernel': 'rbf', 'random_state': 4}",5,0.5161290322580645,0.7619047619047619,0.7562092907324558,0.9514513821588444,0.762293035846612,1.0,1.0,1.0,1.0,1.0,0.9970644079985505
SVC_poly,"{'C': 0.05, 'degree': 2, 'gamma': 0.01, 'kernel': 'poly', 'random_state': 4}",1,0.043478260869565216,1.0,0.7853154841387909,0.9898530225693377,0.8246754719460327,0.050314465408805034,0.8888888888888888,0.7202676060830769,0.9747384252263144,0.7197001939452184,0.306648863999726
SVC_poly,"{'C': 0.05, 'degree': 2, 'gamma': 0.01, 'kernel': 'poly', 'random_state': 4}",2,0.10256410256410256,0.8,0.5872174419922745,0.9459720212252773,0.5359047692050715,0.07142857142857142,0.9285714285714286,0.7327975757313892,0.972785007046249,0.7319349042470412,0.5732898420028505
SVC_poly,"{'C': 0.05, 'degree': 2, 'gamma': 0.01, 'kernel': 'poly', 'random_state': 4}",3,0.0,0.0,0.5927640589306757,0.9460361730899257,0.573130642010924,0.09502262443438914,0.9545454545454546,0.7315079568692733,0.9753451913599994,0.7313613823652859,0.7433804409993172
SVC_poly,"{'C': 0.05, 'degree': 2, 'gamma': 0.01, 'kernel': 'poly', 'random_state': 4}",4,0.05263157894736842,1.0,0.6130160354942606,0.933449954365683,0.5837867156351351,0.09411764705882353,1.0,0.7322856269510208,0.9730884983689361,0.7322371116517302,0.8987731429988344
SVC_poly,"{'C': 0.05, 'degree': 2, 'gamma': 0.01, 'kernel': 'poly', 'random_state': 4}",5,0.16129032258064516,1.0,0.6448658383938533,0.9411601827495502,0.6496520075559931,0.09215017064846416,1.0,0.7175430925535121,0.9681923432571311,0.7174939390217844,1.0406394589990668
SVC_poly,"{'C': 0.05, 'degree': 2, 'gamma': 0.1, 'kernel': 'poly', 'random_state': 4}",1,0.6086956521739131,0.8235294117647058,0.7582993162395225,0.9143964085849579,0.7854725312737624,0.7924528301886793,0.9264705882352942,0.9438594138653267,0.9954539239814055,0.9434727290094255,0.49266657200132613
SVC_poly,"{'C': 0.05, 'degree': 2, 'gamma': 0.1, 'kernel': 'poly', 'random_state': 4}",2,0.41025641025641024,0.6666666666666666,0.6275735943292032,0.9521318045196483,0.5789166732261563,0.7967032967032966,0.9666666666666667,0.953377906343283,0.9961631278547767,0.9533248941582694,0.3764015590022609
SVC_poly,"{'C': 0.05, 'degree': 2, 'gamma': 0.1, 'kernel': 'poly', 'random_state': 4}",3,0.4411764705882353,0.6521739130434783,0.6082928385728303,0.9381761325219743,0.5848128055420192,0.755656108597285,0.9597701149425287,0.942454810777231,0.9953290297288951,0.9423110482501363,0.43097323999973014
SVC_poly,"{'C': 0.05, 'degree': 2, 'gamma': 0.1, 'kernel': 'poly', 'random_state': 4}",4,0.39473684210526316,0.625,0.6165804102441216,0.9534149680559781,0.5816668076386042,0.7294117647058823,0.9253731343283582,0.9319471599181635,0.9934385632607248,0.9319424547569154,0.5034170229992014
SVC_poly,"{'C': 0.05, 'degree': 2, 'gamma': 0.1, 'kernel': 'poly', 'random_state': 4}",5,0.5806451612903226,0.75,0.6782279294422858,0.966726660205824,0.6787851602730812,0.7098976109215017,0.9411764705882353,0.925570376658264,0.9904630272526846,0.9255644991909144,0.5920555739976407
SVC_poly,"{'C': 0.05, 'degree': 2, 'gamma': 1, 'kernel': 'poly', 'random_state': 4}",1,0.6521739130434783,0.625,0.6873138738861274,0.9281102023245803,0.7249942990485888,1.0,1.0,1.0,1.0,1.0,0.37132002399812336
SVC_poly,"{'C': 0.05, 'degree': 2, 'gamma': 1, 'kernel': 'poly', 'random_state': 4}",2,0.5641025641025641,0.5641025641025641,0.6081878060327757,0.9536903039073805,0.5547207210848386,1.0,1.0,1.0,1.0,1.0,0.4179776990022219
SVC_poly,"{'C': 0.05, 'degree': 2, 'gamma': 1, 'kernel': 'poly', 'random_state': 4}",3,0.5,0.5862068965517241,0.6207822901229935,0.9454445571331981,0.607159815061274,1.0,1.0,1.0,1.0,1.0,0.5500365900006727
SVC_poly,"{'C': 0.05, 'degree': 2, 'gamma': 1, 'kernel': 'poly', 'random_state': 4}",4,0.5263157894736842,0.6060606060606061,0.5165337368721814,0.9178202007909948,0.46353721864393654,1.0,1.0,1.0,1.0,1.0,0.6588952120000613
SVC_poly,"{'C': 0.05, 'degree': 2, 'gamma': 1, 'kernel': 'poly', 'random_state': 4}",5,0.4838709677419355,0.4838709677419355,0.4982142236927099,0.9314227698555541,0.5076490965465076,1.0,1.0,1.0,1.0,1.0,0.9722609700002067
SVC_poly,"{'C': 0.05, 'degree': 2, 'gamma': 10, 'kernel': 'poly', 'random_state': 4}",1,0.6521739130434783,0.625,0.6873138738861274,0.9281102023245803,0.7249942990485888,1.0,1.0,1.0,1.0,1.0,0.371786861000146
SVC_poly,"{'C': 0.05, 'degree': 2, 'gamma': 10, 'kernel': 'poly', 'random_state': 4}",2,0.5641025641025641,0.5641025641025641,0.6081878060327757,0.9536903039073805,0.5547207210848386,1.0,1.0,1.0,1.0,1.0,0.4234664299983706
SVC_poly,"{'C': 0.05, 'degree': 2, 'gamma': 10, 'kernel': 'poly', 'random_state': 4}",3,0.5,0.5862068965517241,0.6207822901229935,0.9454445571331981,0.607159815061274,1.0,1.0,1.0,1.0,1.0,0.5428414329981024
SVC_poly,"{'C': 0.05, 'degree': 2, 'gamma': 10, 'kernel': 'poly', 'random_state': 4}",4,0.5263157894736842,0.6060606060606061,0.5165337368721814,0.9178202007909948,0.46353721864393654,1.0,1.0,1.0,1.0,1.0,0.7447394400005578
SVC_poly,"{'C': 0.05, 'degree': 2, 'gamma': 10, 'kernel': 'poly', 'random_state': 4}",5,0.4838709677419355,0.4838709677419355,0.4982142236927099,0.9314227698555541,0.5076490965465076,1.0,1.0,1.0,1.0,1.0,0.9478294029977405
SVC_poly,"{'C': 0.05, 'degree': 2, 'gamma': 100, 'kernel': 'poly', 'random_state': 4}",1,0.6521739130434783,0.625,0.6873138738861274,0.9281102023245803,0.7249942990485888,1.0,1.0,1.0,1.0,1.0,0.37424925900268136
SVC_poly,"{'C': 0.05, 'degree': 2, 'gamma': 100, 'kernel': 'poly', 'random_state': 4}",2,0.5641025641025641,0.5641025641025641,0.6082520820691354,0.9537274110356599,0.5547776703966594,1.0,1.0,1.0,1.0,1.0,0.42328890999851865
SVC_poly,"{'C': 0.05, 'degree': 2, 'gamma': 100, 'kernel': 'poly', 'random_state': 4}",3,0.5,0.5862068965517241,0.6207822901229935,0.9454445571331981,0.607159815061274,1.0,1.0,1.0,1.0,1.0,0.5546014619976631
SVC_poly,"{'C': 0.05, 'degree': 2, 'gamma': 100, 'kernel': 'poly', 'random_state': 4}",4,0.5263157894736842,0.6060606060606061,0.5165337368721814,0.9178202007909948,0.46353721864393654,1.0,1.0,1.0,1.0,1.0,0.8406300189999456
SVC_poly,"{'C': 0.05, 'degree': 2, 'gamma': 100, 'kernel': 'poly', 'random_state': 4}",5,0.4838709677419355,0.4838709677419355,0.4982142236927099,0.9314227698555541,0.5076490965465076,1.0,1.0,1.0,1.0,1.0,1.8918755850027082
SVC_poly,"{'C': 0.05, 'degree': 2, 'gamma': 'auto', 'kernel': 'poly', 'random_state': 4}",1,0.30434782608695654,1.0,0.759587060643604,0.9664227292294446,0.7976546291696551,0.2389937106918239,0.926829268292683,0.7832345505693766,0.9814397046759638,0.7830701463704329,0.5659981749995495
SVC_poly,"{'C': 0.05, 'degree': 2, 'gamma': 'auto', 'kernel': 'poly', 'random_state': 4}",2,0.23076923076923078,0.9,0.6717638497002943,0.9611488366915284,0.6290957106636105,0.26373626373626374,0.9230769230769231,0.795264476263784,0.9806901402190482,0.7952195557773626,0.550600967999344
SVC_poly,"{'C': 0.05, 'degree': 2, 'gamma': 'auto', 'kernel': 'poly', 'random_state': 4}",3,0.11764705882352941,0.6666666666666666,0.615631793327413,0.9415990534144693,0.5982403880812163,0.27601809954751133,0.953125,0.7924910332749862,0.9825689226996951,0.7924533794741835,0.4835965220008802
SVC_poly,"{'C': 0.05, 'degree': 2, 'gamma': 'auto', 'kernel': 'poly', 'random_state': 4}",4,0.18421052631578946,1.0,0.6327053135572311,0.927707636142379,0.6055356497507276,0.2823529411764706,0.9473684210526315,0.7847025664216812,0.9799480865691536,0.7846779023328673,0.4895894230030535
SVC_poly,"{'C': 0.05, 'degree': 2, 'gamma': 'auto', 'kernel': 'poly', 'random_state': 4}",5,0.3548387096774194,0.9166666666666666,0.7050323403080805,0.9473441321703816,0.7109778705616258,0.2832764505119454,0.9431818181818182,0.7689476401062748,0.9740088426437526,0.7689298389063104,0.5567261030009831
SVC_poly,"{'C': 0.05, 'degree': 3, 'gamma': 0.01, 'kernel': 'poly', 'random_state': 4}",1,0.21739130434782608,1.0,0.7039163755263236,0.9049873931492528,0.7437616176326562,0.23270440251572327,0.9736842105263158,0.7945627359812317,0.9862340428594044,0.7944755374288281,0.33587643099963316
SVC_poly,"{'C': 0.05, 'degree': 3, 'gamma': 0.01, 'kernel': 'poly', 'random_state': 4}",2,0.20512820512820512,0.8888888888888888,0.6782715607814949,0.9739879030761809,0.6289877744916043,0.25824175824175827,1.0,0.8090104250727107,0.9838498403808896,0.8089664742836827,0.3480831640008546
SVC_poly,"{'C': 0.05, 'degree': 3, 'gamma': 0.01, 'kernel': 'poly', 'random_state': 4}",3,0.11764705882352941,0.6666666666666666,0.6189355741283693,0.9459516565246788,0.5995343908088864,0.26244343891402716,0.9830508474576272,0.807972605115696,0.9869588211255078,0.807947877381158,0.4146717310031818
SVC_poly,"{'C': 0.05, 'degree': 3, 'gamma': 0.01, 'kernel': 'poly', 'random_state': 4}",4,0.15789473684210525,1.0,0.6388377132559407,0.963606632187405,0.605287940927165,0.27450980392156865,0.9459459459459459,0.8038892590238019,0.9845445297976076,0.8038671726122306,0.497846728998411
SVC_poly,"{'C': 0.05, 'degree': 3, 'gamma': 0.01, 'kernel': 'poly', 'random_state': 4}",5,0.3870967741935484,0.9230769230769231,0.7108744591534694,0.9562508652914302,0.7156583904955208,0.2696245733788396,0.9518072289156626,0.7934459923654784,0.980674509650521,0.7934306449419344,0.5682510520018695
SVC_poly,"{'C': 0.05, 'degree': 3, 'gamma': 0.1, 'kernel': 'poly', 'random_state': 4}",1,0.6956521739130435,0.7619047619047619,0.7326217749919001,0.8900436627513683,0.75468272096797,1.0,1.0,1.0,1.0,1.0,0.3629277610016288
SVC_poly,"{'C': 0.05, 'degree': 3, 'gamma': 0.1, 'kernel': 'poly', 'random_state': 4}",2,0.5384615384615384,0.6363636363636364,0.6009117583103972,0.9372518460796319,0.5378785600052264,1.0,1.0,1.0,1.0,1.0,0.40177162299733027
SVC_poly,"{'C': 0.05, 'degree': 3, 'gamma': 0.1, 'kernel': 'poly', 'random_state': 4}",3,0.5294117647058824,0.6666666666666666,0.619520967506093,0.9184415145368492,0.6063464232829019,1.0,1.0,1.0,1.0,1.0,0.4719885869999416
SVC_poly,"{'C': 0.05, 'degree': 3, 'gamma': 0.1, 'kernel': 'poly', 'random_state': 4}",4,0.5263157894736842,0.6666666666666666,0.5240118994941283,0.9344767264983267,0.47090637224485343,0.996078431372549,1.0,1.0,1.0,1.0,0.6021304599998984
SVC_poly,"{'C': 0.05, 'degree': 3, 'gamma': 0.1, 'kernel': 'poly', 'random_state': 4}",5,0.6451612903225806,0.5555555555555556,0.5770319857729255,0.9376990170289353,0.5493729773414068,0.9965870307167235,1.0,1.0,1.0,1.0,0.7824013239987835
SVC_poly,"{'C': 0.05, 'degree': 3, 'gamma': 1, 'kernel': 'poly', 'random_state': 4}",1,0.6956521739130435,0.7272727272727273,0.734510582780495,0.8891212102576717,0.7552961473752692,1.0,1.0,1.0,1.0,1.0,0.34717707199888537
SVC_poly,"{'C': 0.05, 'degree': 3, 'gamma': 1, 'kernel': 'poly', 'random_state': 4}",2,0.5128205128205128,0.6451612903225806,0.6046886380341038,0.9302385988348362,0.5472855030380739,1.0,1.0,1.0,1.0,1.0,0.41640028999972856
SVC_poly,"{'C': 0.05, 'degree': 3, 'gamma': 1, 'kernel': 'poly', 'random_state': 4}",3,0.5,0.6538461538461539,0.6236094716814112,0.9171737660581474,0.6107265101613351,1.0,1.0,1.0,1.0,1.0,0.46882424400246236
SVC_poly,"{'C': 0.05, 'degree': 3, 'gamma': 1, 'kernel': 'poly', 'random_state': 4}",4,0.5263157894736842,0.6666666666666666,0.5167519522219362,0.9287344082750228,0.4637263064730452,1.0,1.0,1.0,1.0,1.0,0.5880451789998915
SVC_poly,"{'C': 0.05, 'degree': 3, 'gamma': 1, 'kernel': 'poly', 'random_state': 4}",5,0.6129032258064516,0.5588235294117647,0.58817239764599,0.9385758456781578,0.5328281309058563,1.0,1.0,1.0,1.0,1.0,0.7680919969971001
SVC_poly,"{'C': 0.05, 'degree': 3, 'gamma': 10, 'kernel': 'poly', 'random_state': 4}",1,0.6956521739130435,0.7272727272727273,0.734510582780495,0.8891212102576717,0.7552961473752692,1.0,1.0,1.0,1.0,1.0,0.3532599369973468
SVC_poly,"{'C': 0.05, 'degree': 3, 'gamma': 10, 'kernel': 'poly', 'random_state': 4}",2,0.5128205128205128,0.6451612903225806,0.6046886380341038,0.9302385988348362,0.5472855030380739,1.0,1.0,1.0,1.0,1.0,0.392362000002322
SVC_poly,"{'C': 0.05, 'degree': 3, 'gamma': 10, 'kernel': 'poly', 'random_state': 4}",3,0.5,0.6538461538461539,0.6235829769568431,0.917131507775524,0.61070139283969,1.0,1.0,1.0,1.0,1.0,0.4805878369988932
SVC_poly,"{'C': 0.05, 'degree': 3, 'gamma': 10, 'kernel': 'poly', 'random_state': 4}",4,0.5263157894736842,0.6666666666666666,0.5167519522219362,0.9287344082750228,0.4637263064730452,1.0,1.0,1.0,1.0,1.0,1.1755106470009196
SVC_poly,"{'C': 0.05, 'degree': 3, 'gamma': 10, 'kernel': 'poly', 'random_state': 4}",5,0.6129032258064516,0.5588235294117647,0.58817239764599,0.9385758456781578,0.5328281309058563,1.0,1.0,1.0,1.0,1.0,1.4918220710023888
SVC_poly,"{'C': 0.05, 'degree': 3, 'gamma': 100, 'kernel': 'poly', 'random_state': 4}",1,0.6956521739130435,0.7272727272727273,0.734510582780495,0.8891212102576717,0.7552961473752692,1.0,1.0,1.0,1.0,1.0,0.5438443940001889
SVC_poly,"{'C': 0.05, 'degree': 3, 'gamma': 100, 'kernel': 'poly', 'random_state': 4}",2,0.5128205128205128,0.6451612903225806,0.6046886380341038,0.9302385988348362,0.5472855030380739,1.0,1.0,1.0,1.0,1.0,0.49405628600288765
SVC_poly,"{'C': 0.05, 'degree': 3, 'gamma': 100, 'kernel': 'poly', 'random_state': 4}",3,0.5,0.6538461538461539,0.6235829769568431,0.917131507775524,0.61070139283969,1.0,1.0,1.0,1.0,1.0,0.48173966800095513
SVC_poly,"{'C': 0.05, 'degree': 3, 'gamma': 100, 'kernel': 'poly', 'random_state': 4}",4,0.5263157894736842,0.6666666666666666,0.5167519522219362,0.9287344082750228,0.4637263064730452,1.0,1.0,1.0,1.0,1.0,0.5789703650007141
SVC_poly,"{'C': 0.05, 'degree': 3, 'gamma': 100, 'kernel': 'poly', 'random_state': 4}",5,0.6129032258064516,0.5588235294117647,0.58817239764599,0.9385758456781578,0.5328281309058563,1.0,1.0,1.0,1.0,1.0,0.7328399069992884
SVC_poly,"{'C': 0.05, 'degree': 3, 'gamma': 'auto', 'kernel': 'poly', 'random_state': 4}",1,0.391304347826087,1.0,0.7293888216842411,0.9043724248201217,0.7630998326262414,0.5220125786163522,0.9764705882352941,0.9027153192962534,0.9931691924643439,0.902695201355957,0.3212081570018199
SVC_poly,"{'C': 0.05, 'degree': 3, 'gamma': 'auto', 'kernel': 'poly', 'random_state': 4}",2,0.3333333333333333,0.8125,0.6299457060058762,0.9373260603361905,0.5756723496277184,0.532967032967033,0.9797979797979798,0.9063927067304458,0.9938309370857551,0.90638689225149,0.3725004320003791
SVC_poly,"{'C': 0.05, 'degree': 3, 'gamma': 'auto', 'kernel': 'poly', 'random_state': 4}",3,0.3235294117647059,0.7857142857142857,0.6182817015612059,0.9388100067613251,0.6001022559305413,0.5294117647058824,0.9831932773109243,0.9041894091334174,0.9935861993723962,0.9041850035138066,0.4417908860013995
SVC_poly,"{'C': 0.05, 'degree': 3, 'gamma': 'auto', 'kernel': 'poly', 'random_state': 4}",4,0.21052631578947367,0.8,0.621932820620065,0.9573699421965318,0.5796153971142619,0.5254901960784314,0.950354609929078,0.894209808136544,0.9931726823108492,0.8941954504160196,0.46241687499787076
SVC_poly,"{'C': 0.05, 'degree': 3, 'gamma': 'auto', 'kernel': 'poly', 'random_state': 4}",5,0.45161290322580644,0.7777777777777778,0.6730945993977352,0.936452997369514,0.6618156349220512,0.4948805460750853,0.9477124183006536,0.8842025761213997,0.9897692415515156,0.8841926293466142,0.5829460120003205
SVC_poly,"{'C': 0.05, 'degree': 4, 'gamma': 0.01, 'kernel': 'poly', 'random_state': 4}",1,0.21739130434782608,1.0,0.671180580670415,0.9015435705061189,0.7134630156407186,0.34591194968553457,1.0,0.852258425447081,0.9796029244563418,0.8522426728560968,0.3131597100000363
SVC_poly,"{'C': 0.05, 'degree': 4, 'gamma': 0.01, 'kernel': 'poly', 'random_state': 4}",2,0.2564102564102564,0.8333333333333334,0.5787001098459089,0.9177706037329771,0.5212085336576234,0.36813186813186816,1.0,0.8614397775524959,0.9836812010259548,0.8614241695470073,0.3592256609990727
SVC_poly,"{'C': 0.05, 'degree': 4, 'gamma': 0.01, 'kernel': 'poly', 'random_state': 4}",3,0.17647058823529413,0.75,0.568682477629534,0.9039891818796484,0.5488175562867456,0.37104072398190047,1.0,0.8573157710969238,0.9870226170377616,0.8573114621437344,0.5458619140008523
SVC_poly,"{'C': 0.05, 'degree': 4, 'gamma': 0.01, 'kernel': 'poly', 'random_state': 4}",4,0.13157894736842105,0.7142857142857143,0.5383754895472429,0.8814268329783997,0.504135598094084,0.34901960784313724,0.967391304347826,0.8489801781901436,0.9854452979760776,0.84896228006475,0.5098052089997509
SVC_poly,"{'C': 0.05, 'degree': 4, 'gamma': 0.01, 'kernel': 'poly', 'random_state': 4}",5,0.3548387096774194,0.8461538461538461,0.5867326434156296,0.8992570030919748,0.5574686102908291,0.3310580204778157,0.9603960396039604,0.8282902709084643,0.978917498720544,0.828265919601344,0.6330578060005791
SVC_poly,"{'C': 0.05, 'degree': 4, 'gamma': 0.1, 'kernel': 'poly', 'random_state': 4}",1,0.6956521739130435,0.8421052631578947,0.7214028979431919,0.8460734272184982,0.7405846671711696,1.0,1.0,1.0,1.0,1.0,0.3585566090005159
SVC_poly,"{'C': 0.05, 'degree': 4, 'gamma': 0.1, 'kernel': 'poly', 'random_state': 4}",2,0.48717948717948717,0.7037037037037037,0.5638589320537608,0.85383502170767,0.5100153079103275,1.0,1.0,1.0,1.0,1.0,0.41918582800281
SVC_poly,"{'C': 0.05, 'degree': 4, 'gamma': 0.1, 'kernel': 'poly', 'random_state': 4}",3,0.4411764705882353,0.6521739130434783,0.5054179962472951,0.8749999999999999,0.4881980629375334,1.0,1.0,1.0,1.0,1.0,0.47740486600014265
SVC_poly,"{'C': 0.05, 'degree': 4, 'gamma': 0.1, 'kernel': 'poly', 'random_state': 4}",4,0.4473684210526316,0.6071428571428571,0.46209400156814445,0.8995284453909339,0.4115257656279221,1.0,1.0,1.0,1.0,1.0,0.6008132419992762
SVC_poly,"{'C': 0.05, 'degree': 4, 'gamma': 0.1, 'kernel': 'poly', 'random_state': 4}",5,0.5161290322580645,0.5333333333333333,0.5082557759611612,0.8822280677465503,0.4920656862690062,1.0,1.0,1.0,1.0,1.0,0.6829316809999
SVC_poly,"{'C': 0.05, 'degree': 4, 'gamma': 1, 'kernel': 'poly', 'random_state': 4}",1,0.6956521739130435,0.8421052631578947,0.7214028979431919,0.8460734272184982,0.7405846671711696,1.0,1.0,1.0,1.0,1.0,0.35574960399753763
SVC_poly,"{'C': 0.05, 'degree': 4, 'gamma': 1, 'kernel': 'poly', 'random_state': 4}",2,0.48717948717948717,0.7037037037037037,0.5638589320537608,0.85383502170767,0.5100153079103275,1.0,1.0,1.0,1.0,1.0,0.41016422099710326
SVC_poly,"{'C': 0.05, 'degree': 4, 'gamma': 1, 'kernel': 'poly', 'random_state': 4}",3,0.4411764705882353,0.6521739130434783,0.5054179962472951,0.8749999999999999,0.4881980629375334,1.0,1.0,1.0,1.0,1.0,0.8004168240004219
SVC_poly,"{'C': 0.05, 'degree': 4, 'gamma': 1, 'kernel': 'poly', 'random_state': 4}",4,0.4473684210526316,0.6071428571428571,0.46209400156814445,0.8995284453909339,0.4115257656279221,1.0,1.0,1.0,1.0,1.0,1.0877040590021352
SVC_poly,"{'C': 0.05, 'degree': 4, 'gamma': 1, 'kernel': 'poly', 'random_state': 4}",5,0.5161290322580645,0.5333333333333333,0.5082557759611612,0.8822280677465503,0.4920656862690062,1.0,1.0,1.0,1.0,1.0,1.3564973680004186
SVC_poly,"{'C': 0.05, 'degree': 4, 'gamma': 10, 'kernel': 'poly', 'random_state': 4}",1,0.6956521739130435,0.8421052631578947,0.7214028979431919,0.8460734272184982,0.7405846671711696,1.0,1.0,1.0,1.0,1.0,0.3983479630005604
SVC_poly,"{'C': 0.05, 'degree': 4, 'gamma': 10, 'kernel': 'poly', 'random_state': 4}",2,0.48717948717948717,0.7037037037037037,0.5638589320537608,0.85383502170767,0.5100153079103275,1.0,1.0,1.0,1.0,1.0,0.4316132230014773
SVC_poly,"{'C': 0.05, 'degree': 4, 'gamma': 10, 'kernel': 'poly', 'random_state': 4}",3,0.4411764705882353,0.6521739130434783,0.5054179962472951,0.8749999999999999,0.4881980629375334,1.0,1.0,1.0,1.0,1.0,0.4759148080011073
SVC_poly,"{'C': 0.05, 'degree': 4, 'gamma': 10, 'kernel': 'poly', 'random_state': 4}",4,0.4473684210526316,0.6071428571428571,0.462089946936336,0.8994904167934286,0.4115223114279384,1.0,1.0,1.0,1.0,1.0,0.6144013420016563
SVC_poly,"{'C': 0.05, 'degree': 4, 'gamma': 10, 'kernel': 'poly', 'random_state': 4}",5,0.5161290322580645,0.5333333333333333,0.5082557759611612,0.8822280677465503,0.4920656862690062,1.0,1.0,1.0,1.0,1.0,0.7476578889982193
SVC_poly,"{'C': 0.05, 'degree': 4, 'gamma': 100, 'kernel': 'poly', 'random_state': 4}",1,0.6956521739130435,0.8421052631578947,0.7214028979431919,0.8460734272184982,0.7405846671711696,1.0,1.0,1.0,1.0,1.0,0.3561259859998245
SVC_poly,"{'C': 0.05, 'degree': 4, 'gamma': 100, 'kernel': 'poly', 'random_state': 4}",2,0.48717948717948717,0.7037037037037037,0.5638589320537608,0.85383502170767,0.5100153079103275,1.0,1.0,1.0,1.0,1.0,0.4106486109994876
SVC_poly,"{'C': 0.05, 'degree': 4, 'gamma': 100, 'kernel': 'poly', 'random_state': 4}",3,0.4411764705882353,0.6521739130434783,0.5054179962472951,0.8749999999999999,0.4881980629375334,1.0,1.0,1.0,1.0,1.0,0.4876751010015141
SVC_poly,"{'C': 0.05, 'degree': 4, 'gamma': 100, 'kernel': 'poly', 'random_state': 4}",4,0.4473684210526316,0.6071428571428571,0.462089946936336,0.8994904167934286,0.4115223114279384,1.0,1.0,1.0,1.0,1.0,0.5897668680008792
SVC_poly,"{'C': 0.05, 'degree': 4, 'gamma': 100, 'kernel': 'poly', 'random_state': 4}",5,0.5161290322580645,0.5333333333333333,0.5082557759611612,0.8822280677465503,0.4920656862690062,1.0,1.0,1.0,1.0,1.0,0.7286256349980249
SVC_poly,"{'C': 0.05, 'degree': 4, 'gamma': 'auto', 'kernel': 'poly', 'random_state': 4}",1,0.5217391304347826,0.8571428571428571,0.7395163887852374,0.9036344628251644,0.771552990409011,0.6540880503144654,0.9811320754716981,0.9574957612564348,0.9967869838665573,0.9574933290547419,0.3340948679979192
SVC_poly,"{'C': 0.05, 'degree': 4, 'gamma': 'auto', 'kernel': 'poly', 'random_state': 4}",2,0.3333333333333333,0.5909090909090909,0.5713610078437492,0.9022969312404914,0.4500880536837767,0.6703296703296703,0.9838709677419355,0.9538849839954436,0.9963539910006719,0.9538801912590293,0.3594670099992072
SVC_poly,"{'C': 0.05, 'degree': 4, 'gamma': 'auto', 'kernel': 'poly', 'random_state': 4}",3,0.35294117647058826,0.8,0.5879609727751822,0.9186105476673427,0.5687145690631621,0.669683257918552,0.9801324503311258,0.9598658348023605,0.9968000340244865,0.959859743207939,0.44338490500012995
SVC_poly,"{'C': 0.05, 'degree': 4, 'gamma': 'auto', 'kernel': 'poly', 'random_state': 4}",4,0.2894736842105263,0.7857142857142857,0.5513655298289786,0.9305597809552784,0.506486606328215,0.6784313725490196,0.9829545454545454,0.9533080330417898,0.995826581079659,0.9533070544544295,0.5373283289991377
SVC_poly,"{'C': 0.05, 'degree': 4, 'gamma': 'auto', 'kernel': 'poly', 'random_state': 4}",5,0.45161290322580644,0.7368421052631579,0.6106550701972787,0.9312843232267294,0.5885205761846195,0.6552901023890785,0.9896907216494846,0.9524575247140014,0.9950918872166317,0.9524542190382257,0.624023431999376
SVC_poly,"{'C': 0.1, 'degree': 2, 'gamma': 0.01, 'kernel': 'poly', 'random_state': 4}",1,0.13043478260869565,1.0,0.7675822160334568,0.9820429247893734,0.807073443440455,0.1320754716981132,1.0,0.7564196678378189,0.9780341954147057,0.7562378029404236,0.32480320900140214
SVC_poly,"{'C': 0.1, 'degree': 2, 'gamma': 0.01, 'kernel': 'poly', 'random_state': 4}",2,0.20512820512820512,1.0,0.6375880117051558,0.953838732420498,0.5933169641609993,0.17582417582417584,1.0,0.76895124288909,0.9769683088740905,0.7688265160437828,0.3529930549993878
SVC_poly,"{'C': 0.1, 'degree': 2, 'gamma': 0.01, 'kernel': 'poly', 'random_state': 4}",3,0.08823529411764706,0.6,0.6164559178484983,0.9471771467207573,0.598855807659481,0.21266968325791855,0.9591836734693877,0.7598649051946085,0.9790915831926432,0.7598438158371795,0.4057079859994701
SVC_poly,"{'C': 0.1, 'degree': 2, 'gamma': 0.01, 'kernel': 'poly', 'random_state': 4}",4,0.13157894736842105,1.0,0.6204260412244861,0.933107696988135,0.5917293323501374,0.21568627450980393,0.9322033898305084,0.7510648028632743,0.9756673331228735,0.7510193573550652,0.4991611000004923
SVC_poly,"{'C': 0.1, 'degree': 2, 'gamma': 0.01, 'kernel': 'poly', 'random_state': 4}",5,0.3548387096774194,0.9166666666666666,0.6910347883672048,0.9431445844293692,0.6969566149988531,0.20819112627986347,0.9384615384615385,0.737649234303917,0.970271527186946,0.7375984312068871,0.5613598500021908
SVC_poly,"{'C': 0.1, 'degree': 2, 'gamma': 0.1, 'kernel': 'poly', 'random_state': 4}",1,0.6521739130434783,0.6818181818181818,0.7509469359371874,0.9263882910030132,0.7801381553947828,0.8930817610062893,0.9466666666666667,0.9660783802939722,0.9971108040815739,0.9657093090775641,0.3388305209991813
SVC_poly,"{'C': 0.1, 'degree': 2, 'gamma': 0.1, 'kernel': 'poly', 'random_state': 4}",2,0.46153846153846156,0.6206896551724138,0.6372720411173479,0.9581431593009018,0.5839290662110251,0.8736263736263736,0.9695121951219512,0.9634240421589209,0.996935731411106,0.9630522368404667,0.5224532350002846
SVC_poly,"{'C': 0.1, 'degree': 2, 'gamma': 0.1, 'kernel': 'poly', 'random_state': 4}",3,0.47058823529411764,0.6153846153846154,0.5885718079376656,0.9359364435429345,0.5718552241332225,0.8552036199095022,0.9593908629441624,0.9600596661803813,0.9965540961598559,0.9596087633418929,0.8762407579997671
SVC_poly,"{'C': 0.1, 'degree': 2, 'gamma': 0.1, 'kernel': 'poly', 'random_state': 4}",4,0.5263157894736842,0.6666666666666666,0.6290490159936499,0.9596516580468513,0.5938017475042446,0.8352941176470589,0.9466666666666667,0.955717915953804,0.9958399102037954,0.9557141653467588,1.0338737449965265
SVC_poly,"{'C': 0.1, 'degree': 2, 'gamma': 0.1, 'kernel': 'poly', 'random_state': 4}",5,0.5806451612903226,0.72,0.6693874496640734,0.9558816742812313,0.6727793558570491,0.7986348122866894,0.9512195121951219,0.9477155915273092,0.9933810562276095,0.9473765223594618,1.036881418000121
SVC_poly,"{'C': 0.1, 'degree': 2, 'gamma': 1, 'kernel': 'poly', 'random_state': 4}",1,0.6521739130434783,0.625,0.6873138738861274,0.9281102023245803,0.7249942990485888,1.0,1.0,1.0,1.0,1.0,0.3706656450012815
SVC_poly,"{'C': 0.1, 'degree': 2, 'gamma': 1, 'kernel': 'poly', 'random_state': 4}",2,0.5641025641025641,0.5641025641025641,0.6081878060327757,0.9536903039073805,0.5547207210848386,1.0,1.0,1.0,1.0,1.0,0.42173664000074496
SVC_poly,"{'C': 0.1, 'degree': 2, 'gamma': 1, 'kernel': 'poly', 'random_state': 4}",3,0.5,0.5862068965517241,0.6207822901229935,0.9454445571331981,0.607159815061274,1.0,1.0,1.0,1.0,1.0,0.5478576719979174
SVC_poly,"{'C': 0.1, 'degree': 2, 'gamma': 1, 'kernel': 'poly', 'random_state': 4}",4,0.5263157894736842,0.6060606060606061,0.5165337368721814,0.9178202007909948,0.46353721864393654,1.0,1.0,1.0,1.0,1.0,0.6631130969981314
SVC_poly,"{'C': 0.1, 'degree': 2, 'gamma': 1, 'kernel': 'poly', 'random_state': 4}",5,0.4838709677419355,0.4838709677419355,0.4982142236927099,0.9314227698555541,0.5076490965465076,1.0,1.0,1.0,1.0,1.0,0.9663137520001328
SVC_poly,"{'C': 0.1, 'degree': 2, 'gamma': 10, 'kernel': 'poly', 'random_state': 4}",1,0.6521739130434783,0.625,0.6873138738861274,0.9281102023245803,0.7249942990485888,1.0,1.0,1.0,1.0,1.0,0.37019253299877164
SVC_poly,"{'C': 0.1, 'degree': 2, 'gamma': 10, 'kernel': 'poly', 'random_state': 4}",2,0.5641025641025641,0.5641025641025641,0.6081878060327757,0.9536903039073805,0.5547207210848386,1.0,1.0,1.0,1.0,1.0,0.416957874000218
SVC_poly,"{'C': 0.1, 'degree': 2, 'gamma': 10, 'kernel': 'poly', 'random_state': 4}",3,0.5,0.5862068965517241,0.6207822901229935,0.9454445571331981,0.607159815061274,1.0,1.0,1.0,1.0,1.0,0.5560090750004747
SVC_poly,"{'C': 0.1, 'degree': 2, 'gamma': 10, 'kernel': 'poly', 'random_state': 4}",4,0.5263157894736842,0.6060606060606061,0.5165337368721814,0.9178202007909948,0.46353721864393654,1.0,1.0,1.0,1.0,1.0,0.7306484580003598
SVC_poly,"{'C': 0.1, 'degree': 2, 'gamma': 10, 'kernel': 'poly', 'random_state': 4}",5,0.4838709677419355,0.4838709677419355,0.4982142236927099,0.9314227698555541,0.5076490965465076,1.0,1.0,1.0,1.0,1.0,0.9459004290001758
SVC_poly,"{'C': 0.1, 'degree': 2, 'gamma': 100, 'kernel': 'poly', 'random_state': 4}",1,0.6521739130434783,0.625,0.6873138738861274,0.9281102023245803,0.7249942990485888,1.0,1.0,1.0,1.0,1.0,0.4050064270013536
SVC_poly,"{'C': 0.1, 'degree': 2, 'gamma': 100, 'kernel': 'poly', 'random_state': 4}",2,0.5641025641025641,0.5641025641025641,0.6082520820691354,0.9537274110356599,0.5547776703966594,1.0,1.0,1.0,1.0,1.0,0.40338314100154093
SVC_poly,"{'C': 0.1, 'degree': 2, 'gamma': 100, 'kernel': 'poly', 'random_state': 4}",3,0.5,0.5862068965517241,0.6207822901229935,0.9454445571331981,0.607159815061274,1.0,1.0,1.0,1.0,1.0,0.5652334159967722
SVC_poly,"{'C': 0.1, 'degree': 2, 'gamma': 100, 'kernel': 'poly', 'random_state': 4}",4,0.5263157894736842,0.6060606060606061,0.5165337368721814,0.9178202007909948,0.46353721864393654,1.0,1.0,1.0,1.0,1.0,0.7346937189977325
SVC_poly,"{'C': 0.1, 'degree': 2, 'gamma': 100, 'kernel': 'poly', 'random_state': 4}",5,0.4838709677419355,0.4838709677419355,0.4982142236927099,0.9314227698555541,0.5076490965465076,1.0,1.0,1.0,1.0,1.0,0.9338334469975962
SVC_poly,"{'C': 0.1, 'degree': 2, 'gamma': 'auto', 'kernel': 'poly', 'random_state': 4}",1,0.34782608695652173,1.0,0.7614330462722501,0.9289096611524505,0.7926918097841874,0.39622641509433965,0.9545454545454546,0.8354229004352027,0.9863653699466056,0.8353222907561499,0.32542525100143394
SVC_poly,"{'C': 0.1, 'degree': 2, 'gamma': 'auto', 'kernel': 'poly', 'random_state': 4}",2,0.3333333333333333,0.9285714285714286,0.6929026570444988,0.9647111210063453,0.6520584410178856,0.41208791208791207,0.9493670886075949,0.8315848795122907,0.9864670185869329,0.8315631632219467,0.35193389900086913
SVC_poly,"{'C': 0.1, 'degree': 2, 'gamma': 'auto', 'kernel': 'poly', 'random_state': 4}",3,0.23529411764705882,0.8,0.6212148841835241,0.9435006761325219,0.6007713384670932,0.39819004524886875,0.9565217391304348,0.8295185058061898,0.9869606702823848,0.8295101931368533,0.6007386960009171
SVC_poly,"{'C': 0.1, 'degree': 2, 'gamma': 'auto', 'kernel': 'poly', 'random_state': 4}",4,0.21052631578947367,0.8888888888888888,0.6387627351165519,0.9328795254031031,0.6108699997043764,0.4,0.9272727272727272,0.8184299895762722,0.9840836227156335,0.8183840437927719,0.9689767480012961
SVC_poly,"{'C': 0.1, 'degree': 2, 'gamma': 'auto', 'kernel': 'poly', 'random_state': 4}",5,0.41935483870967744,0.8666666666666667,0.7202190442261444,0.9511744889011953,0.7262121779061277,0.3856655290102389,0.9186991869918699,0.8042432510811865,0.9779765145119108,0.8042185719595023,1.0992539889994077
SVC_poly,"{'C': 0.1, 'degree': 3, 'gamma': 0.01, 'kernel': 'poly', 'random_state': 4}",1,0.30434782608695654,1.0,0.7042237245966978,0.9036344628251646,0.7420370718031257,0.36477987421383645,1.0,0.8425235803420503,0.9895028280298778,0.8425127969423413,0.5935618049988989
SVC_poly,"{'C': 0.1, 'degree': 3, 'gamma': 0.01, 'kernel': 'poly', 'random_state': 4}",2,0.3076923076923077,0.9230769230769231,0.6911585977994562,0.9721325466622137,0.6461776588176835,0.3901098901098901,1.0,0.8490822034094263,0.9899051697766902,0.849077632874801,0.5184326960006729
SVC_poly,"{'C': 0.1, 'degree': 3, 'gamma': 0.01, 'kernel': 'poly', 'random_state': 4}",3,0.17647058823529413,0.75,0.6467601566430706,0.9471348884381339,0.6230929010359,0.3665158371040724,0.9759036144578314,0.848346055900747,0.9900441393746522,0.8483384461414695,0.4158778330020141
SVC_poly,"{'C': 0.1, 'degree': 3, 'gamma': 0.01, 'kernel': 'poly', 'random_state': 4}",4,0.15789473684210525,0.8571428571428571,0.6404972966982417,0.9610967447520535,0.6064450255628391,0.37254901960784315,0.9405940594059405,0.8390127524461448,0.9894405275527026,0.8389899573307356,0.4923042090013041
SVC_poly,"{'C': 0.1, 'degree': 3, 'gamma': 0.01, 'kernel': 'poly', 'random_state': 4}",5,0.3870967741935484,0.8571428571428571,0.674455800383618,0.95463565462181,0.6781909747744885,0.36177474402730375,0.9380530973451328,0.8280155465846224,0.9852669689551271,0.828006694018963,0.5626512819981144
SVC_poly,"{'C': 0.1, 'degree': 3, 'gamma': 0.1, 'kernel': 'poly', 'random_state': 4}",1,0.6956521739130435,0.7272727272727273,0.734510582780495,0.8891212102576717,0.7552961473752692,1.0,1.0,1.0,1.0,1.0,0.35270526000022073
SVC_poly,"{'C': 0.1, 'degree': 3, 'gamma': 0.1, 'kernel': 'poly', 'random_state': 4}",2,0.5128205128205128,0.6451612903225806,0.6046886380341038,0.9302385988348362,0.5472855030380739,1.0,1.0,1.0,1.0,1.0,0.42069144600100117
SVC_poly,"{'C': 0.1, 'degree': 3, 'gamma': 0.1, 'kernel': 'poly', 'random_state': 4}",3,0.5,0.6538461538461539,0.6235829769568431,0.917131507775524,0.61070139283969,1.0,1.0,1.0,1.0,1.0,0.475396013000136
SVC_poly,"{'C': 0.1, 'degree': 3, 'gamma': 0.1, 'kernel': 'poly', 'random_state': 4}",4,0.5263157894736842,0.6666666666666666,0.5167519522219362,0.9287344082750228,0.4637263064730452,1.0,1.0,1.0,1.0,1.0,0.5886438870002166
SVC_poly,"{'C': 0.1, 'degree': 3, 'gamma': 0.1, 'kernel': 'poly', 'random_state': 4}",5,0.6129032258064516,0.5588235294117647,0.58817239764599,0.9385758456781578,0.5328281309058563,1.0,1.0,1.0,1.0,1.0,0.7611134929975378
SVC_poly,"{'C': 0.1, 'degree': 3, 'gamma': 1, 'kernel': 'poly', 'random_state': 4}",1,0.6956521739130435,0.7272727272727273,0.734510582780495,0.8891212102576717,0.7552961473752692,1.0,1.0,1.0,1.0,1.0,0.3474029429999064
SVC_poly,"{'C': 0.1, 'degree': 3, 'gamma': 1, 'kernel': 'poly', 'random_state': 4}",2,0.5128205128205128,0.6451612903225806,0.6046886380341038,0.9302385988348362,0.5472855030380739,1.0,1.0,1.0,1.0,1.0,0.3954036239993002
SVC_poly,"{'C': 0.1, 'degree': 3, 'gamma': 1, 'kernel': 'poly', 'random_state': 4}",3,0.5,0.6538461538461539,0.6236094716814112,0.9171737660581474,0.6107265101613351,1.0,1.0,1.0,1.0,1.0,0.4859833729969978
SVC_poly,"{'C': 0.1, 'degree': 3, 'gamma': 1, 'kernel': 'poly', 'random_state': 4}",4,0.5263157894736842,0.6666666666666666,0.5167519522219362,0.9287344082750228,0.4637263064730452,1.0,1.0,1.0,1.0,1.0,0.5660020129980694
SVC_poly,"{'C': 0.1, 'degree': 3, 'gamma': 1, 'kernel': 'poly', 'random_state': 4}",5,0.6129032258064516,0.5588235294117647,0.58817239764599,0.9385758456781578,0.5328281309058563,1.0,1.0,1.0,1.0,1.0,0.7778012130002026
SVC_poly,"{'C': 0.1, 'degree': 3, 'gamma': 10, 'kernel': 'poly', 'random_state': 4}",1,0.6956521739130435,0.7272727272727273,0.734510582780495,0.8891212102576717,0.7552961473752692,1.0,1.0,1.0,1.0,1.0,0.34213100799752283
SVC_poly,"{'C': 0.1, 'degree': 3, 'gamma': 10, 'kernel': 'poly', 'random_state': 4}",2,0.5128205128205128,0.6451612903225806,0.6046886380341038,0.9302385988348362,0.5472855030380739,1.0,1.0,1.0,1.0,1.0,0.40208426199751557
SVC_poly,"{'C': 0.1, 'degree': 3, 'gamma': 10, 'kernel': 'poly', 'random_state': 4}",3,0.5,0.6538461538461539,0.6235829769568431,0.917131507775524,0.61070139283969,1.0,1.0,1.0,1.0,1.0,0.48068099200099823
SVC_poly,"{'C': 0.1, 'degree': 3, 'gamma': 10, 'kernel': 'poly', 'random_state': 4}",4,0.5263157894736842,0.6666666666666666,0.5167519522219362,0.9287344082750228,0.4637263064730452,1.0,1.0,1.0,1.0,1.0,0.6607592460022715
SVC_poly,"{'C': 0.1, 'degree': 3, 'gamma': 10, 'kernel': 'poly', 'random_state': 4}",5,0.6129032258064516,0.5588235294117647,0.58817239764599,0.9385758456781578,0.5328281309058563,1.0,1.0,1.0,1.0,1.0,0.7719223610001791
SVC_poly,"{'C': 0.1, 'degree': 3, 'gamma': 100, 'kernel': 'poly', 'random_state': 4}",1,0.6956521739130435,0.7272727272727273,0.734510582780495,0.8891212102576717,0.7552961473752692,1.0,1.0,1.0,1.0,1.0,0.34334030199897825
SVC_poly,"{'C': 0.1, 'degree': 3, 'gamma': 100, 'kernel': 'poly', 'random_state': 4}",2,0.5128205128205128,0.6451612903225806,0.6046886380341038,0.9302385988348362,0.5472855030380739,1.0,1.0,1.0,1.0,1.0,0.5796106889974908
SVC_poly,"{'C': 0.1, 'degree': 3, 'gamma': 100, 'kernel': 'poly', 'random_state': 4}",3,0.5,0.6538461538461539,0.6235829769568431,0.917131507775524,0.61070139283969,1.0,1.0,1.0,1.0,1.0,0.8123419500007003
SVC_poly,"{'C': 0.1, 'degree': 3, 'gamma': 100, 'kernel': 'poly', 'random_state': 4}",4,0.5263157894736842,0.6666666666666666,0.5167519522219362,0.9287344082750228,0.4637263064730452,1.0,1.0,1.0,1.0,1.0,1.004419085002155
SVC_poly,"{'C': 0.1, 'degree': 3, 'gamma': 100, 'kernel': 'poly', 'random_state': 4}",5,0.6129032258064516,0.5588235294117647,0.58817239764599,0.9385758456781578,0.5328281309058563,1.0,1.0,1.0,1.0,1.0,1.2450756880025438
SVC_poly,"{'C': 0.1, 'degree': 3, 'gamma': 'auto', 'kernel': 'poly', 'random_state': 4}",1,0.4782608695652174,1.0,0.7291101414772988,0.9025275198327285,0.7608975210489943,0.610062893081761,0.9897959183673469,0.942563212790862,0.9961393434365241,0.9425512085161204,0.33603950799806626
SVC_poly,"{'C': 0.1, 'degree': 3, 'gamma': 'auto', 'kernel': 'poly', 'random_state': 4}",2,0.358974358974359,0.7368421052631579,0.6296566344369766,0.9397009165460685,0.5757372045191299,0.6153846153846154,0.9824561403508771,0.942314231137455,0.9961343676547103,0.9423034490132567,0.3410650480000186
SVC_poly,"{'C': 0.1, 'degree': 3, 'gamma': 'auto', 'kernel': 'poly', 'random_state': 4}",3,0.35294117647058826,0.631578947368421,0.6213868449466976,0.9347532116294793,0.6057018006281655,0.5972850678733032,0.9777777777777777,0.9360323789370856,0.9954473757690181,0.9360274878466153,0.42788975100120297
SVC_poly,"{'C': 0.1, 'degree': 3, 'gamma': 'auto', 'kernel': 'poly', 'random_state': 4}",4,0.2894736842105263,0.8461538461538461,0.6217328130247904,0.9584347429266808,0.5832834145336423,0.6078431372549019,0.9567901234567902,0.9269364683842561,0.9950401627556209,0.9269320752481401,0.5057179950017598
SVC_poly,"{'C': 0.1, 'degree': 3, 'gamma': 'auto', 'kernel': 'poly', 'random_state': 4}",5,0.4838709677419355,0.75,0.6655069965578002,0.9436522220683926,0.5762059489403292,0.5767918088737202,0.9657142857142857,0.9169943488403696,0.99322893406917,0.9169877181393384,0.5850722360009968
SVC_poly,"{'C': 0.1, 'degree': 4, 'gamma': 0.01, 'kernel': 'poly', 'random_state': 4}",1,0.391304347826087,0.9,0.7001220045645704,0.9028350039972941,0.7387928761589021,0.46540880503144655,0.9736842105263158,0.8813562382029361,0.9832962739087259,0.8813358132950284,0.3339128299994627
SVC_poly,"{'C': 0.1, 'degree': 4, 'gamma': 0.01, 'kernel': 'poly', 'random_state': 4}",2,0.3076923076923077,0.8,0.5841966740742379,0.8975843259490147,0.5239193470828194,0.46153846153846156,0.9767441860465116,0.8908151730112449,0.9892345342024143,0.8907948121259582,0.3590066910001042
SVC_poly,"{'C': 0.1, 'degree': 4, 'gamma': 0.01, 'kernel': 'poly', 'random_state': 4}",3,0.17647058823529413,0.75,0.5532524683104522,0.9087221095334685,0.5377290222670724,0.45248868778280543,0.9900990099009901,0.8876233357258938,0.9900154774430598,0.8876182405002275,0.44974128100147936
SVC_poly,"{'C': 0.1, 'degree': 4, 'gamma': 0.01, 'kernel': 'poly', 'random_state': 4}",4,0.13157894736842105,0.7142857142857143,0.5298166640947398,0.8971706723456039,0.49204856194232194,0.42745098039215684,0.9732142857142857,0.8819091710947128,0.9889256024413344,0.8818918274863519,0.5126476719997299
SVC_poly,"{'C': 0.1, 'degree': 4, 'gamma': 0.01, 'kernel': 'poly', 'random_state': 4}",5,0.3548387096774194,0.8461538461538461,0.6009470774623009,0.9104711800267663,0.5716234748882825,0.40273037542662116,0.9672131147540983,0.8709337237527373,0.9854799399769426,0.8709089124542471,0.6193874069977028
SVC_poly,"{'C': 0.1, 'degree': 4, 'gamma': 0.1, 'kernel': 'poly', 'random_state': 4}",1,0.6956521739130435,0.8421052631578947,0.7214028979431919,0.8460734272184982,0.7405846671711696,1.0,1.0,1.0,1.0,1.0,0.3503213889998733
SVC_poly,"{'C': 0.1, 'degree': 4, 'gamma': 0.1, 'kernel': 'poly', 'random_state': 4}",2,0.48717948717948717,0.7037037037037037,0.5638589320537608,0.85383502170767,0.5100153079103275,1.0,1.0,1.0,1.0,1.0,0.39800540400028694
SVC_poly,"{'C': 0.1, 'degree': 4, 'gamma': 0.1, 'kernel': 'poly', 'random_state': 4}",3,0.4411764705882353,0.6521739130434783,0.5054179962472951,0.8749999999999999,0.4881980629375334,1.0,1.0,1.0,1.0,1.0,0.5019898070022464
SVC_poly,"{'C': 0.1, 'degree': 4, 'gamma': 0.1, 'kernel': 'poly', 'random_state': 4}",4,0.4473684210526316,0.6071428571428571,0.46209400156814445,0.8995284453909339,0.4115257656279221,1.0,1.0,1.0,1.0,1.0,0.5720418900018558
SVC_poly,"{'C': 0.1, 'degree': 4, 'gamma': 0.1, 'kernel': 'poly', 'random_state': 4}",5,0.5161290322580645,0.5333333333333333,0.5082557759611612,0.8822280677465503,0.4920656862690062,1.0,1.0,1.0,1.0,1.0,0.6935546519998752
SVC_poly,"{'C': 0.1, 'degree': 4, 'gamma': 1, 'kernel': 'poly', 'random_state': 4}",1,0.6956521739130435,0.8421052631578947,0.7214028979431919,0.8460734272184982,0.7405846671711696,1.0,1.0,1.0,1.0,1.0,0.34777304499948514
SVC_poly,"{'C': 0.1, 'degree': 4, 'gamma': 1, 'kernel': 'poly', 'random_state': 4}",2,0.48717948717948717,0.7037037037037037,0.5638589320537608,0.85383502170767,0.5100153079103275,1.0,1.0,1.0,1.0,1.0,0.42485373800082016
SVC_poly,"{'C': 0.1, 'degree': 4, 'gamma': 1, 'kernel': 'poly', 'random_state': 4}",3,0.4411764705882353,0.6521739130434783,0.5054179962472951,0.8749999999999999,0.4881980629375334,1.0,1.0,1.0,1.0,1.0,0.46786067799985176
SVC_poly,"{'C': 0.1, 'degree': 4, 'gamma': 1, 'kernel': 'poly', 'random_state': 4}",4,0.4473684210526316,0.6071428571428571,0.46209400156814445,0.8995284453909339,0.4115257656279221,1.0,1.0,1.0,1.0,1.0,0.5570691089997126
SVC_poly,"{'C': 0.1, 'degree': 4, 'gamma': 1, 'kernel': 'poly', 'random_state': 4}",5,0.5161290322580645,0.5333333333333333,0.5082557759611612,0.8822280677465503,0.4920656862690062,1.0,1.0,1.0,1.0,1.0,0.7450632559994119
SVC_poly,"{'C': 0.1, 'degree': 4, 'gamma': 10, 'kernel': 'poly', 'random_state': 4}",1,0.6956521739130435,0.8421052631578947,0.7214028979431919,0.8460734272184982,0.7405846671711696,1.0,1.0,1.0,1.0,1.0,0.3487521860006382
SVC_poly,"{'C': 0.1, 'degree': 4, 'gamma': 10, 'kernel': 'poly', 'random_state': 4}",2,0.48717948717948717,0.7037037037037037,0.5638589320537608,0.85383502170767,0.5100153079103275,1.0,1.0,1.0,1.0,1.0,0.6696215569972992
SVC_poly,"{'C': 0.1, 'degree': 4, 'gamma': 10, 'kernel': 'poly', 'random_state': 4}",3,0.4411764705882353,0.6521739130434783,0.5054179962472951,0.8749999999999999,0.4881980629375334,1.0,1.0,1.0,1.0,1.0,0.9190281390001473
SVC_poly,"{'C': 0.1, 'degree': 4, 'gamma': 10, 'kernel': 'poly', 'random_state': 4}",4,0.4473684210526316,0.6071428571428571,0.462089946936336,0.8994904167934286,0.4115223114279384,1.0,1.0,1.0,1.0,1.0,1.139807646999543
SVC_poly,"{'C': 0.1, 'degree': 4, 'gamma': 10, 'kernel': 'poly', 'random_state': 4}",5,0.5161290322580645,0.5333333333333333,0.5082557759611612,0.8822280677465503,0.4920656862690062,1.0,1.0,1.0,1.0,1.0,1.0275020239969308
SVC_poly,"{'C': 0.1, 'degree': 4, 'gamma': 100, 'kernel': 'poly', 'random_state': 4}",1,0.6956521739130435,0.8421052631578947,0.7214028979431919,0.8460734272184982,0.7405846671711696,1.0,1.0,1.0,1.0,1.0,0.3577142260000983
SVC_poly,"{'C': 0.1, 'degree': 4, 'gamma': 100, 'kernel': 'poly', 'random_state': 4}",2,0.48717948717948717,0.7037037037037037,0.5638589320537608,0.85383502170767,0.5100153079103275,1.0,1.0,1.0,1.0,1.0,0.40486257299926365
SVC_poly,"{'C': 0.1, 'degree': 4, 'gamma': 100, 'kernel': 'poly', 'random_state': 4}",3,0.4411764705882353,0.6521739130434783,0.5054179962472951,0.8749999999999999,0.4881980629375334,1.0,1.0,1.0,1.0,1.0,0.513428793001367
SVC_poly,"{'C': 0.1, 'degree': 4, 'gamma': 100, 'kernel': 'poly', 'random_state': 4}",4,0.4473684210526316,0.6071428571428571,0.462089946936336,0.8994904167934286,0.4115223114279384,1.0,1.0,1.0,1.0,1.0,0.5887823729972297
SVC_poly,"{'C': 0.1, 'degree': 4, 'gamma': 100, 'kernel': 'poly', 'random_state': 4}",5,0.5161290322580645,0.5333333333333333,0.5082557759611612,0.8822280677465503,0.4920656862690062,1.0,1.0,1.0,1.0,1.0,0.7369645079998008
SVC_poly,"{'C': 0.1, 'degree': 4, 'gamma': 'auto', 'kernel': 'poly', 'random_state': 4}",1,0.5217391304347826,0.9230769230769231,0.7709080394762017,0.9046799089846872,0.796189224555675,0.7232704402515723,0.9913793103448276,0.9805257397141514,0.9988558352402747,0.9805207102655219,0.3233784510011901
SVC_poly,"{'C': 0.1, 'degree': 4, 'gamma': 'auto', 'kernel': 'poly', 'random_state': 4}",2,0.4358974358974359,0.6538461538461539,0.5771958493964715,0.8878993654681064,0.4663076961998332,0.7362637362637363,0.9925925925925926,0.9769549869277532,0.9983750486962478,0.9769486403429926,0.3921743659993808
SVC_poly,"{'C': 0.1, 'degree': 4, 'gamma': 'auto', 'kernel': 'poly', 'random_state': 4}",3,0.3235294117647059,0.6111111111111112,0.5711295551819944,0.9078769438810007,0.5549723394019198,0.751131221719457,0.9940119760479041,0.9796033288126874,0.9985918670382239,0.9795979766173878,0.44269829200129607
SVC_poly,"{'C': 0.1, 'degree': 4, 'gamma': 'auto', 'kernel': 'poly', 'random_state': 4}",4,0.3684210526315789,0.6666666666666666,0.5334573140397162,0.9417401886218436,0.4770342768460432,0.7529411764705882,0.9896907216494846,0.9771250548368284,0.9983275456873268,0.9771231595491426,0.5189143269999477
SVC_poly,"{'C': 0.1, 'degree': 4, 'gamma': 'auto', 'kernel': 'poly', 'random_state': 4}",5,0.45161290322580644,0.6666666666666666,0.5900755868231007,0.932761087267525,0.5687358506358846,0.7303754266211604,0.9907407407407407,0.9734749042287606,0.9979637362506016,0.973470933493053,0.6678536729996267
SVC_poly,"{'C': 1, 'degree': 2, 'gamma': 0.01, 'kernel': 'poly', 'random_state': 4}",1,0.4782608695652174,1.0,0.7587648080188975,0.9374577209273722,0.7899155493474775,0.5157232704402516,0.9425287356321839,0.8823298406080209,0.9908754659413093,0.8823162298052203,0.308035944999574
SVC_poly,"{'C': 1, 'degree': 2, 'gamma': 0.01, 'kernel': 'poly', 'random_state': 4}",2,0.358974358974359,0.8235294117647058,0.69056973029129,0.960666444023897,0.6532435051947119,0.532967032967033,0.941747572815534,0.8850402251010693,0.9912059151887846,0.8850288838563942,0.36149134899824276
SVC_poly,"{'C': 1, 'degree': 2, 'gamma': 0.01, 'kernel': 'poly', 'random_state': 4}",3,0.3235294117647059,0.7857142857142857,0.6494544930174977,0.9400354969574036,0.6327039959203156,0.5067873303167421,0.9333333333333333,0.8804603634032789,0.9908845811752133,0.880455539848649,0.40239464200203656
SVC_poly,"{'C': 1, 'degree': 2, 'gamma': 0.01, 'kernel': 'poly', 'random_state': 4}",4,0.2631578947368421,0.9090909090909091,0.6397315713868404,0.9399528445390934,0.609479621043488,0.5411764705882353,0.9019607843137255,0.8660361862835472,0.9877771931670701,0.8660099720209945,0.4789878029987449
SVC_poly,"{'C': 1, 'degree': 2, 'gamma': 0.01, 'kernel': 'poly', 'random_state': 4}",5,0.41935483870967744,0.8125,0.7194614195204404,0.9615579860630394,0.7259848654631218,0.5119453924914675,0.9036144578313253,0.8517583551580935,0.9830927086762874,0.8517387013037121,0.5551394549984252
SVC_poly,"{'C': 1, 'degree': 2, 'gamma': 0.1, 'kernel': 'poly', 'random_state': 4}",1,0.6956521739130435,0.6153846153846154,0.6982915230299908,0.9311235471373224,0.735112742406362,1.0,0.99375,0.9999605682132827,0.9999982009988054,0.9999605682132827,0.38657196200074395
SVC_poly,"{'C': 1, 'degree': 2, 'gamma': 0.1, 'kernel': 'poly', 'random_state': 4}",2,0.5641025641025641,0.5945945945945946,0.6494941383489665,0.96445137110839,0.596182462570686,0.989010989010989,0.994475138121547,0.9999396199073027,0.9999973854363576,0.9999396189958639,0.4209686469985172
SVC_poly,"{'C': 1, 'degree': 2, 'gamma': 0.1, 'kernel': 'poly', 'random_state': 4}",3,0.5294117647058824,0.6206896551724138,0.6123432910586428,0.9483181203515888,0.5973053818659568,0.995475113122172,0.995475113122172,0.9953247004937751,0.9998677852833001,0.9944473512976861,0.5172497439998551
SVC_poly,"{'C': 1, 'degree': 2, 'gamma': 0.1, 'kernel': 'poly', 'random_state': 4}",4,0.5789473684210527,0.6470588235294118,0.5595237707034858,0.9351232126559172,0.5179026859328381,0.9921568627450981,0.9921568627450981,0.9959561593607147,0.9998835455470202,0.9952354601614659,0.6718037969985744
SVC_poly,"{'C': 1, 'degree': 2, 'gamma': 0.1, 'kernel': 'poly', 'random_state': 4}",5,0.5161290322580645,0.47058823529411764,0.5267654718146227,0.9209469749411602,0.5326717068491665,0.9692832764505119,0.9964912280701754,0.992450798106965,0.9995382005904513,0.990596556055818,1.1136496769977384
SVC_poly,"{'C': 1, 'degree': 2, 'gamma': 1, 'kernel': 'poly', 'random_state': 4}",1,0.6521739130434783,0.625,0.6873138738861274,0.9281102023245803,0.7249942990485888,1.0,1.0,1.0,1.0,1.0,0.5973706030017638
SVC_poly,"{'C': 1, 'degree': 2, 'gamma': 1, 'kernel': 'poly', 'random_state': 4}",2,0.5641025641025641,0.5641025641025641,0.6081878060327757,0.9536903039073805,0.5547207210848386,1.0,1.0,1.0,1.0,1.0,0.740778600997146
SVC_poly,"{'C': 1, 'degree': 2, 'gamma': 1, 'kernel': 'poly', 'random_state': 4}",3,0.5,0.5862068965517241,0.6207822901229935,0.9454445571331981,0.607159815061274,1.0,1.0,1.0,1.0,1.0,1.0481474210027955
SVC_poly,"{'C': 1, 'degree': 2, 'gamma': 1, 'kernel': 'poly', 'random_state': 4}",4,0.5263157894736842,0.6060606060606061,0.5165337368721814,0.9178202007909948,0.46353721864393654,1.0,1.0,1.0,1.0,1.0,0.8567963450004754
SVC_poly,"{'C': 1, 'degree': 2, 'gamma': 1, 'kernel': 'poly', 'random_state': 4}",5,0.4838709677419355,0.4838709677419355,0.4982142236927099,0.9314227698555541,0.5076490965465076,1.0,1.0,1.0,1.0,1.0,0.9674281570005405
SVC_poly,"{'C': 1, 'degree': 2, 'gamma': 10, 'kernel': 'poly', 'random_state': 4}",1,0.6521739130434783,0.625,0.6873138738861274,0.9281102023245803,0.7249942990485888,1.0,1.0,1.0,1.0,1.0,0.3686917340019136
SVC_poly,"{'C': 1, 'degree': 2, 'gamma': 10, 'kernel': 'poly', 'random_state': 4}",2,0.5641025641025641,0.5641025641025641,0.6081878060327757,0.9536903039073805,0.5547207210848386,1.0,1.0,1.0,1.0,1.0,0.42933280599754653
SVC_poly,"{'C': 1, 'degree': 2, 'gamma': 10, 'kernel': 'poly', 'random_state': 4}",3,0.5,0.5862068965517241,0.6207822901229935,0.9454445571331981,0.607159815061274,1.0,1.0,1.0,1.0,1.0,0.5368757420001202
SVC_poly,"{'C': 1, 'degree': 2, 'gamma': 10, 'kernel': 'poly', 'random_state': 4}",4,0.5263157894736842,0.6060606060606061,0.5165337368721814,0.9178202007909948,0.46353721864393654,1.0,1.0,1.0,1.0,1.0,0.7261879689976922
SVC_poly,"{'C': 1, 'degree': 2, 'gamma': 10, 'kernel': 'poly', 'random_state': 4}",5,0.4838709677419355,0.4838709677419355,0.4982142236927099,0.9314227698555541,0.5076490965465076,1.0,1.0,1.0,1.0,1.0,0.9379738190000353
SVC_poly,"{'C': 1, 'degree': 2, 'gamma': 100, 'kernel': 'poly', 'random_state': 4}",1,0.6521739130434783,0.625,0.6873138738861274,0.9281102023245803,0.7249942990485888,1.0,1.0,1.0,1.0,1.0,0.36897707299795
SVC_poly,"{'C': 1, 'degree': 2, 'gamma': 100, 'kernel': 'poly', 'random_state': 4}",2,0.5641025641025641,0.5641025641025641,0.6082520820691354,0.9537274110356599,0.5547776703966594,1.0,1.0,1.0,1.0,1.0,0.41935131400168757
SVC_poly,"{'C': 1, 'degree': 2, 'gamma': 100, 'kernel': 'poly', 'random_state': 4}",3,0.5,0.5862068965517241,0.6207822901229935,0.9454445571331981,0.607159815061274,1.0,1.0,1.0,1.0,1.0,0.5432325580004544
SVC_poly,"{'C': 1, 'degree': 2, 'gamma': 100, 'kernel': 'poly', 'random_state': 4}",4,0.5263157894736842,0.6060606060606061,0.5165337368721814,0.9178202007909948,0.46353721864393654,1.0,1.0,1.0,1.0,1.0,0.7247945529998105
SVC_poly,"{'C': 1, 'degree': 2, 'gamma': 100, 'kernel': 'poly', 'random_state': 4}",5,0.4838709677419355,0.4838709677419355,0.4982142236927099,0.9314227698555541,0.5076490965465076,1.0,1.0,1.0,1.0,1.0,0.9471841110025707
SVC_poly,"{'C': 1, 'degree': 2, 'gamma': 'auto', 'kernel': 'poly', 'random_state': 4}",1,0.5217391304347826,0.8571428571428571,0.7512360809163133,0.9129204845950433,0.7795748740035865,0.710691823899371,0.9112903225806451,0.9355894947036283,0.9949825856684369,0.935563479942225,0.31108256299921777
SVC_poly,"{'C': 1, 'degree': 2, 'gamma': 'auto', 'kernel': 'poly', 'random_state': 4}",2,0.41025641025641024,0.6956521739130435,0.6451426580494636,0.9536531967791012,0.6039594755040799,0.7252747252747253,0.9635036496350365,0.9412752797173738,0.9954964141259645,0.9412561546369534,0.3479879960032122
SVC_poly,"{'C': 1, 'degree': 2, 'gamma': 'auto', 'kernel': 'poly', 'random_state': 4}",3,0.4117647058823529,0.6666666666666666,0.6172323558373027,0.9367816091954023,0.6006080755414829,0.7058823529411765,0.9570552147239264,0.9335452280504488,0.9946901460279186,0.9335190712986948,0.42885446899890667
SVC_poly,"{'C': 1, 'degree': 2, 'gamma': 'auto', 'kernel': 'poly', 'random_state': 4}",4,0.3684210526315789,0.7777777777777778,0.6144644494963692,0.9501445086705202,0.5795136441189597,0.7058823529411765,0.9183673469387755,0.919237791999358,0.992205268511698,0.9192319188318379,0.4747771319998719
SVC_poly,"{'C': 1, 'degree': 2, 'gamma': 'auto', 'kernel': 'poly', 'random_state': 4}",5,0.5161290322580645,0.7619047619047619,0.6821292950751436,0.9614656883104896,0.6866717575763859,0.6689419795221843,0.9333333333333333,0.9117634881167349,0.9890792589043077,0.9117489629964527,0.579340525000589
SVC_poly,"{'C': 1, 'degree': 3, 'gamma': 0.01, 'kernel': 'poly', 'random_state': 4}",1,0.43478260869565216,1.0,0.7265735485142639,0.9017895578377713,0.7586201291128651,0.6352201257861635,0.9805825242718447,0.9590664109913878,0.9973716592547817,0.9590632531798636,0.32044282300194027
SVC_poly,"{'C': 1, 'degree': 3, 'gamma': 0.01, 'kernel': 'poly', 'random_state': 4}",2,0.38461538461538464,0.7142857142857143,0.6052513817821421,0.9435971650153995,0.5477422029381299,0.6593406593406593,0.9836065573770492,0.9543310053710575,0.9968782110109733,0.9543258398432238,0.4900141979996988
SVC_poly,"{'C': 1, 'degree': 3, 'gamma': 0.01, 'kernel': 'poly', 'random_state': 4}",3,0.38235294117647056,0.65,0.6255060664681773,0.9263860716700473,0.6106823997618936,0.6425339366515838,0.9726027397260274,0.9544211435088402,0.9968518104170403,0.9544144283881835,0.7623926649976056
SVC_poly,"{'C': 1, 'degree': 3, 'gamma': 0.01, 'kernel': 'poly', 'random_state': 4}",4,0.3684210526315789,0.8235294117647058,0.6124097090689236,0.9604882871919683,0.5707430462375622,0.6823529411764706,0.9456521739130435,0.9431174442604736,0.9959219895471606,0.9431138642712155,0.9336940140019578
SVC_poly,"{'C': 1, 'degree': 3, 'gamma': 0.01, 'kernel': 'poly', 'random_state': 4}",5,0.4838709677419355,0.75,0.6797026747585053,0.9467903456550832,0.5627018737578742,0.6450511945392492,0.9545454545454546,0.9362121185303718,0.9953407156043651,0.936206979047559,1.2758525780009222
SVC_poly,"{'C': 1, 'degree': 3, 'gamma': 0.1, 'kernel': 'poly', 'random_state': 4}",1,0.6956521739130435,0.7272727272727273,0.734510582780495,0.8891212102576717,0.7552961473752692,1.0,1.0,1.0,1.0,1.0,0.41062568699999247
SVC_poly,"{'C': 1, 'degree': 3, 'gamma': 0.1, 'kernel': 'poly', 'random_state': 4}",2,0.5128205128205128,0.6451612903225806,0.6046886380341038,0.9302385988348362,0.5472855030380739,1.0,1.0,1.0,1.0,1.0,0.4026843480023672
SVC_poly,"{'C': 1, 'degree': 3, 'gamma': 0.1, 'kernel': 'poly', 'random_state': 4}",3,0.5,0.6538461538461539,0.6235829769568431,0.917131507775524,0.61070139283969,1.0,1.0,1.0,1.0,1.0,0.4877518280009099
SVC_poly,"{'C': 1, 'degree': 3, 'gamma': 0.1, 'kernel': 'poly', 'random_state': 4}",4,0.5263157894736842,0.6666666666666666,0.5167519522219362,0.9287344082750228,0.4637263064730452,1.0,1.0,1.0,1.0,1.0,0.5678495449974434
SVC_poly,"{'C': 1, 'degree': 3, 'gamma': 0.1, 'kernel': 'poly', 'random_state': 4}",5,0.6129032258064516,0.5588235294117647,0.58817239764599,0.9385758456781578,0.5328281309058563,1.0,1.0,1.0,1.0,1.0,0.7541605879996496
SVC_poly,"{'C': 1, 'degree': 3, 'gamma': 1, 'kernel': 'poly', 'random_state': 4}",1,0.6956521739130435,0.7272727272727273,0.734510582780495,0.8891212102576717,0.7552961473752692,1.0,1.0,1.0,1.0,1.0,0.34715166599926306
SVC_poly,"{'C': 1, 'degree': 3, 'gamma': 1, 'kernel': 'poly', 'random_state': 4}",2,0.5128205128205128,0.6451612903225806,0.6046886380341038,0.9302385988348362,0.5472855030380739,1.0,1.0,1.0,1.0,1.0,0.4128122389993223
SVC_poly,"{'C': 1, 'degree': 3, 'gamma': 1, 'kernel': 'poly', 'random_state': 4}",3,0.5,0.6538461538461539,0.6236094716814112,0.9171737660581474,0.6107265101613351,1.0,1.0,1.0,1.0,1.0,0.4764796790004766
SVC_poly,"{'C': 1, 'degree': 3, 'gamma': 1, 'kernel': 'poly', 'random_state': 4}",4,0.5263157894736842,0.6666666666666666,0.5167519522219362,0.9287344082750228,0.4637263064730452,1.0,1.0,1.0,1.0,1.0,0.5894935989999794
SVC_poly,"{'C': 1, 'degree': 3, 'gamma': 1, 'kernel': 'poly', 'random_state': 4}",5,0.6129032258064516,0.5588235294117647,0.58817239764599,0.9385758456781578,0.5328281309058563,1.0,1.0,1.0,1.0,1.0,0.7780477199994493
SVC_poly,"{'C': 1, 'degree': 3, 'gamma': 10, 'kernel': 'poly', 'random_state': 4}",1,0.6956521739130435,0.7272727272727273,0.734510582780495,0.8891212102576717,0.7552961473752692,1.0,1.0,1.0,1.0,1.0,0.3598671870022372
SVC_poly,"{'C': 1, 'degree': 3, 'gamma': 10, 'kernel': 'poly', 'random_state': 4}",2,0.5128205128205128,0.6451612903225806,0.6046886380341038,0.9302385988348362,0.5472855030380739,1.0,1.0,1.0,1.0,1.0,0.40520499799822574
SVC_poly,"{'C': 1, 'degree': 3, 'gamma': 10, 'kernel': 'poly', 'random_state': 4}",3,0.5,0.6538461538461539,0.6235829769568431,0.917131507775524,0.61070139283969,1.0,1.0,1.0,1.0,1.0,0.4937796400008665
SVC_poly,"{'C': 1, 'degree': 3, 'gamma': 10, 'kernel': 'poly', 'random_state': 4}",4,0.5263157894736842,0.6666666666666666,0.5167519522219362,0.9287344082750228,0.4637263064730452,1.0,1.0,1.0,1.0,1.0,0.5631701499987685
SVC_poly,"{'C': 1, 'degree': 3, 'gamma': 10, 'kernel': 'poly', 'random_state': 4}",5,0.6129032258064516,0.5588235294117647,0.58817239764599,0.9385758456781578,0.5328281309058563,1.0,1.0,1.0,1.0,1.0,0.7739552589991945
SVC_poly,"{'C': 1, 'degree': 3, 'gamma': 100, 'kernel': 'poly', 'random_state': 4}",1,0.6956521739130435,0.7272727272727273,0.734510582780495,0.8891212102576717,0.7552961473752692,1.0,1.0,1.0,1.0,1.0,0.34419403199717635
SVC_poly,"{'C': 1, 'degree': 3, 'gamma': 100, 'kernel': 'poly', 'random_state': 4}",2,0.5128205128205128,0.6451612903225806,0.6046886380341038,0.9302385988348362,0.5472855030380739,1.0,1.0,1.0,1.0,1.0,0.40310840899837785
SVC_poly,"{'C': 1, 'degree': 3, 'gamma': 100, 'kernel': 'poly', 'random_state': 4}",3,0.5,0.6538461538461539,0.6235829769568431,0.917131507775524,0.61070139283969,1.0,1.0,1.0,1.0,1.0,0.48337723900112906
SVC_poly,"{'C': 1, 'degree': 3, 'gamma': 100, 'kernel': 'poly', 'random_state': 4}",4,0.5263157894736842,0.6666666666666666,0.5167519522219362,0.9287344082750228,0.4637263064730452,1.0,1.0,1.0,1.0,1.0,0.5908551030006493
SVC_poly,"{'C': 1, 'degree': 3, 'gamma': 100, 'kernel': 'poly', 'random_state': 4}",5,0.6129032258064516,0.5588235294117647,0.58817239764599,0.9385758456781578,0.5328281309058563,1.0,1.0,1.0,1.0,1.0,0.9632263370003784
SVC_poly,"{'C': 1, 'degree': 3, 'gamma': 'auto', 'kernel': 'poly', 'random_state': 4}",1,0.6521739130434783,0.8823529411764706,0.7507582459284271,0.8968083143718097,0.770045457040211,0.9182389937106918,0.9798657718120806,0.9952026193609608,0.9997931148626282,0.9951960565066367,0.5596132010032306
SVC_poly,"{'C': 1, 'degree': 3, 'gamma': 'auto', 'kernel': 'poly', 'random_state': 4}",2,0.48717948717948717,0.6551724137931034,0.6294588681099874,0.9310178485287022,0.5743610173268627,0.9120879120879121,0.9822485207100592,0.9900264438927651,0.9996967106174816,0.9888056449371995,0.7307500810020429
SVC_poly,"{'C': 1, 'degree': 3, 'gamma': 'auto', 'kernel': 'poly', 'random_state': 4}",3,0.5294117647058824,0.6666666666666666,0.6044775264004564,0.9120182555780932,0.587886690486902,0.9140271493212669,0.9853658536585366,0.9912154202314392,0.9997069086350079,0.9902591827652134,0.8435826940003608
SVC_poly,"{'C': 1, 'degree': 3, 'gamma': 'auto', 'kernel': 'poly', 'random_state': 4}",4,0.47368421052631576,0.6666666666666666,0.5810310259884068,0.9627700030422879,0.5125487422965704,0.9137254901960784,0.9914893617021276,0.9950781422870213,0.9997804202181767,0.995075711591374,0.8454808370006504
SVC_poly,"{'C': 1, 'degree': 3, 'gamma': 'auto', 'kernel': 'poly', 'random_state': 4}",5,0.5806451612903226,0.6428571428571429,0.6297463574213953,0.9520974664266925,0.6325815503330274,0.9010238907849829,0.9850746268656716,0.9885893153513664,0.9993176234607138,0.9881292165236049,0.7132445790011843
SVC_poly,"{'C': 1, 'degree': 4, 'gamma': 0.01, 'kernel': 'poly', 'random_state': 4}",1,0.5217391304347826,0.9230769230769231,0.7613267141356362,0.9044339216530348,0.788837658169377,0.7044025157232704,0.9911504424778761,0.9756062410050029,0.9985769900551215,0.9756033466515596,0.32649692100312677
SVC_poly,"{'C': 1, 'degree': 4, 'gamma': 0.01, 'kernel': 'poly', 'random_state': 4}",2,0.38461538461538464,0.625,0.5725705999455697,0.8912018998849679,0.46149329236750536,0.7087912087912088,0.9923076923076923,0.9713042096954142,0.9979815568680666,0.9712985793784015,0.37857827699917834
SVC_poly,"{'C': 1, 'degree': 4, 'gamma': 0.01, 'kernel': 'poly', 'random_state': 4}",3,0.3235294117647059,0.6470588235294118,0.574928877296895,0.9093982420554428,0.558348198806145,0.7149321266968326,0.9937106918238994,0.9739858589387449,0.9981221811914858,0.9739803574600321,0.43861341099909623
SVC_poly,"{'C': 1, 'degree': 4, 'gamma': 0.01, 'kernel': 'poly', 'random_state': 4}",4,0.3157894736842105,0.631578947368421,0.5300128194187856,0.9350851840584119,0.4755912071396792,0.7294117647058823,0.9841269841269841,0.968990556760568,0.997449928092883,0.9689892215799056,0.55063794599846
SVC_poly,"{'C': 1, 'degree': 4, 'gamma': 0.01, 'kernel': 'poly', 'random_state': 4}",5,0.45161290322580644,0.6666666666666666,0.597078844445942,0.9323918962573261,0.5755088385009285,0.7030716723549488,0.9903846153846154,0.9641102002355847,0.9969591867114775,0.964106096914862,0.6537076600034197
SVC_poly,"{'C': 1, 'degree': 4, 'gamma': 0.1, 'kernel': 'poly', 'random_state': 4}",1,0.6956521739130435,0.8421052631578947,0.7214028979431919,0.8460734272184982,0.7405846671711696,1.0,1.0,1.0,1.0,1.0,0.37292413500108523
SVC_poly,"{'C': 1, 'degree': 4, 'gamma': 0.1, 'kernel': 'poly', 'random_state': 4}",2,0.48717948717948717,0.7037037037037037,0.5638589320537608,0.85383502170767,0.5100153079103275,1.0,1.0,1.0,1.0,1.0,0.3996643869977561
SVC_poly,"{'C': 1, 'degree': 4, 'gamma': 0.1, 'kernel': 'poly', 'random_state': 4}",3,0.4411764705882353,0.6521739130434783,0.5054179962472951,0.8749999999999999,0.4881980629375334,1.0,1.0,1.0,1.0,1.0,0.472933066997939
SVC_poly,"{'C': 1, 'degree': 4, 'gamma': 0.1, 'kernel': 'poly', 'random_state': 4}",4,0.4473684210526316,0.6071428571428571,0.46209400156814445,0.8995284453909339,0.4115257656279221,1.0,1.0,1.0,1.0,1.0,0.5859547260006366
SVC_poly,"{'C': 1, 'degree': 4, 'gamma': 0.1, 'kernel': 'poly', 'random_state': 4}",5,0.5161290322580645,0.5333333333333333,0.5082557759611612,0.8822280677465503,0.4920656862690062,1.0,1.0,1.0,1.0,1.0,0.6938482510013273
SVC_poly,"{'C': 1, 'degree': 4, 'gamma': 1, 'kernel': 'poly', 'random_state': 4}",1,0.6956521739130435,0.8421052631578947,0.7214028979431919,0.8460734272184982,0.7405846671711696,1.0,1.0,1.0,1.0,1.0,0.3467933960018854
SVC_poly,"{'C': 1, 'degree': 4, 'gamma': 1, 'kernel': 'poly', 'random_state': 4}",2,0.48717948717948717,0.7037037037037037,0.5638589320537608,0.85383502170767,0.5100153079103275,1.0,1.0,1.0,1.0,1.0,0.4125084990009782
SVC_poly,"{'C': 1, 'degree': 4, 'gamma': 1, 'kernel': 'poly', 'random_state': 4}",3,0.4411764705882353,0.6521739130434783,0.5054179962472951,0.8749999999999999,0.4881980629375334,1.0,1.0,1.0,1.0,1.0,0.48663796299661044
SVC_poly,"{'C': 1, 'degree': 4, 'gamma': 1, 'kernel': 'poly', 'random_state': 4}",4,0.4473684210526316,0.6071428571428571,0.46209400156814445,0.8995284453909339,0.4115257656279221,1.0,1.0,1.0,1.0,1.0,0.5498863979992166
SVC_poly,"{'C': 1, 'degree': 4, 'gamma': 1, 'kernel': 'poly', 'random_state': 4}",5,0.5161290322580645,0.5333333333333333,0.5082557759611612,0.8822280677465503,0.4920656862690062,1.0,1.0,1.0,1.0,1.0,0.7083534459998191
SVC_poly,"{'C': 1, 'degree': 4, 'gamma': 10, 'kernel': 'poly', 'random_state': 4}",1,0.6956521739130435,0.8421052631578947,0.7214028979431919,0.8460734272184982,0.7405846671711696,1.0,1.0,1.0,1.0,1.0,0.35262350700213574
SVC_poly,"{'C': 1, 'degree': 4, 'gamma': 10, 'kernel': 'poly', 'random_state': 4}",2,0.48717948717948717,0.7037037037037037,0.5638589320537608,0.85383502170767,0.5100153079103275,1.0,1.0,1.0,1.0,1.0,0.43285357000058866
SVC_poly,"{'C': 1, 'degree': 4, 'gamma': 10, 'kernel': 'poly', 'random_state': 4}",3,0.4411764705882353,0.6521739130434783,0.5054179962472951,0.8749999999999999,0.4881980629375334,1.0,1.0,1.0,1.0,1.0,0.47788089599998784
SVC_poly,"{'C': 1, 'degree': 4, 'gamma': 10, 'kernel': 'poly', 'random_state': 4}",4,0.4473684210526316,0.6071428571428571,0.462089946936336,0.8994904167934286,0.4115223114279384,1.0,1.0,1.0,1.0,1.0,0.7820857330007129
SVC_poly,"{'C': 1, 'degree': 4, 'gamma': 10, 'kernel': 'poly', 'random_state': 4}",5,0.5161290322580645,0.5333333333333333,0.5082557759611612,0.8822280677465503,0.4920656862690062,1.0,1.0,1.0,1.0,1.0,1.4491117090001353
SVC_poly,"{'C': 1, 'degree': 4, 'gamma': 100, 'kernel': 'poly', 'random_state': 4}",1,0.6956521739130435,0.8421052631578947,0.7214028979431919,0.8460734272184982,0.7405846671711696,1.0,1.0,1.0,1.0,1.0,0.5197198360001494
SVC_poly,"{'C': 1, 'degree': 4, 'gamma': 100, 'kernel': 'poly', 'random_state': 4}",2,0.48717948717948717,0.7037037037037037,0.5638589320537608,0.85383502170767,0.5100153079103275,1.0,1.0,1.0,1.0,1.0,0.782973002998915
SVC_poly,"{'C': 1, 'degree': 4, 'gamma': 100, 'kernel': 'poly', 'random_state': 4}",3,0.4411764705882353,0.6521739130434783,0.5054179962472951,0.8749999999999999,0.4881980629375334,1.0,1.0,1.0,1.0,1.0,0.5810425670024415
SVC_poly,"{'C': 1, 'degree': 4, 'gamma': 100, 'kernel': 'poly', 'random_state': 4}",4,0.4473684210526316,0.6071428571428571,0.462089946936336,0.8994904167934286,0.4115223114279384,1.0,1.0,1.0,1.0,1.0,0.603667208000843
SVC_poly,"{'C': 1, 'degree': 4, 'gamma': 100, 'kernel': 'poly', 'random_state': 4}",5,0.5161290322580645,0.5333333333333333,0.5082557759611612,0.8822280677465503,0.4920656862690062,1.0,1.0,1.0,1.0,1.0,0.7234860699973069
SVC_poly,"{'C': 1, 'degree': 4, 'gamma': 'auto', 'kernel': 'poly', 'random_state': 4}",1,0.7391304347826086,0.8947368421052632,0.7534964260484037,0.8628620626037758,0.7708323843644405,0.9748427672955975,0.9935897435897436,0.9998407674398939,0.9999928039952218,0.9998407514916949,0.35132892100227764
SVC_poly,"{'C': 1, 'degree': 4, 'gamma': 'auto', 'kernel': 'poly', 'random_state': 4}",2,0.46153846153846156,0.75,0.5593374429141491,0.8716835504100336,0.48339667412003684,0.978021978021978,0.994413407821229,0.9996931269890124,0.9999869271817879,0.9996930451032519,0.4146887489987421
SVC_poly,"{'C': 1, 'degree': 4, 'gamma': 'auto', 'kernel': 'poly', 'random_state': 4}",3,0.4411764705882353,0.6521739130434783,0.5289826746176443,0.8783384043272482,0.512412761160575,0.9773755656108597,0.9953917050691244,0.9995503491149924,0.9999805838527923,0.9995496103924549,0.5100205369999458
SVC_poly,"{'C': 1, 'degree': 4, 'gamma': 'auto', 'kernel': 'poly', 'random_state': 4}",4,0.4473684210526316,0.6071428571428571,0.495965594942409,0.9233343474292668,0.45120302786367805,0.984313725490196,0.996031746031746,0.9997522671921175,0.9999887754744117,0.9997522368813051,0.5894676870011608
SVC_poly,"{'C': 1, 'degree': 4, 'gamma': 'auto', 'kernel': 'poly', 'random_state': 4}",5,0.5161290322580645,0.5517241379310345,0.5282000175346673,0.897457196917255,0.5002619909062244,0.9726962457337884,0.9965034965034965,0.99978437190623,0.9999902207183861,0.9997842288718426,0.7497989740004414
SVC_poly,"{'C': 10, 'degree': 2, 'gamma': 0.01, 'kernel': 'poly', 'random_state': 4}",1,0.6521739130434783,0.6818181818181818,0.7509512404015479,0.9264497878359266,0.7801439580051293,0.8930817610062893,0.9466666666666667,0.9660783802939722,0.9971108040815739,0.9657093090775641,0.32541192099961336
SVC_poly,"{'C': 10, 'degree': 2, 'gamma': 0.01, 'kernel': 'poly', 'random_state': 4}",2,0.46153846153846156,0.6206896551724138,0.6372720411173479,0.9581431593009018,0.5839290662110251,0.8736263736263736,0.9695121951219512,0.9634240421589209,0.996935731411106,0.9630522368404667,0.3859492629999295
SVC_poly,"{'C': 10, 'degree': 2, 'gamma': 0.01, 'kernel': 'poly', 'random_state': 4}",3,0.47058823529411764,0.6153846153846154,0.5885718079376656,0.9359364435429345,0.5718552241332225,0.8552036199095022,0.9593908629441624,0.9600596661803813,0.9965540961598559,0.9596087633418929,0.4454299179997179
SVC_poly,"{'C': 10, 'degree': 2, 'gamma': 0.01, 'kernel': 'poly', 'random_state': 4}",4,0.5263157894736842,0.6666666666666666,0.6290490159936499,0.9596516580468513,0.5938017475042446,0.8352941176470589,0.9466666666666667,0.9557169628416797,0.9958392086709461,0.9557132122346346,0.539904844998091
SVC_poly,"{'C': 10, 'degree': 2, 'gamma': 0.01, 'kernel': 'poly', 'random_state': 4}",5,0.5806451612903226,0.72,0.6693874496640734,0.9558816742812313,0.6727793558570491,0.7986348122866894,0.9512195121951219,0.9477179208987868,0.9933810562276095,0.9473788517309395,0.6486464089975925
SVC_poly,"{'C': 10, 'degree': 2, 'gamma': 0.1, 'kernel': 'poly', 'random_state': 4}",1,0.6521739130434783,0.625,0.6873138738861274,0.9281102023245803,0.7249942990485888,1.0,1.0,1.0,1.0,1.0,0.38186612199933734
SVC_poly,"{'C': 10, 'degree': 2, 'gamma': 0.1, 'kernel': 'poly', 'random_state': 4}",2,0.5641025641025641,0.5641025641025641,0.608179560262123,0.9536531967791013,0.5547140537427839,1.0,1.0,1.0,1.0,1.0,0.40516970099997707
SVC_poly,"{'C': 10, 'degree': 2, 'gamma': 0.1, 'kernel': 'poly', 'random_state': 4}",3,0.5,0.5862068965517241,0.6207822901229935,0.9454445571331981,0.607159815061274,1.0,1.0,1.0,1.0,1.0,0.5552965679999033
SVC_poly,"{'C': 10, 'degree': 2, 'gamma': 0.1, 'kernel': 'poly', 'random_state': 4}",4,0.5263157894736842,0.6060606060606061,0.5165337368721814,0.9178202007909948,0.46353721864393654,1.0,1.0,1.0,1.0,1.0,0.6920765049981128
SVC_poly,"{'C': 10, 'degree': 2, 'gamma': 0.1, 'kernel': 'poly', 'random_state': 4}",5,0.4838709677419355,0.4838709677419355,0.4982142236927099,0.9314227698555541,0.5076490965465076,1.0,1.0,1.0,1.0,1.0,0.9190432950017566
SVC_poly,"{'C': 10, 'degree': 2, 'gamma': 1, 'kernel': 'poly', 'random_state': 4}",1,0.6521739130434783,0.625,0.6873138738861274,0.9281102023245803,0.7249942990485888,1.0,1.0,1.0,1.0,1.0,0.3961415730009321
SVC_poly,"{'C': 10, 'degree': 2, 'gamma': 1, 'kernel': 'poly', 'random_state': 4}",2,0.5641025641025641,0.5641025641025641,0.6081878060327757,0.9536903039073805,0.5547207210848386,1.0,1.0,1.0,1.0,1.0,0.6971524539985694
SVC_poly,"{'C': 10, 'degree': 2, 'gamma': 1, 'kernel': 'poly', 'random_state': 4}",3,0.5,0.5862068965517241,0.6207822901229935,0.9454445571331981,0.607159815061274,1.0,1.0,1.0,1.0,1.0,1.0928910599977826
SVC_poly,"{'C': 10, 'degree': 2, 'gamma': 1, 'kernel': 'poly', 'random_state': 4}",4,0.5263157894736842,0.6060606060606061,0.5165337368721814,0.9178202007909948,0.46353721864393654,1.0,1.0,1.0,1.0,1.0,1.127306291997229
SVC_poly,"{'C': 10, 'degree': 2, 'gamma': 1, 'kernel': 'poly', 'random_state': 4}",5,0.4838709677419355,0.4838709677419355,0.4982142236927099,0.9314227698555541,0.5076490965465076,1.0,1.0,1.0,1.0,1.0,1.1198660190020746
SVC_poly,"{'C': 10, 'degree': 2, 'gamma': 10, 'kernel': 'poly', 'random_state': 4}",1,0.6521739130434783,0.625,0.6873138738861274,0.9281102023245803,0.7249942990485888,1.0,1.0,1.0,1.0,1.0,0.3971428149998246
SVC_poly,"{'C': 10, 'degree': 2, 'gamma': 10, 'kernel': 'poly', 'random_state': 4}",2,0.5641025641025641,0.5641025641025641,0.6081878060327757,0.9536903039073805,0.5547207210848386,1.0,1.0,1.0,1.0,1.0,0.42198239999925136
SVC_poly,"{'C': 10, 'degree': 2, 'gamma': 10, 'kernel': 'poly', 'random_state': 4}",3,0.5,0.5862068965517241,0.6207822901229935,0.9454445571331981,0.607159815061274,1.0,1.0,1.0,1.0,1.0,0.5653786610018869
SVC_poly,"{'C': 10, 'degree': 2, 'gamma': 10, 'kernel': 'poly', 'random_state': 4}",4,0.5263157894736842,0.6060606060606061,0.5165337368721814,0.9178202007909948,0.46353721864393654,1.0,1.0,1.0,1.0,1.0,0.7215111100013019
SVC_poly,"{'C': 10, 'degree': 2, 'gamma': 10, 'kernel': 'poly', 'random_state': 4}",5,0.4838709677419355,0.4838709677419355,0.4982142236927099,0.9314227698555541,0.5076490965465076,1.0,1.0,1.0,1.0,1.0,0.9296978849997686
SVC_poly,"{'C': 10, 'degree': 2, 'gamma': 100, 'kernel': 'poly', 'random_state': 4}",1,0.6521739130434783,0.625,0.6873138738861274,0.9281102023245803,0.7249942990485888,1.0,1.0,1.0,1.0,1.0,0.48831117499867105
SVC_poly,"{'C': 10, 'degree': 2, 'gamma': 100, 'kernel': 'poly', 'random_state': 4}",2,0.5641025641025641,0.5641025641025641,0.6082520820691354,0.9537274110356599,0.5547776703966594,1.0,1.0,1.0,1.0,1.0,0.3971518459984509
SVC_poly,"{'C': 10, 'degree': 2, 'gamma': 100, 'kernel': 'poly', 'random_state': 4}",3,0.5,0.5862068965517241,0.6207822901229935,0.9454445571331981,0.607159815061274,1.0,1.0,1.0,1.0,1.0,0.5681724599999143
SVC_poly,"{'C': 10, 'degree': 2, 'gamma': 100, 'kernel': 'poly', 'random_state': 4}",4,0.5263157894736842,0.6060606060606061,0.5165337368721814,0.9178202007909948,0.46353721864393654,1.0,1.0,1.0,1.0,1.0,0.7056584450001537
SVC_poly,"{'C': 10, 'degree': 2, 'gamma': 100, 'kernel': 'poly', 'random_state': 4}",5,0.4838709677419355,0.4838709677419355,0.4982142236927099,0.9314227698555541,0.5076490965465076,1.0,1.0,1.0,1.0,1.0,0.9537263420024829
SVC_poly,"{'C': 10, 'degree': 2, 'gamma': 'auto', 'kernel': 'poly', 'random_state': 4}",1,0.6956521739130435,0.64,0.7383889531253871,0.9351208412766742,0.7694258672047531,0.9559748427672956,0.9743589743589743,0.9903180764166284,0.9997139588100686,0.9884196058547696,0.34801564699955634
SVC_poly,"{'C': 10, 'degree': 2, 'gamma': 'auto', 'kernel': 'poly', 'random_state': 4}",2,0.5384615384615384,0.5675675675675675,0.65445122212394,0.9645255853649486,0.6018502539115501,0.9505494505494505,0.9774011299435028,0.9883571911557159,0.9994888528079107,0.9867949329886281,0.4065430959999503
SVC_poly,"{'C': 10, 'degree': 2, 'gamma': 'auto', 'kernel': 'poly', 'random_state': 4}",3,0.5294117647058824,0.6,0.6056381787499641,0.943289384719405,0.5886970874270918,0.9502262443438914,0.9813084112149533,0.9849615299410572,0.9990180976983544,0.9831478632857485,0.4773205349993077
SVC_poly,"{'C': 10, 'degree': 2, 'gamma': 'auto', 'kernel': 'poly', 'random_state': 4}",4,0.5789473684210527,0.6285714285714286,0.5772883769629578,0.9466078491025252,0.5355263521272519,0.9411764705882353,0.97165991902834,0.9857403171423698,0.9991799080991968,0.9842196474637078,0.6266383310030506
SVC_poly,"{'C': 10, 'degree': 2, 'gamma': 'auto', 'kernel': 'poly', 'random_state': 4}",5,0.5483870967741935,0.5666666666666667,0.577357289960313,0.9343762979371452,0.5815500168294759,0.9249146757679181,0.9748201438848921,0.9787376638576252,0.99822614697391,0.9760609488048836,0.7903366499995172
SVC_poly,"{'C': 10, 'degree': 3, 'gamma': 0.01, 'kernel': 'poly', 'random_state': 4}",1,0.6956521739130435,0.8421052631578947,0.7461928100599768,0.8951478998831559,0.7672922560590072,0.9622641509433962,0.9870967741935484,0.992468266615672,0.9997733258494884,0.9913321133277246,0.3332402810010535
SVC_poly,"{'C': 10, 'degree': 3, 'gamma': 0.01, 'kernel': 'poly', 'random_state': 4}",2,0.5384615384615384,0.6774193548387096,0.6455383296063032,0.9359902037181342,0.5913414057051415,0.9560439560439561,0.9886363636363636,0.9924671969466087,0.9997921421904291,0.9910874482025335,0.5578131389993359
SVC_poly,"{'C': 10, 'degree': 3, 'gamma': 0.01, 'kernel': 'poly', 'random_state': 4}",3,0.5294117647058824,0.6666666666666666,0.5928377183678166,0.9193711967545638,0.5711843516773739,0.9547511312217195,0.9906103286384976,0.9929187032057808,0.9997947435866618,0.9915457900105668,0.7918924420009716
SVC_poly,"{'C': 10, 'degree': 3, 'gamma': 0.01, 'kernel': 'poly', 'random_state': 4}",4,0.5,0.6551724137931034,0.5996573551380724,0.9628460602372985,0.5520031722223867,0.9529411764705882,0.9918367346938776,0.9944458269127653,0.9998183029920376,0.9938848366697118,1.052233474998502
SVC_poly,"{'C': 10, 'degree': 3, 'gamma': 0.01, 'kernel': 'poly', 'random_state': 4}",5,0.5483870967741935,0.6296296296296297,0.6150819182539504,0.9534819327149384,0.6136742351051767,0.9453924914675768,0.9892857142857143,0.9936671228289073,0.9998000680203365,0.9924231150604765,1.2417003429982287
SVC_poly,"{'C': 10, 'degree': 3, 'gamma': 0.1, 'kernel': 'poly', 'random_state': 4}",1,0.6956521739130435,0.7272727272727273,0.734510582780495,0.8891212102576717,0.7552961473752692,1.0,1.0,1.0,1.0,1.0,0.38939721200222266
SVC_poly,"{'C': 10, 'degree': 3, 'gamma': 0.1, 'kernel': 'poly', 'random_state': 4}",2,0.5128205128205128,0.6451612903225806,0.6046886380341038,0.9302385988348362,0.5472855030380739,1.0,1.0,1.0,1.0,1.0,0.4005857020019903
SVC_poly,"{'C': 10, 'degree': 3, 'gamma': 0.1, 'kernel': 'poly', 'random_state': 4}",3,0.5,0.6538461538461539,0.6235829769568431,0.917131507775524,0.61070139283969,1.0,1.0,1.0,1.0,1.0,0.49477481900248677
SVC_poly,"{'C': 10, 'degree': 3, 'gamma': 0.1, 'kernel': 'poly', 'random_state': 4}",4,0.5263157894736842,0.6666666666666666,0.5167519522219362,0.9287344082750228,0.4637263064730452,1.0,1.0,1.0,1.0,1.0,0.5728397650018451
SVC_poly,"{'C': 10, 'degree': 3, 'gamma': 0.1, 'kernel': 'poly', 'random_state': 4}",5,0.6129032258064516,0.5588235294117647,0.58817239764599,0.9385758456781578,0.5328281309058563,1.0,1.0,1.0,1.0,1.0,0.7565175130002899
SVC_poly,"{'C': 10, 'degree': 3, 'gamma': 1, 'kernel': 'poly', 'random_state': 4}",1,0.6956521739130435,0.7272727272727273,0.734510582780495,0.8891212102576717,0.7552961473752692,1.0,1.0,1.0,1.0,1.0,0.3476791900029639
SVC_poly,"{'C': 10, 'degree': 3, 'gamma': 1, 'kernel': 'poly', 'random_state': 4}",2,0.5128205128205128,0.6451612903225806,0.6046886380341038,0.9302385988348362,0.5472855030380739,1.0,1.0,1.0,1.0,1.0,0.4197682010017161
SVC_poly,"{'C': 10, 'degree': 3, 'gamma': 1, 'kernel': 'poly', 'random_state': 4}",3,0.5,0.6538461538461539,0.6236094716814112,0.9171737660581474,0.6107265101613351,1.0,1.0,1.0,1.0,1.0,0.4713811940018786
SVC_poly,"{'C': 10, 'degree': 3, 'gamma': 1, 'kernel': 'poly', 'random_state': 4}",4,0.5263157894736842,0.6666666666666666,0.5167519522219362,0.9287344082750228,0.4637263064730452,1.0,1.0,1.0,1.0,1.0,0.5884624809987145
SVC_poly,"{'C': 10, 'degree': 3, 'gamma': 1, 'kernel': 'poly', 'random_state': 4}",5,0.6129032258064516,0.5588235294117647,0.58817239764599,0.9385758456781578,0.5328281309058563,1.0,1.0,1.0,1.0,1.0,0.7664958899986232
SVC_poly,"{'C': 10, 'degree': 3, 'gamma': 10, 'kernel': 'poly', 'random_state': 4}",1,0.6956521739130435,0.7272727272727273,0.734510582780495,0.8891212102576717,0.7552961473752692,1.0,1.0,1.0,1.0,1.0,0.3639112290002231
SVC_poly,"{'C': 10, 'degree': 3, 'gamma': 10, 'kernel': 'poly', 'random_state': 4}",2,0.5128205128205128,0.6451612903225806,0.6046886380341038,0.9302385988348362,0.5472855030380739,1.0,1.0,1.0,1.0,1.0,0.3965096840001934
SVC_poly,"{'C': 10, 'degree': 3, 'gamma': 10, 'kernel': 'poly', 'random_state': 4}",3,0.5,0.6538461538461539,0.6235829769568431,0.917131507775524,0.61070139283969,1.0,1.0,1.0,1.0,1.0,0.4994546390007599
SVC_poly,"{'C': 10, 'degree': 3, 'gamma': 10, 'kernel': 'poly', 'random_state': 4}",4,0.5263157894736842,0.6666666666666666,0.5167519522219362,0.9287344082750228,0.4637263064730452,1.0,1.0,1.0,1.0,1.0,0.5573020599986194
SVC_poly,"{'C': 10, 'degree': 3, 'gamma': 10, 'kernel': 'poly', 'random_state': 4}",5,0.6129032258064516,0.5588235294117647,0.58817239764599,0.9385758456781578,0.5328281309058563,1.0,1.0,1.0,1.0,1.0,0.7760413360010716
SVC_poly,"{'C': 10, 'degree': 3, 'gamma': 100, 'kernel': 'poly', 'random_state': 4}",1,0.6956521739130435,0.7272727272727273,0.734510582780495,0.8891212102576717,0.7552961473752692,1.0,1.0,1.0,1.0,1.0,0.3458928290019685
SVC_poly,"{'C': 10, 'degree': 3, 'gamma': 100, 'kernel': 'poly', 'random_state': 4}",2,0.5128205128205128,0.6451612903225806,0.6046886380341038,0.9302385988348362,0.5472855030380739,1.0,1.0,1.0,1.0,1.0,0.40228348200253095
SVC_poly,"{'C': 10, 'degree': 3, 'gamma': 100, 'kernel': 'poly', 'random_state': 4}",3,0.5,0.6538461538461539,0.6235829769568431,0.917131507775524,0.61070139283969,1.0,1.0,1.0,1.0,1.0,0.4742262229992775
SVC_poly,"{'C': 10, 'degree': 3, 'gamma': 100, 'kernel': 'poly', 'random_state': 4}",4,0.5263157894736842,0.6666666666666666,0.5167519522219362,0.9287344082750228,0.4637263064730452,1.0,1.0,1.0,1.0,1.0,0.5852552420001302
SVC_poly,"{'C': 10, 'degree': 3, 'gamma': 100, 'kernel': 'poly', 'random_state': 4}",5,0.6129032258064516,0.5588235294117647,0.58817239764599,0.9385758456781578,0.5328281309058563,1.0,1.0,1.0,1.0,1.0,1.1988382830022601
SVC_poly,"{'C': 10, 'degree': 3, 'gamma': 'auto', 'kernel': 'poly', 'random_state': 4}",1,0.6956521739130435,0.7272727272727273,0.734510582780495,0.8891212102576717,0.7552961473752692,1.0,1.0,1.0,1.0,1.0,0.6622461970000586
SVC_poly,"{'C': 10, 'degree': 3, 'gamma': 'auto', 'kernel': 'poly', 'random_state': 4}",2,0.5384615384615384,0.6363636363636364,0.6088111034599658,0.9330216334557868,0.5512492928772169,1.0,1.0,1.0,1.0,1.0,0.772405901003367
SVC_poly,"{'C': 10, 'degree': 3, 'gamma': 'auto', 'kernel': 'poly', 'random_state': 4}",3,0.5,0.6538461538461539,0.6243557681209579,0.9179766734279918,0.6114385052035379,1.0,1.0,1.0,1.0,1.0,0.822415358001308
SVC_poly,"{'C': 10, 'degree': 3, 'gamma': 'auto', 'kernel': 'poly', 'random_state': 4}",4,0.5526315789473685,0.6774193548387096,0.5247509708718049,0.9315865530879222,0.4648729948024354,1.0,1.0,1.0,1.0,1.0,0.5987529400008498
SVC_poly,"{'C': 10, 'degree': 3, 'gamma': 'auto', 'kernel': 'poly', 'random_state': 4}",5,0.6451612903225806,0.5714285714285714,0.5863446840256664,0.9377451659052102,0.5381133693552335,1.0,1.0,1.0,1.0,1.0,0.7764022830015165
SVC_poly,"{'C': 10, 'degree': 4, 'gamma': 0.01, 'kernel': 'poly', 'random_state': 4}",1,0.6956521739130435,0.8888888888888888,0.7581058234222737,0.8636615214316462,0.7752345560925143,0.9748427672955975,0.9935897435897436,0.9992935219815267,0.9999694169796929,0.9992920405066632,0.361711531997571
SVC_poly,"{'C': 10, 'degree': 4, 'gamma': 0.01, 'kernel': 'poly', 'random_state': 4}",2,0.48717948717948717,0.7307692307692307,0.5774200992384289,0.8812571895061041,0.48385033506680947,0.967032967032967,0.9943502824858758,0.9990987800618458,0.9999633961090063,0.9990958272796847,0.3976444330000959
SVC_poly,"{'C': 10, 'degree': 4, 'gamma': 0.01, 'kernel': 'poly', 'random_state': 4}",3,0.4411764705882353,0.625,0.5142839036501986,0.8722954699121027,0.49886467237093074,0.9638009049773756,0.9953271028037384,0.9955547207636997,0.9998687098617386,0.9948862077861689,0.4623092110014113
SVC_poly,"{'C': 10, 'degree': 4, 'gamma': 0.01, 'kernel': 'poly', 'random_state': 4}",4,0.42105263157894735,0.6153846153846154,0.501250287218517,0.9284301794949803,0.45466690884611893,0.9647058823529412,0.9959514170040485,0.9993096406188106,0.9999698340874812,0.9993085704587171,0.6035219440018409
SVC_poly,"{'C': 10, 'degree': 4, 'gamma': 0.01, 'kernel': 'poly', 'random_state': 4}",5,0.5161290322580645,0.5714285714285714,0.5190198842817,0.9010106603904194,0.4911739891330531,0.9556313993174061,0.99644128113879,0.9993315832290264,0.9999706621551581,0.9993297225816727,0.743392827000207
SVC_poly,"{'C': 10, 'degree': 4, 'gamma': 0.1, 'kernel': 'poly', 'random_state': 4}",1,0.6956521739130435,0.8421052631578947,0.7214028979431919,0.8460734272184982,0.7405846671711696,1.0,1.0,1.0,1.0,1.0,0.3545474269994884
SVC_poly,"{'C': 10, 'degree': 4, 'gamma': 0.1, 'kernel': 'poly', 'random_state': 4}",2,0.48717948717948717,0.7037037037037037,0.5638589320537608,0.85383502170767,0.5100153079103275,1.0,1.0,1.0,1.0,1.0,0.39780950299973483
SVC_poly,"{'C': 10, 'degree': 4, 'gamma': 0.1, 'kernel': 'poly', 'random_state': 4}",3,0.4411764705882353,0.6521739130434783,0.5054179962472951,0.8749999999999999,0.4881980629375334,1.0,1.0,1.0,1.0,1.0,0.4838414229998307
SVC_poly,"{'C': 10, 'degree': 4, 'gamma': 0.1, 'kernel': 'poly', 'random_state': 4}",4,0.4473684210526316,0.6071428571428571,0.46209400156814445,0.8995284453909339,0.4115257656279221,1.0,1.0,1.0,1.0,1.0,0.5773279070017452
SVC_poly,"{'C': 10, 'degree': 4, 'gamma': 0.1, 'kernel': 'poly', 'random_state': 4}",5,0.5161290322580645,0.5333333333333333,0.5082557759611612,0.8822280677465503,0.4920656862690062,1.0,1.0,1.0,1.0,1.0,0.6899997589971463
SVC_poly,"{'C': 10, 'degree': 4, 'gamma': 1, 'kernel': 'poly', 'random_state': 4}",1,0.6956521739130435,0.8421052631578947,0.7214028979431919,0.8460734272184982,0.7405846671711696,1.0,1.0,1.0,1.0,1.0,0.34757751299912343
SVC_poly,"{'C': 10, 'degree': 4, 'gamma': 1, 'kernel': 'poly', 'random_state': 4}",2,0.48717948717948717,0.7037037037037037,0.5638589320537608,0.85383502170767,0.5100153079103275,1.0,1.0,1.0,1.0,1.0,0.42376751199844875
SVC_poly,"{'C': 10, 'degree': 4, 'gamma': 1, 'kernel': 'poly', 'random_state': 4}",3,0.4411764705882353,0.6521739130434783,0.5054179962472951,0.8749999999999999,0.4881980629375334,1.0,1.0,1.0,1.0,1.0,0.48233060499842395
SVC_poly,"{'C': 10, 'degree': 4, 'gamma': 1, 'kernel': 'poly', 'random_state': 4}",4,0.4473684210526316,0.6071428571428571,0.46209400156814445,0.8995284453909339,0.4115257656279221,1.0,1.0,1.0,1.0,1.0,0.5617290310001408
SVC_poly,"{'C': 10, 'degree': 4, 'gamma': 1, 'kernel': 'poly', 'random_state': 4}",5,0.5161290322580645,0.5333333333333333,0.5082557759611612,0.8822280677465503,0.4920656862690062,1.0,1.0,1.0,1.0,1.0,0.7165670330032299
SVC_poly,"{'C': 10, 'degree': 4, 'gamma': 10, 'kernel': 'poly', 'random_state': 4}",1,0.6956521739130435,0.8421052631578947,0.7214028979431919,0.8460734272184982,0.7405846671711696,1.0,1.0,1.0,1.0,1.0,0.3525511480002024
SVC_poly,"{'C': 10, 'degree': 4, 'gamma': 10, 'kernel': 'poly', 'random_state': 4}",2,0.48717948717948717,0.7037037037037037,0.5638589320537608,0.85383502170767,0.5100153079103275,1.0,1.0,1.0,1.0,1.0,0.41272116500113043
SVC_poly,"{'C': 10, 'degree': 4, 'gamma': 10, 'kernel': 'poly', 'random_state': 4}",3,0.4411764705882353,0.6521739130434783,0.5054179962472951,0.8749999999999999,0.4881980629375334,1.0,1.0,1.0,1.0,1.0,0.6530527729992173
SVC_poly,"{'C': 10, 'degree': 4, 'gamma': 10, 'kernel': 'poly', 'random_state': 4}",4,0.4473684210526316,0.6071428571428571,0.462089946936336,0.8994904167934286,0.4115223114279384,1.0,1.0,1.0,1.0,1.0,1.168805118999444
SVC_poly,"{'C': 10, 'degree': 4, 'gamma': 10, 'kernel': 'poly', 'random_state': 4}",5,0.5161290322580645,0.5333333333333333,0.5082557759611612,0.8822280677465503,0.4920656862690062,1.0,1.0,1.0,1.0,1.0,1.421279392001452
SVC_poly,"{'C': 10, 'degree': 4, 'gamma': 100, 'kernel': 'poly', 'random_state': 4}",1,0.6956521739130435,0.8421052631578947,0.7214028979431919,0.8460734272184982,0.7405846671711696,1.0,1.0,1.0,1.0,1.0,0.4914183800028695
SVC_poly,"{'C': 10, 'degree': 4, 'gamma': 100, 'kernel': 'poly', 'random_state': 4}",2,0.48717948717948717,0.7037037037037037,0.5638589320537608,0.85383502170767,0.5100153079103275,1.0,1.0,1.0,1.0,1.0,0.41271823100032634
SVC_poly,"{'C': 10, 'degree': 4, 'gamma': 100, 'kernel': 'poly', 'random_state': 4}",3,0.4411764705882353,0.6521739130434783,0.5054179962472951,0.8749999999999999,0.4881980629375334,1.0,1.0,1.0,1.0,1.0,0.5000931290014705
SVC_poly,"{'C': 10, 'degree': 4, 'gamma': 100, 'kernel': 'poly', 'random_state': 4}",4,0.4473684210526316,0.6071428571428571,0.462089946936336,0.8994904167934286,0.4115223114279384,1.0,1.0,1.0,1.0,1.0,0.5917936890000419
SVC_poly,"{'C': 10, 'degree': 4, 'gamma': 100, 'kernel': 'poly', 'random_state': 4}",5,0.5161290322580645,0.5333333333333333,0.5082557759611612,0.8822280677465503,0.4920656862690062,1.0,1.0,1.0,1.0,1.0,0.7375326059991494
SVC_poly,"{'C': 10, 'degree': 4, 'gamma': 'auto', 'kernel': 'poly', 'random_state': 4}",1,0.6956521739130435,0.8421052631578947,0.7214028979431919,0.8460734272184982,0.7405846671711696,1.0,1.0,1.0,1.0,1.0,0.34871728100188193
SVC_poly,"{'C': 10, 'degree': 4, 'gamma': 'auto', 'kernel': 'poly', 'random_state': 4}",2,0.48717948717948717,0.7037037037037037,0.5638589320537608,0.85383502170767,0.5100153079103275,1.0,1.0,1.0,1.0,1.0,0.43185096900197095
SVC_poly,"{'C': 10, 'degree': 4, 'gamma': 'auto', 'kernel': 'poly', 'random_state': 4}",3,0.4411764705882353,0.6521739130434783,0.5054179962472951,0.8749999999999999,0.4881980629375334,1.0,1.0,1.0,1.0,1.0,0.4712213309976505
SVC_poly,"{'C': 10, 'degree': 4, 'gamma': 'auto', 'kernel': 'poly', 'random_state': 4}",4,0.4473684210526316,0.6071428571428571,0.46209400156814445,0.8995284453909339,0.4115257656279221,1.0,1.0,1.0,1.0,1.0,0.5703975090000313
SVC_poly,"{'C': 10, 'degree': 4, 'gamma': 'auto', 'kernel': 'poly', 'random_state': 4}",5,0.5161290322580645,0.5333333333333333,0.5082557759611612,0.8822280677465503,0.4920656862690062,1.0,1.0,1.0,1.0,1.0,0.7196359810004651
SVC_poly,"{'C': 25, 'degree': 2, 'gamma': 0.01, 'kernel': 'poly', 'random_state': 4}",1,0.6956521739130435,0.64,0.740735505964772,0.9368427525982411,0.7708170476804784,0.9308176100628931,0.9673202614379085,0.9850931807181447,0.9992732035174071,0.9838188738083363,0.35518416599734337
SVC_poly,"{'C': 25, 'degree': 2, 'gamma': 0.01, 'kernel': 'poly', 'random_state': 4}",2,0.5384615384615384,0.6,0.6578701302808446,0.9632268358751715,0.6050435828007003,0.9395604395604396,0.9771428571428571,0.9829524881123725,0.9990835954433385,0.9814204543213827,0.3921575580025092
SVC_poly,"{'C': 25, 'degree': 2, 'gamma': 0.01, 'kernel': 'poly', 'random_state': 4}",3,0.5,0.5862068965517241,0.595880297588392,0.9395283975659229,0.5795466755162829,0.9321266968325792,0.976303317535545,0.97843265859867,0.9983745911051856,0.9767861348414638,0.47939430699989316
SVC_poly,"{'C': 25, 'degree': 2, 'gamma': 0.01, 'kernel': 'poly', 'random_state': 4}",4,0.5526315789473685,0.6363636363636364,0.5854595466052085,0.9476726498326742,0.5453976573361626,0.9137254901960784,0.9588477366255144,0.9781938531305764,0.9984776737170717,0.977558523572986,0.5896546750009293
SVC_poly,"{'C': 25, 'degree': 2, 'gamma': 0.01, 'kernel': 'poly', 'random_state': 4}",5,0.5483870967741935,0.5862068965517241,0.6170744189423966,0.9358530619779408,0.6205520912975975,0.8976109215017065,0.9740740740740741,0.9728388574072988,0.9975530064228149,0.9715465010321592,0.7302088430005824
SVC_poly,"{'C': 25, 'degree': 2, 'gamma': 0.1, 'kernel': 'poly', 'random_state': 4}",1,0.6521739130434783,0.625,0.6873138738861274,0.9281102023245803,0.7249942990485888,1.0,1.0,1.0,1.0,1.0,0.36383670999930473
SVC_poly,"{'C': 25, 'degree': 2, 'gamma': 0.1, 'kernel': 'poly', 'random_state': 4}",2,0.5641025641025641,0.5641025641025641,0.608179560262123,0.9536531967791013,0.5547140537427839,1.0,1.0,1.0,1.0,1.0,0.5098788869981945
SVC_poly,"{'C': 25, 'degree': 2, 'gamma': 0.1, 'kernel': 'poly', 'random_state': 4}",3,0.5,0.5862068965517241,0.6207822901229935,0.9454445571331981,0.607159815061274,1.0,1.0,1.0,1.0,1.0,0.5503133310012345
SVC_poly,"{'C': 25, 'degree': 2, 'gamma': 0.1, 'kernel': 'poly', 'random_state': 4}",4,0.5263157894736842,0.6060606060606061,0.5165337368721814,0.9178202007909948,0.46353721864393654,1.0,1.0,1.0,1.0,1.0,0.6910375109982851
SVC_poly,"{'C': 25, 'degree': 2, 'gamma': 0.1, 'kernel': 'poly', 'random_state': 4}",5,0.4838709677419355,0.4838709677419355,0.4982142236927099,0.9314227698555541,0.5076490965465076,1.0,1.0,1.0,1.0,1.0,1.4264469269983238
SVC_poly,"{'C': 25, 'degree': 2, 'gamma': 1, 'kernel': 'poly', 'random_state': 4}",1,0.6521739130434783,0.625,0.6873138738861274,0.9281102023245803,0.7249942990485888,1.0,1.0,1.0,1.0,1.0,0.6336969719995977
SVC_poly,"{'C': 25, 'degree': 2, 'gamma': 1, 'kernel': 'poly', 'random_state': 4}",2,0.5641025641025641,0.5641025641025641,0.6081878060327757,0.9536903039073805,0.5547207210848386,1.0,1.0,1.0,1.0,1.0,0.7504830460020457
SVC_poly,"{'C': 25, 'degree': 2, 'gamma': 1, 'kernel': 'poly', 'random_state': 4}",3,0.5,0.5862068965517241,0.6207822901229935,0.9454445571331981,0.607159815061274,1.0,1.0,1.0,1.0,1.0,0.9959447530018224
SVC_poly,"{'C': 25, 'degree': 2, 'gamma': 1, 'kernel': 'poly', 'random_state': 4}",4,0.5263157894736842,0.6060606060606061,0.5165337368721814,0.9178202007909948,0.46353721864393654,1.0,1.0,1.0,1.0,1.0,0.6737046640009794
SVC_poly,"{'C': 25, 'degree': 2, 'gamma': 1, 'kernel': 'poly', 'random_state': 4}",5,0.4838709677419355,0.4838709677419355,0.4982142236927099,0.9314227698555541,0.5076490965465076,1.0,1.0,1.0,1.0,1.0,0.9825552749971393
SVC_poly,"{'C': 25, 'degree': 2, 'gamma': 10, 'kernel': 'poly', 'random_state': 4}",1,0.6521739130434783,0.625,0.6873138738861274,0.9281102023245803,0.7249942990485888,1.0,1.0,1.0,1.0,1.0,0.3732641890019295
SVC_poly,"{'C': 25, 'degree': 2, 'gamma': 10, 'kernel': 'poly', 'random_state': 4}",2,0.5641025641025641,0.5641025641025641,0.6081878060327757,0.9536903039073805,0.5547207210848386,1.0,1.0,1.0,1.0,1.0,0.43275463900135946
SVC_poly,"{'C': 25, 'degree': 2, 'gamma': 10, 'kernel': 'poly', 'random_state': 4}",3,0.5,0.5862068965517241,0.6207822901229935,0.9454445571331981,0.607159815061274,1.0,1.0,1.0,1.0,1.0,0.5392012049996993
SVC_poly,"{'C': 25, 'degree': 2, 'gamma': 10, 'kernel': 'poly', 'random_state': 4}",4,0.5263157894736842,0.6060606060606061,0.5165337368721814,0.9178202007909948,0.46353721864393654,1.0,1.0,1.0,1.0,1.0,0.7343361900020682
SVC_poly,"{'C': 25, 'degree': 2, 'gamma': 10, 'kernel': 'poly', 'random_state': 4}",5,0.4838709677419355,0.4838709677419355,0.4982142236927099,0.9314227698555541,0.5076490965465076,1.0,1.0,1.0,1.0,1.0,0.9343189659994096
SVC_poly,"{'C': 25, 'degree': 2, 'gamma': 100, 'kernel': 'poly', 'random_state': 4}",1,0.6521739130434783,0.625,0.6873138738861274,0.9281102023245803,0.7249942990485888,1.0,1.0,1.0,1.0,1.0,0.37026006799715105
SVC_poly,"{'C': 25, 'degree': 2, 'gamma': 100, 'kernel': 'poly', 'random_state': 4}",2,0.5641025641025641,0.5641025641025641,0.6082520820691354,0.9537274110356599,0.5547776703966594,1.0,1.0,1.0,1.0,1.0,0.418879573000595
SVC_poly,"{'C': 25, 'degree': 2, 'gamma': 100, 'kernel': 'poly', 'random_state': 4}",3,0.5,0.5862068965517241,0.6207822901229935,0.9454445571331981,0.607159815061274,1.0,1.0,1.0,1.0,1.0,0.5420470170029148
SVC_poly,"{'C': 25, 'degree': 2, 'gamma': 100, 'kernel': 'poly', 'random_state': 4}",4,0.5263157894736842,0.6060606060606061,0.5165337368721814,0.9178202007909948,0.46353721864393654,1.0,1.0,1.0,1.0,1.0,0.7251077760010958
SVC_poly,"{'C': 25, 'degree': 2, 'gamma': 100, 'kernel': 'poly', 'random_state': 4}",5,0.4838709677419355,0.4838709677419355,0.4982142236927099,0.9314227698555541,0.5076490965465076,1.0,1.0,1.0,1.0,1.0,0.9622706650006876
SVC_poly,"{'C': 25, 'degree': 2, 'gamma': 'auto', 'kernel': 'poly', 'random_state': 4}",1,0.6956521739130435,0.5925925925925926,0.699721762935542,0.931984502798106,0.7345328902286192,1.0,0.99375,0.9999208876406407,0.9999964019976109,0.9999208860759494,0.36738932600201224
SVC_poly,"{'C': 25, 'degree': 2, 'gamma': 'auto', 'kernel': 'poly', 'random_state': 4}",2,0.5641025641025641,0.5945945945945946,0.6529429734493107,0.9654161564436528,0.5994076265575525,0.989010989010989,0.994475138121547,0.9949953101142486,0.9998561989996679,0.9943003720334284,0.44028782500026864
SVC_poly,"{'C': 25, 'degree': 2, 'gamma': 'auto', 'kernel': 'poly', 'random_state': 4}",3,0.5294117647058824,0.6206896551724138,0.6078095555579427,0.9480645706558486,0.5923004583894409,0.9909502262443439,0.9954545454545455,0.9949489403721411,0.9998594640773539,0.9939004729105095,0.5192783889979182
SVC_poly,"{'C': 25, 'degree': 2, 'gamma': 'auto', 'kernel': 'poly', 'random_state': 4}",4,0.5789473684210527,0.6470588235294118,0.5658605238647239,0.9387739580164284,0.5243764135478086,0.9921568627450981,0.9921568627450981,0.9954143936948502,0.9998723210214319,0.9944294269604818,0.7222249010010273
SVC_poly,"{'C': 25, 'degree': 2, 'gamma': 'auto', 'kernel': 'poly', 'random_state': 4}",5,0.4838709677419355,0.46875,0.5289122289303215,0.9215007614564584,0.5354698339412028,0.9692832764505119,0.9964912280701754,0.991946271624017,0.9994539901098866,0.9898279850289967,1.5765923939979984
SVC_poly,"{'C': 25, 'degree': 3, 'gamma': 0.01, 'kernel': 'poly', 'random_state': 4}",1,0.6521739130434783,0.75,0.7312948713464859,0.8871533116044524,0.7543875946858912,0.9937106918238994,0.9937106918238994,0.9999605682132827,0.9999982009988054,0.9999605682132827,0.6382847179993405
SVC_poly,"{'C': 25, 'degree': 3, 'gamma': 0.01, 'kernel': 'poly', 'random_state': 4}",2,0.5128205128205128,0.6666666666666666,0.6193283711177417,0.9450814501465731,0.5594942402823028,0.9945054945054945,0.9945054945054945,0.9999091792000665,0.9999960781545364,0.9999091755239297,0.6480674949998502
SVC_poly,"{'C': 25, 'degree': 3, 'gamma': 0.01, 'kernel': 'poly', 'random_state': 4}",3,0.5,0.68,0.5883896203517862,0.922371534820825,0.5714089345558225,0.9864253393665159,0.9954337899543378,0.9960140409074616,0.9998798048030001,0.9954782147876777,0.7823340400027519
SVC_poly,"{'C': 25, 'degree': 3, 'gamma': 0.01, 'kernel': 'poly', 'random_state': 4}",4,0.5263157894736842,0.625,0.5527127145040249,0.955278369333739,0.49250754642164823,0.9921568627450981,0.9960629921259843,0.9998616602949902,0.9999936862043565,0.9998616554224504,0.6212721129995771
SVC_poly,"{'C': 25, 'degree': 3, 'gamma': 0.01, 'kernel': 'poly', 'random_state': 4}",5,0.6129032258064516,0.5428571428571428,0.5702431847354066,0.945221283861738,0.5548498384324048,0.9863481228668942,0.996551724137931,0.9967684423998141,0.9999005773035913,0.9963014740520865,0.7590102569993178
SVC_poly,"{'C': 25, 'degree': 3, 'gamma': 0.1, 'kernel': 'poly', 'random_state': 4}",1,0.6956521739130435,0.7272727272727273,0.734510582780495,0.8891212102576717,0.7552961473752692,1.0,1.0,1.0,1.0,1.0,0.37343246300224564
SVC_poly,"{'C': 25, 'degree': 3, 'gamma': 0.1, 'kernel': 'poly', 'random_state': 4}",2,0.5128205128205128,0.6451612903225806,0.6046886380341038,0.9302385988348362,0.5472855030380739,1.0,1.0,1.0,1.0,1.0,0.39759085300102015
SVC_poly,"{'C': 25, 'degree': 3, 'gamma': 0.1, 'kernel': 'poly', 'random_state': 4}",3,0.5,0.6538461538461539,0.6235829769568431,0.917131507775524,0.61070139283969,1.0,1.0,1.0,1.0,1.0,0.4879447720013559
SVC_poly,"{'C': 25, 'degree': 3, 'gamma': 0.1, 'kernel': 'poly', 'random_state': 4}",4,0.5263157894736842,0.6666666666666666,0.5167519522219362,0.9287344082750228,0.4637263064730452,1.0,1.0,1.0,1.0,1.0,0.5698650570011523
SVC_poly,"{'C': 25, 'degree': 3, 'gamma': 0.1, 'kernel': 'poly', 'random_state': 4}",5,0.6129032258064516,0.5588235294117647,0.58817239764599,0.9385758456781578,0.5328281309058563,1.0,1.0,1.0,1.0,1.0,0.766006465000828
SVC_poly,"{'C': 25, 'degree': 3, 'gamma': 1, 'kernel': 'poly', 'random_state': 4}",1,0.6956521739130435,0.7272727272727273,0.734510582780495,0.8891212102576717,0.7552961473752692,1.0,1.0,1.0,1.0,1.0,0.34726191200024914
SVC_poly,"{'C': 25, 'degree': 3, 'gamma': 1, 'kernel': 'poly', 'random_state': 4}",2,0.5128205128205128,0.6451612903225806,0.6046886380341038,0.9302385988348362,0.5472855030380739,1.0,1.0,1.0,1.0,1.0,0.4162061709976115
SVC_poly,"{'C': 25, 'degree': 3, 'gamma': 1, 'kernel': 'poly', 'random_state': 4}",3,0.5,0.6538461538461539,0.6236094716814112,0.9171737660581474,0.6107265101613351,1.0,1.0,1.0,1.0,1.0,0.46627037600046606
SVC_poly,"{'C': 25, 'degree': 3, 'gamma': 1, 'kernel': 'poly', 'random_state': 4}",4,0.5263157894736842,0.6666666666666666,0.5167519522219362,0.9287344082750228,0.4637263064730452,1.0,1.0,1.0,1.0,1.0,0.5884516190017166
SVC_poly,"{'C': 25, 'degree': 3, 'gamma': 1, 'kernel': 'poly', 'random_state': 4}",5,0.6129032258064516,0.5588235294117647,0.58817239764599,0.9385758456781578,0.5328281309058563,1.0,1.0,1.0,1.0,1.0,0.759115369997744
SVC_poly,"{'C': 25, 'degree': 3, 'gamma': 10, 'kernel': 'poly', 'random_state': 4}",1,0.6956521739130435,0.7272727272727273,0.734510582780495,0.8891212102576717,0.7552961473752692,1.0,1.0,1.0,1.0,1.0,0.3650058290004381
SVC_poly,"{'C': 25, 'degree': 3, 'gamma': 10, 'kernel': 'poly', 'random_state': 4}",2,0.5128205128205128,0.6451612903225806,0.6046886380341038,0.9302385988348362,0.5472855030380739,1.0,1.0,1.0,1.0,1.0,0.395836349001911
SVC_poly,"{'C': 25, 'degree': 3, 'gamma': 10, 'kernel': 'poly', 'random_state': 4}",3,0.5,0.6538461538461539,0.6235829769568431,0.917131507775524,0.61070139283969,1.0,1.0,1.0,1.0,1.0,0.49654113999713445
SVC_poly,"{'C': 25, 'degree': 3, 'gamma': 10, 'kernel': 'poly', 'random_state': 4}",4,0.5263157894736842,0.6666666666666666,0.5167519522219362,0.9287344082750228,0.4637263064730452,1.0,1.0,1.0,1.0,1.0,0.5534917750010209
SVC_poly,"{'C': 25, 'degree': 3, 'gamma': 10, 'kernel': 'poly', 'random_state': 4}",5,0.6129032258064516,0.5588235294117647,0.58817239764599,0.9385758456781578,0.5328281309058563,1.0,1.0,1.0,1.0,1.0,0.7742226610025682
SVC_poly,"{'C': 25, 'degree': 3, 'gamma': 100, 'kernel': 'poly', 'random_state': 4}",1,0.6956521739130435,0.7272727272727273,0.734510582780495,0.8891212102576717,0.7552961473752692,1.0,1.0,1.0,1.0,1.0,0.34131558099761605
SVC_poly,"{'C': 25, 'degree': 3, 'gamma': 100, 'kernel': 'poly', 'random_state': 4}",2,0.5128205128205128,0.6451612903225806,0.6046886380341038,0.9302385988348362,0.5472855030380739,1.0,1.0,1.0,1.0,1.0,0.4102229359996272
SVC_poly,"{'C': 25, 'degree': 3, 'gamma': 100, 'kernel': 'poly', 'random_state': 4}",3,0.5,0.6538461538461539,0.6235829769568431,0.917131507775524,0.61070139283969,1.0,1.0,1.0,1.0,1.0,0.8206634069974825
SVC_poly,"{'C': 25, 'degree': 3, 'gamma': 100, 'kernel': 'poly', 'random_state': 4}",4,0.5263157894736842,0.6666666666666666,0.5167519522219362,0.9287344082750228,0.4637263064730452,1.0,1.0,1.0,1.0,1.0,1.0025080209998123
SVC_poly,"{'C': 25, 'degree': 3, 'gamma': 100, 'kernel': 'poly', 'random_state': 4}",5,0.6129032258064516,0.5588235294117647,0.58817239764599,0.9385758456781578,0.5328281309058563,1.0,1.0,1.0,1.0,1.0,1.3898181069998827
SVC_poly,"{'C': 25, 'degree': 3, 'gamma': 'auto', 'kernel': 'poly', 'random_state': 4}",1,0.6956521739130435,0.7272727272727273,0.734510582780495,0.8891212102576717,0.7552961473752692,1.0,1.0,1.0,1.0,1.0,0.4649331680011528
SVC_poly,"{'C': 25, 'degree': 3, 'gamma': 'auto', 'kernel': 'poly', 'random_state': 4}",2,0.5128205128205128,0.6451612903225806,0.6046886380341038,0.9302385988348362,0.5472855030380739,1.0,1.0,1.0,1.0,1.0,0.40455127600216656
SVC_poly,"{'C': 25, 'degree': 3, 'gamma': 'auto', 'kernel': 'poly', 'random_state': 4}",3,0.5,0.6538461538461539,0.6235829769568431,0.917131507775524,0.61070139283969,1.0,1.0,1.0,1.0,1.0,0.48459687200011103
SVC_poly,"{'C': 25, 'degree': 3, 'gamma': 'auto', 'kernel': 'poly', 'random_state': 4}",4,0.5263157894736842,0.6666666666666666,0.5167519522219362,0.9287344082750228,0.4637263064730452,1.0,1.0,1.0,1.0,1.0,0.5586319030007871
SVC_poly,"{'C': 25, 'degree': 3, 'gamma': 'auto', 'kernel': 'poly', 'random_state': 4}",5,0.6129032258064516,0.5588235294117647,0.58817239764599,0.9385758456781578,0.5328281309058563,1.0,1.0,1.0,1.0,1.0,0.7179335199980414
SVC_poly,"{'C': 25, 'degree': 4, 'gamma': 0.01, 'kernel': 'poly', 'random_state': 4}",1,0.6956521739130435,0.8888888888888888,0.7346808201134734,0.8597257241252075,0.7543624115878527,0.9937106918238994,1.0,1.0,1.0,1.0,0.34751003999917884
SVC_poly,"{'C': 25, 'degree': 4, 'gamma': 0.01, 'kernel': 'poly', 'random_state': 4}",2,0.48717948717948717,0.76,0.5424822316999645,0.8559130208913132,0.4811174809787531,0.9945054945054945,1.0,1.0,1.0,1.0,0.41955989399866667
SVC_poly,"{'C': 25, 'degree': 4, 'gamma': 0.01, 'kernel': 'poly', 'random_state': 4}",3,0.4411764705882353,0.6521739130434783,0.5383939260307884,0.8831135902636917,0.5180176852763592,0.995475113122172,1.0,1.0,1.0,1.0,0.47384590299770935
SVC_poly,"{'C': 25, 'degree': 4, 'gamma': 0.01, 'kernel': 'poly', 'random_state': 4}",4,0.42105263157894735,0.5925925925925926,0.47976963664507544,0.9075905080620627,0.42925740766188514,0.996078431372549,1.0,1.0,1.0,1.0,0.6017257640014577
SVC_poly,"{'C': 25, 'degree': 4, 'gamma': 0.01, 'kernel': 'poly', 'random_state': 4}",5,0.5483870967741935,0.5483870967741935,0.5270001468721611,0.8800590705616319,0.504632287412459,0.9931740614334471,1.0,1.0,1.0,1.0,0.7644171840001945
SVC_poly,"{'C': 25, 'degree': 4, 'gamma': 0.1, 'kernel': 'poly', 'random_state': 4}",1,0.6956521739130435,0.8421052631578947,0.7214028979431919,0.8460734272184982,0.7405846671711696,1.0,1.0,1.0,1.0,1.0,0.35733582800094155
SVC_poly,"{'C': 25, 'degree': 4, 'gamma': 0.1, 'kernel': 'poly', 'random_state': 4}",2,0.48717948717948717,0.7037037037037037,0.5638589320537608,0.85383502170767,0.5100153079103275,1.0,1.0,1.0,1.0,1.0,0.3994946259990684
SVC_poly,"{'C': 25, 'degree': 4, 'gamma': 0.1, 'kernel': 'poly', 'random_state': 4}",3,0.4411764705882353,0.6521739130434783,0.5054179962472951,0.8749999999999999,0.4881980629375334,1.0,1.0,1.0,1.0,1.0,0.4866587709984742
SVC_poly,"{'C': 25, 'degree': 4, 'gamma': 0.1, 'kernel': 'poly', 'random_state': 4}",4,0.4473684210526316,0.6071428571428571,0.46209400156814445,0.8995284453909339,0.4115257656279221,1.0,1.0,1.0,1.0,1.0,0.5749158170001465
SVC_poly,"{'C': 25, 'degree': 4, 'gamma': 0.1, 'kernel': 'poly', 'random_state': 4}",5,0.5161290322580645,0.5333333333333333,0.5082557759611612,0.8822280677465503,0.4920656862690062,1.0,1.0,1.0,1.0,1.0,0.6763409049999609
SVC_poly,"{'C': 25, 'degree': 4, 'gamma': 1, 'kernel': 'poly', 'random_state': 4}",1,0.6956521739130435,0.8421052631578947,0.7214028979431919,0.8460734272184982,0.7405846671711696,1.0,1.0,1.0,1.0,1.0,0.35091823499897146
SVC_poly,"{'C': 25, 'degree': 4, 'gamma': 1, 'kernel': 'poly', 'random_state': 4}",2,0.48717948717948717,0.7037037037037037,0.5638589320537608,0.85383502170767,0.5100153079103275,1.0,1.0,1.0,1.0,1.0,0.42038443599813036
SVC_poly,"{'C': 25, 'degree': 4, 'gamma': 1, 'kernel': 'poly', 'random_state': 4}",3,0.4411764705882353,0.6521739130434783,0.5054179962472951,0.8749999999999999,0.4881980629375334,1.0,1.0,1.0,1.0,1.0,0.47249858799841604
SVC_poly,"{'C': 25, 'degree': 4, 'gamma': 1, 'kernel': 'poly', 'random_state': 4}",4,0.4473684210526316,0.6071428571428571,0.46209400156814445,0.8995284453909339,0.4115257656279221,1.0,1.0,1.0,1.0,1.0,0.5683710340017569
SVC_poly,"{'C': 25, 'degree': 4, 'gamma': 1, 'kernel': 'poly', 'random_state': 4}",5,0.5161290322580645,0.5333333333333333,0.5082557759611612,0.8822280677465503,0.4920656862690062,1.0,1.0,1.0,1.0,1.0,0.7399229220027337
SVC_poly,"{'C': 25, 'degree': 4, 'gamma': 10, 'kernel': 'poly', 'random_state': 4}",1,0.6956521739130435,0.8421052631578947,0.7214028979431919,0.8460734272184982,0.7405846671711696,1.0,1.0,1.0,1.0,1.0,0.5892145600009826
SVC_poly,"{'C': 25, 'degree': 4, 'gamma': 10, 'kernel': 'poly', 'random_state': 4}",2,0.48717948717948717,0.7037037037037037,0.5638589320537608,0.85383502170767,0.5100153079103275,1.0,1.0,1.0,1.0,1.0,0.8083140070011723
SVC_poly,"{'C': 25, 'degree': 4, 'gamma': 10, 'kernel': 'poly', 'random_state': 4}",3,0.4411764705882353,0.6521739130434783,0.5054179962472951,0.8749999999999999,0.4881980629375334,1.0,1.0,1.0,1.0,1.0,0.9153632589986955
SVC_poly,"{'C': 25, 'degree': 4, 'gamma': 10, 'kernel': 'poly', 'random_state': 4}",4,0.4473684210526316,0.6071428571428571,0.462089946936336,0.8994904167934286,0.4115223114279384,1.0,1.0,1.0,1.0,1.0,1.0728022110015445
SVC_poly,"{'C': 25, 'degree': 4, 'gamma': 10, 'kernel': 'poly', 'random_state': 4}",5,0.5161290322580645,0.5333333333333333,0.5082557759611612,0.8822280677465503,0.4920656862690062,1.0,1.0,1.0,1.0,1.0,0.7245949639982427
SVC_poly,"{'C': 25, 'degree': 4, 'gamma': 100, 'kernel': 'poly', 'random_state': 4}",1,0.6956521739130435,0.8421052631578947,0.7214028979431919,0.8460734272184982,0.7405846671711696,1.0,1.0,1.0,1.0,1.0,0.3703117770019162
SVC_poly,"{'C': 25, 'degree': 4, 'gamma': 100, 'kernel': 'poly', 'random_state': 4}",2,0.48717948717948717,0.7037037037037037,0.5638589320537608,0.85383502170767,0.5100153079103275,1.0,1.0,1.0,1.0,1.0,0.4072050399990985
SVC_poly,"{'C': 25, 'degree': 4, 'gamma': 100, 'kernel': 'poly', 'random_state': 4}",3,0.4411764705882353,0.6521739130434783,0.5054179962472951,0.8749999999999999,0.4881980629375334,1.0,1.0,1.0,1.0,1.0,0.5983678510019672
SVC_poly,"{'C': 25, 'degree': 4, 'gamma': 100, 'kernel': 'poly', 'random_state': 4}",4,0.4473684210526316,0.6071428571428571,0.462089946936336,0.8994904167934286,0.4115223114279384,1.0,1.0,1.0,1.0,1.0,0.58339088700086
SVC_poly,"{'C': 25, 'degree': 4, 'gamma': 100, 'kernel': 'poly', 'random_state': 4}",5,0.5161290322580645,0.5333333333333333,0.5082557759611612,0.8822280677465503,0.4920656862690062,1.0,1.0,1.0,1.0,1.0,0.7428651120026188
SVC_poly,"{'C': 25, 'degree': 4, 'gamma': 'auto', 'kernel': 'poly', 'random_state': 4}",1,0.6956521739130435,0.8421052631578947,0.7214028979431919,0.8460734272184982,0.7405846671711696,1.0,1.0,1.0,1.0,1.0,0.3475235670011898
SVC_poly,"{'C': 25, 'degree': 4, 'gamma': 'auto', 'kernel': 'poly', 'random_state': 4}",2,0.48717948717948717,0.7037037037037037,0.5638589320537608,0.85383502170767,0.5100153079103275,1.0,1.0,1.0,1.0,1.0,0.425999896000576
SVC_poly,"{'C': 25, 'degree': 4, 'gamma': 'auto', 'kernel': 'poly', 'random_state': 4}",3,0.4411764705882353,0.6521739130434783,0.5054179962472951,0.8749999999999999,0.4881980629375334,1.0,1.0,1.0,1.0,1.0,0.47130130299774464
SVC_poly,"{'C': 25, 'degree': 4, 'gamma': 'auto', 'kernel': 'poly', 'random_state': 4}",4,0.4473684210526316,0.6071428571428571,0.46209400156814445,0.8995284453909339,0.4115257656279221,1.0,1.0,1.0,1.0,1.0,0.5732173589967715
SVC_poly,"{'C': 25, 'degree': 4, 'gamma': 'auto', 'kernel': 'poly', 'random_state': 4}",5,0.5161290322580645,0.5333333333333333,0.5082557759611612,0.8822280677465503,0.4920656862690062,1.0,1.0,1.0,1.0,1.0,0.7135313940016204
SVC_poly,"{'C': 50, 'degree': 2, 'gamma': 0.01, 'kernel': 'poly', 'random_state': 4}",1,0.6956521739130435,0.64,0.7494120197633419,0.9381956829223295,0.7781015857895137,0.9811320754716981,0.975,0.9916176090764266,0.9997697278470994,0.9895951120069757,0.3835008139976708
SVC_poly,"{'C': 50, 'degree': 2, 'gamma': 0.01, 'kernel': 'poly', 'random_state': 4}",2,0.5384615384615384,0.5675675675675675,0.6549948437633384,0.965119299417418,0.6023264056234869,0.978021978021978,0.9834254143646409,0.9928892025907614,0.9998012931631776,0.9916205956450854,0.41117822700107354
SVC_poly,"{'C': 50, 'degree': 2, 'gamma': 0.01, 'kernel': 'poly', 'random_state': 4}",3,0.5,0.5862068965517241,0.6034035492848503,0.9463319810682894,0.5881239256195644,0.9773755656108597,0.9863013698630136,0.9887167960422976,0.9993860799168619,0.9868898237216186,0.5166344000026584
SVC_poly,"{'C': 50, 'degree': 2, 'gamma': 0.01, 'kernel': 'poly', 'random_state': 4}",4,0.5789473684210527,0.6111111111111112,0.5860068149053019,0.9467599634925464,0.5410112695781956,0.9568627450980393,0.9799196787148594,0.9915129752607008,0.999623276859939,0.9900003785342982,0.6662169960000028
SVC_poly,"{'C': 50, 'degree': 2, 'gamma': 0.01, 'kernel': 'poly', 'random_state': 4}",5,0.5161290322580645,0.5517241379310345,0.5574851136027607,0.9326687895149753,0.5648407922941366,0.9453924914675768,0.9857651245551602,0.987019388360755,0.9989671992028799,0.9835465624147631,0.8101388810027856
SVC_poly,"{'C': 50, 'degree': 2, 'gamma': 0.1, 'kernel': 'poly', 'random_state': 4}",1,0.6521739130434783,0.625,0.6873138738861274,0.9281102023245803,0.7249942990485888,1.0,1.0,1.0,1.0,1.0,0.36513651499990374
SVC_poly,"{'C': 50, 'degree': 2, 'gamma': 0.1, 'kernel': 'poly', 'random_state': 4}",2,0.5641025641025641,0.5641025641025641,0.608179560262123,0.9536531967791013,0.5547140537427839,1.0,1.0,1.0,1.0,1.0,0.41165872299825423
SVC_poly,"{'C': 50, 'degree': 2, 'gamma': 0.1, 'kernel': 'poly', 'random_state': 4}",3,0.5,0.5862068965517241,0.6207822901229935,0.9454445571331981,0.607159815061274,1.0,1.0,1.0,1.0,1.0,0.7729513429985673
SVC_poly,"{'C': 50, 'degree': 2, 'gamma': 0.1, 'kernel': 'poly', 'random_state': 4}",4,0.5263157894736842,0.6060606060606061,0.5165337368721814,0.9178202007909948,0.46353721864393654,1.0,1.0,1.0,1.0,1.0,1.3852886200002104
SVC_poly,"{'C': 50, 'degree': 2, 'gamma': 0.1, 'kernel': 'poly', 'random_state': 4}",5,0.4838709677419355,0.4838709677419355,0.4982142236927099,0.9314227698555541,0.5076490965465076,1.0,1.0,1.0,1.0,1.0,1.624119102001714
SVC_poly,"{'C': 50, 'degree': 2, 'gamma': 1, 'kernel': 'poly', 'random_state': 4}",1,0.6521739130434783,0.625,0.6873138738861274,0.9281102023245803,0.7249942990485888,1.0,1.0,1.0,1.0,1.0,0.38930671700290986
SVC_poly,"{'C': 50, 'degree': 2, 'gamma': 1, 'kernel': 'poly', 'random_state': 4}",2,0.5641025641025641,0.5641025641025641,0.6081878060327757,0.9536903039073805,0.5547207210848386,1.0,1.0,1.0,1.0,1.0,0.40269036600147956
SVC_poly,"{'C': 50, 'degree': 2, 'gamma': 1, 'kernel': 'poly', 'random_state': 4}",3,0.5,0.5862068965517241,0.6207822901229935,0.9454445571331981,0.607159815061274,1.0,1.0,1.0,1.0,1.0,0.5602843060005398
SVC_poly,"{'C': 50, 'degree': 2, 'gamma': 1, 'kernel': 'poly', 'random_state': 4}",4,0.5263157894736842,0.6060606060606061,0.5165337368721814,0.9178202007909948,0.46353721864393654,1.0,1.0,1.0,1.0,1.0,0.6458900199977506
SVC_poly,"{'C': 50, 'degree': 2, 'gamma': 1, 'kernel': 'poly', 'random_state': 4}",5,0.4838709677419355,0.4838709677419355,0.4982142236927099,0.9314227698555541,0.5076490965465076,1.0,1.0,1.0,1.0,1.0,0.9687638550021802
SVC_poly,"{'C': 50, 'degree': 2, 'gamma': 10, 'kernel': 'poly', 'random_state': 4}",1,0.6521739130434783,0.625,0.6873138738861274,0.9281102023245803,0.7249942990485888,1.0,1.0,1.0,1.0,1.0,0.37240200899759657
SVC_poly,"{'C': 50, 'degree': 2, 'gamma': 10, 'kernel': 'poly', 'random_state': 4}",2,0.5641025641025641,0.5641025641025641,0.6081878060327757,0.9536903039073805,0.5547207210848386,1.0,1.0,1.0,1.0,1.0,0.4391255020018434
SVC_poly,"{'C': 50, 'degree': 2, 'gamma': 10, 'kernel': 'poly', 'random_state': 4}",3,0.5,0.5862068965517241,0.6207822901229935,0.9454445571331981,0.607159815061274,1.0,1.0,1.0,1.0,1.0,0.542969746999006
SVC_poly,"{'C': 50, 'degree': 2, 'gamma': 10, 'kernel': 'poly', 'random_state': 4}",4,0.5263157894736842,0.6060606060606061,0.5165337368721814,0.9178202007909948,0.46353721864393654,1.0,1.0,1.0,1.0,1.0,0.7254295979982999
SVC_poly,"{'C': 50, 'degree': 2, 'gamma': 10, 'kernel': 'poly', 'random_state': 4}",5,0.4838709677419355,0.4838709677419355,0.4982142236927099,0.9314227698555541,0.5076490965465076,1.0,1.0,1.0,1.0,1.0,0.9269265939983597
SVC_poly,"{'C': 50, 'degree': 2, 'gamma': 100, 'kernel': 'poly', 'random_state': 4}",1,0.6521739130434783,0.625,0.6873138738861274,0.9281102023245803,0.7249942990485888,1.0,1.0,1.0,1.0,1.0,0.3724304600000323
SVC_poly,"{'C': 50, 'degree': 2, 'gamma': 100, 'kernel': 'poly', 'random_state': 4}",2,0.5641025641025641,0.5641025641025641,0.6082520820691354,0.9537274110356599,0.5547776703966594,1.0,1.0,1.0,1.0,1.0,0.42115593400012585
SVC_poly,"{'C': 50, 'degree': 2, 'gamma': 100, 'kernel': 'poly', 'random_state': 4}",3,0.5,0.5862068965517241,0.6207822901229935,0.9454445571331981,0.607159815061274,1.0,1.0,1.0,1.0,1.0,0.557108157001494
SVC_poly,"{'C': 50, 'degree': 2, 'gamma': 100, 'kernel': 'poly', 'random_state': 4}",4,0.5263157894736842,0.6060606060606061,0.5165337368721814,0.9178202007909948,0.46353721864393654,1.0,1.0,1.0,1.0,1.0,0.7386084310019214
SVC_poly,"{'C': 50, 'degree': 2, 'gamma': 100, 'kernel': 'poly', 'random_state': 4}",5,0.4838709677419355,0.4838709677419355,0.4982142236927099,0.9314227698555541,0.5076490965465076,1.0,1.0,1.0,1.0,1.0,0.9790070070012007
SVC_poly,"{'C': 50, 'degree': 2, 'gamma': 'auto', 'kernel': 'poly', 'random_state': 4}",1,0.6521739130434783,0.625,0.6886716236139562,0.9285406801549722,0.7260779527558404,1.0,1.0,1.0,1.0,1.0,0.37153833100092015
SVC_poly,"{'C': 50, 'degree': 2, 'gamma': 'auto', 'kernel': 'poly', 'random_state': 4}",2,0.5897435897435898,0.575,0.6279550912051957,0.9573268024787561,0.575291977946173,1.0,1.0,1.0,1.0,1.0,0.45616729500034126
SVC_poly,"{'C': 50, 'degree': 2, 'gamma': 'auto', 'kernel': 'poly', 'random_state': 4}",3,0.5588235294117647,0.6129032258064516,0.6147161030879148,0.9462474645030425,0.6006042836691259,1.0,0.9954954954954955,1.0,1.0,1.0,0.9308905069992761
SVC_poly,"{'C': 50, 'degree': 2, 'gamma': 'auto', 'kernel': 'poly', 'random_state': 4}",4,0.5789473684210527,0.6470588235294118,0.5208204049408904,0.9225357468816551,0.4625201714201673,1.0,0.99609375,0.9999846513360247,0.9999992984671507,0.9999846513360247,1.4025541150003846
SVC_poly,"{'C': 50, 'degree': 2, 'gamma': 'auto', 'kernel': 'poly', 'random_state': 4}",5,0.5161290322580645,0.5,0.5092211016790065,0.9258849047025706,0.5153291992488216,0.9931740614334471,0.9965753424657534,0.9971619330186084,0.9999098132917823,0.996823377388498,1.3539838940014306
SVC_poly,"{'C': 50, 'degree': 3, 'gamma': 0.01, 'kernel': 'poly', 'random_state': 4}",1,0.6956521739130435,0.7619047619047619,0.7326217749919001,0.8900436627513683,0.75468272096797,1.0,1.0,1.0,1.0,1.0,0.35567964499932714
SVC_poly,"{'C': 50, 'degree': 3, 'gamma': 0.01, 'kernel': 'poly', 'random_state': 4}",2,0.5384615384615384,0.6363636363636364,0.6009117583103972,0.9372518460796319,0.5378785600052264,1.0,1.0,1.0,1.0,1.0,0.41618249000021024
SVC_poly,"{'C': 50, 'degree': 3, 'gamma': 0.01, 'kernel': 'poly', 'random_state': 4}",3,0.5294117647058824,0.6666666666666666,0.619520967506093,0.9184415145368492,0.6063464232829019,1.0,1.0,1.0,1.0,1.0,0.45427850899795885
SVC_poly,"{'C': 50, 'degree': 3, 'gamma': 0.01, 'kernel': 'poly', 'random_state': 4}",4,0.5263157894736842,0.6666666666666666,0.5240118994941283,0.9344767264983267,0.47090637224485343,0.996078431372549,1.0,1.0,1.0,1.0,0.6155392340006074
SVC_poly,"{'C': 50, 'degree': 3, 'gamma': 0.01, 'kernel': 'poly', 'random_state': 4}",5,0.6451612903225806,0.5555555555555556,0.5770319857729255,0.9376990170289353,0.5493729773414068,0.9965870307167235,1.0,1.0,1.0,1.0,0.7529295410022314
SVC_poly,"{'C': 50, 'degree': 3, 'gamma': 0.1, 'kernel': 'poly', 'random_state': 4}",1,0.6956521739130435,0.7272727272727273,0.734510582780495,0.8891212102576717,0.7552961473752692,1.0,1.0,1.0,1.0,1.0,0.3577657560017542
SVC_poly,"{'C': 50, 'degree': 3, 'gamma': 0.1, 'kernel': 'poly', 'random_state': 4}",2,0.5128205128205128,0.6451612903225806,0.6046886380341038,0.9302385988348362,0.5472855030380739,1.0,1.0,1.0,1.0,1.0,0.4123567800015735
SVC_poly,"{'C': 50, 'degree': 3, 'gamma': 0.1, 'kernel': 'poly', 'random_state': 4}",3,0.5,0.6538461538461539,0.6235829769568431,0.917131507775524,0.61070139283969,1.0,1.0,1.0,1.0,1.0,0.5108786839991808
SVC_poly,"{'C': 50, 'degree': 3, 'gamma': 0.1, 'kernel': 'poly', 'random_state': 4}",4,0.5263157894736842,0.6666666666666666,0.5167519522219362,0.9287344082750228,0.4637263064730452,1.0,1.0,1.0,1.0,1.0,0.5893033760003163
SVC_poly,"{'C': 50, 'degree': 3, 'gamma': 0.1, 'kernel': 'poly', 'random_state': 4}",5,0.6129032258064516,0.5588235294117647,0.58817239764599,0.9385758456781578,0.5328281309058563,1.0,1.0,1.0,1.0,1.0,0.7611573770009272
SVC_poly,"{'C': 50, 'degree': 3, 'gamma': 1, 'kernel': 'poly', 'random_state': 4}",1,0.6956521739130435,0.7272727272727273,0.734510582780495,0.8891212102576717,0.7552961473752692,1.0,1.0,1.0,1.0,1.0,0.35129727799721877
SVC_poly,"{'C': 50, 'degree': 3, 'gamma': 1, 'kernel': 'poly', 'random_state': 4}",2,0.5128205128205128,0.6451612903225806,0.6046886380341038,0.9302385988348362,0.5472855030380739,1.0,1.0,1.0,1.0,1.0,0.4263906220003264
SVC_poly,"{'C': 50, 'degree': 3, 'gamma': 1, 'kernel': 'poly', 'random_state': 4}",3,0.5,0.6538461538461539,0.6236094716814112,0.9171737660581474,0.6107265101613351,1.0,1.0,1.0,1.0,1.0,0.4837196109983779
SVC_poly,"{'C': 50, 'degree': 3, 'gamma': 1, 'kernel': 'poly', 'random_state': 4}",4,0.5263157894736842,0.6666666666666666,0.5167519522219362,0.9287344082750228,0.4637263064730452,1.0,1.0,1.0,1.0,1.0,0.5985468180006137
SVC_poly,"{'C': 50, 'degree': 3, 'gamma': 1, 'kernel': 'poly', 'random_state': 4}",5,0.6129032258064516,0.5588235294117647,0.58817239764599,0.9385758456781578,0.5328281309058563,1.0,1.0,1.0,1.0,1.0,0.8072506230018917
SVC_poly,"{'C': 50, 'degree': 3, 'gamma': 10, 'kernel': 'poly', 'random_state': 4}",1,0.6956521739130435,0.7272727272727273,0.734510582780495,0.8891212102576717,0.7552961473752692,1.0,1.0,1.0,1.0,1.0,0.3597805839999637
SVC_poly,"{'C': 50, 'degree': 3, 'gamma': 10, 'kernel': 'poly', 'random_state': 4}",2,0.5128205128205128,0.6451612903225806,0.6046886380341038,0.9302385988348362,0.5472855030380739,1.0,1.0,1.0,1.0,1.0,0.40803210199737805
SVC_poly,"{'C': 50, 'degree': 3, 'gamma': 10, 'kernel': 'poly', 'random_state': 4}",3,0.5,0.6538461538461539,0.6235829769568431,0.917131507775524,0.61070139283969,1.0,1.0,1.0,1.0,1.0,0.4843925560016942
SVC_poly,"{'C': 50, 'degree': 3, 'gamma': 10, 'kernel': 'poly', 'random_state': 4}",4,0.5263157894736842,0.6666666666666666,0.5167519522219362,0.9287344082750228,0.4637263064730452,1.0,1.0,1.0,1.0,1.0,0.6404007640012424
SVC_poly,"{'C': 50, 'degree': 3, 'gamma': 10, 'kernel': 'poly', 'random_state': 4}",5,0.6129032258064516,0.5588235294117647,0.58817239764599,0.9385758456781578,0.5328281309058563,1.0,1.0,1.0,1.0,1.0,1.5439566720015137
SVC_poly,"{'C': 50, 'degree': 3, 'gamma': 100, 'kernel': 'poly', 'random_state': 4}",1,0.6956521739130435,0.7272727272727273,0.734510582780495,0.8891212102576717,0.7552961473752692,1.0,1.0,1.0,1.0,1.0,0.528261930001463
SVC_poly,"{'C': 50, 'degree': 3, 'gamma': 100, 'kernel': 'poly', 'random_state': 4}",2,0.5128205128205128,0.6451612903225806,0.6046886380341038,0.9302385988348362,0.5472855030380739,1.0,1.0,1.0,1.0,1.0,0.6818732559986529
SVC_poly,"{'C': 50, 'degree': 3, 'gamma': 100, 'kernel': 'poly', 'random_state': 4}",3,0.5,0.6538461538461539,0.6235829769568431,0.917131507775524,0.61070139283969,1.0,1.0,1.0,1.0,1.0,0.7279318270011572
SVC_poly,"{'C': 50, 'degree': 3, 'gamma': 100, 'kernel': 'poly', 'random_state': 4}",4,0.5263157894736842,0.6666666666666666,0.5167519522219362,0.9287344082750228,0.4637263064730452,1.0,1.0,1.0,1.0,1.0,0.5803905440006929
SVC_poly,"{'C': 50, 'degree': 3, 'gamma': 100, 'kernel': 'poly', 'random_state': 4}",5,0.6129032258064516,0.5588235294117647,0.58817239764599,0.9385758456781578,0.5328281309058563,1.0,1.0,1.0,1.0,1.0,0.7563862739989418
SVC_poly,"{'C': 50, 'degree': 3, 'gamma': 'auto', 'kernel': 'poly', 'random_state': 4}",1,0.6956521739130435,0.7272727272727273,0.734510582780495,0.8891212102576717,0.7552961473752692,1.0,1.0,1.0,1.0,1.0,0.35735666700202273
SVC_poly,"{'C': 50, 'degree': 3, 'gamma': 'auto', 'kernel': 'poly', 'random_state': 4}",2,0.5128205128205128,0.6451612903225806,0.6046886380341038,0.9302385988348362,0.5472855030380739,1.0,1.0,1.0,1.0,1.0,0.4303537089981546
SVC_poly,"{'C': 50, 'degree': 3, 'gamma': 'auto', 'kernel': 'poly', 'random_state': 4}",3,0.5,0.6538461538461539,0.6235829769568431,0.917131507775524,0.61070139283969,1.0,1.0,1.0,1.0,1.0,0.48272129199904157
SVC_poly,"{'C': 50, 'degree': 3, 'gamma': 'auto', 'kernel': 'poly', 'random_state': 4}",4,0.5263157894736842,0.6666666666666666,0.5167519522219362,0.9287344082750228,0.4637263064730452,1.0,1.0,1.0,1.0,1.0,0.5814844870001252
SVC_poly,"{'C': 50, 'degree': 3, 'gamma': 'auto', 'kernel': 'poly', 'random_state': 4}",5,0.6129032258064516,0.5588235294117647,0.58817239764599,0.9385758456781578,0.5328281309058563,1.0,1.0,1.0,1.0,1.0,0.7133614900012617
SVC_poly,"{'C': 50, 'degree': 4, 'gamma': 0.01, 'kernel': 'poly', 'random_state': 4}",1,0.6956521739130435,0.8421052631578947,0.7214028979431919,0.8460734272184982,0.7405846671711696,1.0,1.0,1.0,1.0,1.0,0.3665338389982935
SVC_poly,"{'C': 50, 'degree': 4, 'gamma': 0.01, 'kernel': 'poly', 'random_state': 4}",2,0.48717948717948717,0.7037037037037037,0.5644528495684564,0.8538350217076701,0.5101701084402795,1.0,1.0,1.0,1.0,1.0,0.4121506550000049
SVC_poly,"{'C': 50, 'degree': 4, 'gamma': 0.01, 'kernel': 'poly', 'random_state': 4}",3,0.4411764705882353,0.6521739130434783,0.5107837650753366,0.8768593644354294,0.4938832560752696,1.0,1.0,1.0,1.0,1.0,0.5038272729980235
SVC_poly,"{'C': 50, 'degree': 4, 'gamma': 0.01, 'kernel': 'poly', 'random_state': 4}",4,0.4473684210526316,0.6071428571428571,0.4674491982955158,0.9015819896562215,0.41678079910143806,1.0,1.0,1.0,1.0,1.0,0.5925599690017407
SVC_poly,"{'C': 50, 'degree': 4, 'gamma': 0.01, 'kernel': 'poly', 'random_state': 4}",5,0.5161290322580645,0.5161290322580645,0.5159836347690231,0.8844893626840186,0.49990601814836766,1.0,1.0,1.0,1.0,1.0,0.7631389199996192
SVC_poly,"{'C': 50, 'degree': 4, 'gamma': 0.1, 'kernel': 'poly', 'random_state': 4}",1,0.6956521739130435,0.8421052631578947,0.7214028979431919,0.8460734272184982,0.7405846671711696,1.0,1.0,1.0,1.0,1.0,0.3612365429980855
SVC_poly,"{'C': 50, 'degree': 4, 'gamma': 0.1, 'kernel': 'poly', 'random_state': 4}",2,0.48717948717948717,0.7037037037037037,0.5638589320537608,0.85383502170767,0.5100153079103275,1.0,1.0,1.0,1.0,1.0,0.4302289330007625
SVC_poly,"{'C': 50, 'degree': 4, 'gamma': 0.1, 'kernel': 'poly', 'random_state': 4}",3,0.4411764705882353,0.6521739130434783,0.5054179962472951,0.8749999999999999,0.4881980629375334,1.0,1.0,1.0,1.0,1.0,0.47841350399903604
SVC_poly,"{'C': 50, 'degree': 4, 'gamma': 0.1, 'kernel': 'poly', 'random_state': 4}",4,0.4473684210526316,0.6071428571428571,0.46209400156814445,0.8995284453909339,0.4115257656279221,1.0,1.0,1.0,1.0,1.0,0.6988463939997018
SVC_poly,"{'C': 50, 'degree': 4, 'gamma': 0.1, 'kernel': 'poly', 'random_state': 4}",5,0.5161290322580645,0.5333333333333333,0.5082557759611612,0.8822280677465503,0.4920656862690062,1.0,1.0,1.0,1.0,1.0,0.6725447160024487
SVC_poly,"{'C': 50, 'degree': 4, 'gamma': 1, 'kernel': 'poly', 'random_state': 4}",1,0.6956521739130435,0.8421052631578947,0.7214028979431919,0.8460734272184982,0.7405846671711696,1.0,1.0,1.0,1.0,1.0,0.37692122400039807
SVC_poly,"{'C': 50, 'degree': 4, 'gamma': 1, 'kernel': 'poly', 'random_state': 4}",2,0.48717948717948717,0.7037037037037037,0.5638589320537608,0.85383502170767,0.5100153079103275,1.0,1.0,1.0,1.0,1.0,0.5292221669988066
SVC_poly,"{'C': 50, 'degree': 4, 'gamma': 1, 'kernel': 'poly', 'random_state': 4}",3,0.4411764705882353,0.6521739130434783,0.5054179962472951,0.8749999999999999,0.4881980629375334,1.0,1.0,1.0,1.0,1.0,0.9066143710006145
SVC_poly,"{'C': 50, 'degree': 4, 'gamma': 1, 'kernel': 'poly', 'random_state': 4}",4,0.4473684210526316,0.6071428571428571,0.46209400156814445,0.8995284453909339,0.4115257656279221,1.0,1.0,1.0,1.0,1.0,1.07573477799815
SVC_poly,"{'C': 50, 'degree': 4, 'gamma': 1, 'kernel': 'poly', 'random_state': 4}",5,0.5161290322580645,0.5333333333333333,0.5082557759611612,0.8822280677465503,0.4920656862690062,1.0,1.0,1.0,1.0,1.0,1.3012712780000584
SVC_poly,"{'C': 50, 'degree': 4, 'gamma': 10, 'kernel': 'poly', 'random_state': 4}",1,0.6956521739130435,0.8421052631578947,0.7214028979431919,0.8460734272184982,0.7405846671711696,1.0,1.0,1.0,1.0,1.0,0.37078864500290365
SVC_poly,"{'C': 50, 'degree': 4, 'gamma': 10, 'kernel': 'poly', 'random_state': 4}",2,0.48717948717948717,0.7037037037037037,0.5638589320537608,0.85383502170767,0.5100153079103275,1.0,1.0,1.0,1.0,1.0,0.4165301030006958
SVC_poly,"{'C': 50, 'degree': 4, 'gamma': 10, 'kernel': 'poly', 'random_state': 4}",3,0.4411764705882353,0.6521739130434783,0.5054179962472951,0.8749999999999999,0.4881980629375334,1.0,1.0,1.0,1.0,1.0,0.505178342002182
SVC_poly,"{'C': 50, 'degree': 4, 'gamma': 10, 'kernel': 'poly', 'random_state': 4}",4,0.4473684210526316,0.6071428571428571,0.462089946936336,0.8994904167934286,0.4115223114279384,1.0,1.0,1.0,1.0,1.0,0.6017235250001249
SVC_poly,"{'C': 50, 'degree': 4, 'gamma': 10, 'kernel': 'poly', 'random_state': 4}",5,0.5161290322580645,0.5333333333333333,0.5082557759611612,0.8822280677465503,0.4920656862690062,1.0,1.0,1.0,1.0,1.0,0.7516952279984253
SVC_poly,"{'C': 50, 'degree': 4, 'gamma': 100, 'kernel': 'poly', 'random_state': 4}",1,0.6956521739130435,0.8421052631578947,0.7214028979431919,0.8460734272184982,0.7405846671711696,1.0,1.0,1.0,1.0,1.0,0.35864859700086527
SVC_poly,"{'C': 50, 'degree': 4, 'gamma': 100, 'kernel': 'poly', 'random_state': 4}",2,0.48717948717948717,0.7037037037037037,0.5638589320537608,0.85383502170767,0.5100153079103275,1.0,1.0,1.0,1.0,1.0,0.42765295400022296
SVC_poly,"{'C': 50, 'degree': 4, 'gamma': 100, 'kernel': 'poly', 'random_state': 4}",3,0.4411764705882353,0.6521739130434783,0.5054179962472951,0.8749999999999999,0.4881980629375334,1.0,1.0,1.0,1.0,1.0,0.49090970600082073
SVC_poly,"{'C': 50, 'degree': 4, 'gamma': 100, 'kernel': 'poly', 'random_state': 4}",4,0.4473684210526316,0.6071428571428571,0.462089946936336,0.8994904167934286,0.4115223114279384,1.0,1.0,1.0,1.0,1.0,0.6072177460009698
SVC_poly,"{'C': 50, 'degree': 4, 'gamma': 100, 'kernel': 'poly', 'random_state': 4}",5,0.5161290322580645,0.5333333333333333,0.5082557759611612,0.8822280677465503,0.4920656862690062,1.0,1.0,1.0,1.0,1.0,0.7258612859986897
SVC_poly,"{'C': 50, 'degree': 4, 'gamma': 'auto', 'kernel': 'poly', 'random_state': 4}",1,0.6956521739130435,0.8421052631578947,0.7214028979431919,0.8460734272184982,0.7405846671711696,1.0,1.0,1.0,1.0,1.0,0.3612615630008804
SVC_poly,"{'C': 50, 'degree': 4, 'gamma': 'auto', 'kernel': 'poly', 'random_state': 4}",2,0.48717948717948717,0.7037037037037037,0.5638589320537608,0.85383502170767,0.5100153079103275,1.0,1.0,1.0,1.0,1.0,0.41883969500122475
SVC_poly,"{'C': 50, 'degree': 4, 'gamma': 'auto', 'kernel': 'poly', 'random_state': 4}",3,0.4411764705882353,0.6521739130434783,0.5054179962472951,0.8749999999999999,0.4881980629375334,1.0,1.0,1.0,1.0,1.0,0.49024742400069954
SVC_poly,"{'C': 50, 'degree': 4, 'gamma': 'auto', 'kernel': 'poly', 'random_state': 4}",4,0.4473684210526316,0.6071428571428571,0.46209400156814445,0.8995284453909339,0.4115257656279221,1.0,1.0,1.0,1.0,1.0,0.5651470759985386
SVC_poly,"{'C': 50, 'degree': 4, 'gamma': 'auto', 'kernel': 'poly', 'random_state': 4}",5,0.5161290322580645,0.5333333333333333,0.5082557759611612,0.8822280677465503,0.4920656862690062,1.0,1.0,1.0,1.0,1.0,0.7561132919981901
SVC_poly,"{'C': 100, 'degree': 2, 'gamma': 0.01, 'kernel': 'poly', 'random_state': 4}",1,0.6956521739130435,0.6153846153846154,0.6982915230299908,0.9311235471373224,0.735112742406362,1.0,0.99375,0.9999605682132827,0.9999982009988054,0.9999605682132827,0.3689582650004013
SVC_poly,"{'C': 100, 'degree': 2, 'gamma': 0.01, 'kernel': 'poly', 'random_state': 4}",2,0.5641025641025641,0.5945945945945946,0.6494941383489665,0.96445137110839,0.596182462570686,0.989010989010989,0.994475138121547,0.9999396199073027,0.9999973854363576,0.9999396189958639,0.44770141299886745
SVC_poly,"{'C': 100, 'degree': 2, 'gamma': 0.01, 'kernel': 'poly', 'random_state': 4}",3,0.5294117647058824,0.6206896551724138,0.6123432910586428,0.9483181203515888,0.5973053818659568,0.995475113122172,0.995475113122172,0.9953247004937751,0.9998677852833001,0.9944473512976861,0.519231944999774
SVC_poly,"{'C': 100, 'degree': 2, 'gamma': 0.01, 'kernel': 'poly', 'random_state': 4}",4,0.5789473684210527,0.6470588235294118,0.5595386583189714,0.9351612412534225,0.5179156777338662,0.9921568627450981,0.9921568627450981,0.9959561593607147,0.9998835455470202,0.9952354601614659,0.700944503001665
SVC_poly,"{'C': 100, 'degree': 2, 'gamma': 0.01, 'kernel': 'poly', 'random_state': 4}",5,0.5161290322580645,0.47058823529411764,0.5267654718146227,0.9209469749411602,0.5326717068491665,0.9692832764505119,0.9964912280701754,0.992450798106965,0.9995382005904513,0.990596556055818,1.6495335630024783
SVC_poly,"{'C': 100, 'degree': 2, 'gamma': 0.1, 'kernel': 'poly', 'random_state': 4}",1,0.6521739130434783,0.625,0.6873138738861274,0.9281102023245803,0.7249942990485888,1.0,1.0,1.0,1.0,1.0,0.7049094040012278
SVC_poly,"{'C': 100, 'degree': 2, 'gamma': 0.1, 'kernel': 'poly', 'random_state': 4}",2,0.5641025641025641,0.5641025641025641,0.608179560262123,0.9536531967791013,0.5547140537427839,1.0,1.0,1.0,1.0,1.0,0.7869759649984189
SVC_poly,"{'C': 100, 'degree': 2, 'gamma': 0.1, 'kernel': 'poly', 'random_state': 4}",3,0.5,0.5862068965517241,0.6207822901229935,0.9454445571331981,0.607159815061274,1.0,1.0,1.0,1.0,1.0,0.7017923729981703
SVC_poly,"{'C': 100, 'degree': 2, 'gamma': 0.1, 'kernel': 'poly', 'random_state': 4}",4,0.5263157894736842,0.6060606060606061,0.5165337368721814,0.9178202007909948,0.46353721864393654,1.0,1.0,1.0,1.0,1.0,0.6962302280007862
SVC_poly,"{'C': 100, 'degree': 2, 'gamma': 0.1, 'kernel': 'poly', 'random_state': 4}",5,0.4838709677419355,0.4838709677419355,0.4982142236927099,0.9314227698555541,0.5076490965465076,1.0,1.0,1.0,1.0,1.0,0.945339175999834
SVC_poly,"{'C': 100, 'degree': 2, 'gamma': 1, 'kernel': 'poly', 'random_state': 4}",1,0.6521739130434783,0.625,0.6873138738861274,0.9281102023245803,0.7249942990485888,1.0,1.0,1.0,1.0,1.0,0.3818984779973107
SVC_poly,"{'C': 100, 'degree': 2, 'gamma': 1, 'kernel': 'poly', 'random_state': 4}",2,0.5641025641025641,0.5641025641025641,0.6081878060327757,0.9536903039073805,0.5547207210848386,1.0,1.0,1.0,1.0,1.0,0.42341807799675735
SVC_poly,"{'C': 100, 'degree': 2, 'gamma': 1, 'kernel': 'poly', 'random_state': 4}",3,0.5,0.5862068965517241,0.6207822901229935,0.9454445571331981,0.607159815061274,1.0,1.0,1.0,1.0,1.0,0.5546683789980307
SVC_poly,"{'C': 100, 'degree': 2, 'gamma': 1, 'kernel': 'poly', 'random_state': 4}",4,0.5263157894736842,0.6060606060606061,0.5165337368721814,0.9178202007909948,0.46353721864393654,1.0,1.0,1.0,1.0,1.0,0.6755416849991889
SVC_poly,"{'C': 100, 'degree': 2, 'gamma': 1, 'kernel': 'poly', 'random_state': 4}",5,0.4838709677419355,0.4838709677419355,0.4982142236927099,0.9314227698555541,0.5076490965465076,1.0,1.0,1.0,1.0,1.0,0.9831671970023308
SVC_poly,"{'C': 100, 'degree': 2, 'gamma': 10, 'kernel': 'poly', 'random_state': 4}",1,0.6521739130434783,0.625,0.6873138738861274,0.9281102023245803,0.7249942990485888,1.0,1.0,1.0,1.0,1.0,0.3852453159997822
SVC_poly,"{'C': 100, 'degree': 2, 'gamma': 10, 'kernel': 'poly', 'random_state': 4}",2,0.5641025641025641,0.5641025641025641,0.6081878060327757,0.9536903039073805,0.5547207210848386,1.0,1.0,1.0,1.0,1.0,0.44428251499994076
SVC_poly,"{'C': 100, 'degree': 2, 'gamma': 10, 'kernel': 'poly', 'random_state': 4}",3,0.5,0.5862068965517241,0.6207822901229935,0.9454445571331981,0.607159815061274,1.0,1.0,1.0,1.0,1.0,0.548397926002508
SVC_poly,"{'C': 100, 'degree': 2, 'gamma': 10, 'kernel': 'poly', 'random_state': 4}",4,0.5263157894736842,0.6060606060606061,0.5165337368721814,0.9178202007909948,0.46353721864393654,1.0,1.0,1.0,1.0,1.0,0.7369628540000122
SVC_poly,"{'C': 100, 'degree': 2, 'gamma': 10, 'kernel': 'poly', 'random_state': 4}",5,0.4838709677419355,0.4838709677419355,0.4982142236927099,0.9314227698555541,0.5076490965465076,1.0,1.0,1.0,1.0,1.0,0.9521931710005447
SVC_poly,"{'C': 100, 'degree': 2, 'gamma': 100, 'kernel': 'poly', 'random_state': 4}",1,0.6521739130434783,0.625,0.6873138738861274,0.9281102023245803,0.7249942990485888,1.0,1.0,1.0,1.0,1.0,0.38197614399905433
SVC_poly,"{'C': 100, 'degree': 2, 'gamma': 100, 'kernel': 'poly', 'random_state': 4}",2,0.5641025641025641,0.5641025641025641,0.6082520820691354,0.9537274110356599,0.5547776703966594,1.0,1.0,1.0,1.0,1.0,0.4346252440009266
SVC_poly,"{'C': 100, 'degree': 2, 'gamma': 100, 'kernel': 'poly', 'random_state': 4}",3,0.5,0.5862068965517241,0.6207822901229935,0.9454445571331981,0.607159815061274,1.0,1.0,1.0,1.0,1.0,0.5539473410026403
SVC_poly,"{'C': 100, 'degree': 2, 'gamma': 100, 'kernel': 'poly', 'random_state': 4}",4,0.5263157894736842,0.6060606060606061,0.5165337368721814,0.9178202007909948,0.46353721864393654,1.0,1.0,1.0,1.0,1.0,0.8833843049978896
SVC_poly,"{'C': 100, 'degree': 2, 'gamma': 100, 'kernel': 'poly', 'random_state': 4}",5,0.4838709677419355,0.4838709677419355,0.4982142236927099,0.9314227698555541,0.5076490965465076,1.0,1.0,1.0,1.0,1.0,1.866786354999931
SVC_poly,"{'C': 100, 'degree': 2, 'gamma': 'auto', 'kernel': 'poly', 'random_state': 4}",1,0.6521739130434783,0.625,0.6873138738861274,0.9281102023245803,0.7249942990485888,1.0,1.0,1.0,1.0,1.0,0.6805891469994094
SVC_poly,"{'C': 100, 'degree': 2, 'gamma': 'auto', 'kernel': 'poly', 'random_state': 4}",2,0.5641025641025641,0.5641025641025641,0.6081878060327757,0.9536903039073805,0.5547207210848386,1.0,1.0,1.0,1.0,1.0,0.7440521129974513
SVC_poly,"{'C': 100, 'degree': 2, 'gamma': 'auto', 'kernel': 'poly', 'random_state': 4}",3,0.5,0.5862068965517241,0.6207822901229935,0.9454445571331981,0.607159815061274,1.0,1.0,1.0,1.0,1.0,0.5509903120000672
SVC_poly,"{'C': 100, 'degree': 2, 'gamma': 'auto', 'kernel': 'poly', 'random_state': 4}",4,0.5263157894736842,0.6060606060606061,0.5165337368721814,0.9178202007909948,0.46353721864393654,1.0,1.0,1.0,1.0,1.0,0.7859938660003536
SVC_poly,"{'C': 100, 'degree': 2, 'gamma': 'auto', 'kernel': 'poly', 'random_state': 4}",5,0.4838709677419355,0.4838709677419355,0.5010586716117879,0.9315150676081037,0.5101014505603374,1.0,1.0,1.0,1.0,1.0,0.9554123720008647
SVC_poly,"{'C': 100, 'degree': 3, 'gamma': 0.01, 'kernel': 'poly', 'random_state': 4}",1,0.6956521739130435,0.7272727272727273,0.734510582780495,0.8891212102576717,0.7552961473752692,1.0,1.0,1.0,1.0,1.0,0.35642489200108685
SVC_poly,"{'C': 100, 'degree': 3, 'gamma': 0.01, 'kernel': 'poly', 'random_state': 4}",2,0.5128205128205128,0.6451612903225806,0.6046886380341038,0.9302385988348362,0.5472855030380739,1.0,1.0,1.0,1.0,1.0,0.42682492599851685
SVC_poly,"{'C': 100, 'degree': 3, 'gamma': 0.01, 'kernel': 'poly', 'random_state': 4}",3,0.5,0.6538461538461539,0.6235829769568431,0.917131507775524,0.61070139283969,1.0,1.0,1.0,1.0,1.0,0.4852180470006715
SVC_poly,"{'C': 100, 'degree': 3, 'gamma': 0.01, 'kernel': 'poly', 'random_state': 4}",4,0.5263157894736842,0.6666666666666666,0.5167519522219362,0.9287344082750228,0.4637263064730452,1.0,1.0,1.0,1.0,1.0,0.6367112469997664
SVC_poly,"{'C': 100, 'degree': 3, 'gamma': 0.01, 'kernel': 'poly', 'random_state': 4}",5,0.6129032258064516,0.5588235294117647,0.58817239764599,0.9385758456781578,0.5328281309058563,1.0,1.0,1.0,1.0,1.0,0.7740295080002397
SVC_poly,"{'C': 100, 'degree': 3, 'gamma': 0.1, 'kernel': 'poly', 'random_state': 4}",1,0.6956521739130435,0.7272727272727273,0.734510582780495,0.8891212102576717,0.7552961473752692,1.0,1.0,1.0,1.0,1.0,0.35983892000149353
SVC_poly,"{'C': 100, 'degree': 3, 'gamma': 0.1, 'kernel': 'poly', 'random_state': 4}",2,0.5128205128205128,0.6451612903225806,0.6046886380341038,0.9302385988348362,0.5472855030380739,1.0,1.0,1.0,1.0,1.0,0.40475355300077354
SVC_poly,"{'C': 100, 'degree': 3, 'gamma': 0.1, 'kernel': 'poly', 'random_state': 4}",3,0.5,0.6538461538461539,0.6235829769568431,0.917131507775524,0.61070139283969,1.0,1.0,1.0,1.0,1.0,0.5010968189999403
SVC_poly,"{'C': 100, 'degree': 3, 'gamma': 0.1, 'kernel': 'poly', 'random_state': 4}",4,0.5263157894736842,0.6666666666666666,0.5167519522219362,0.9287344082750228,0.4637263064730452,1.0,1.0,1.0,1.0,1.0,0.5866513549990486
SVC_poly,"{'C': 100, 'degree': 3, 'gamma': 0.1, 'kernel': 'poly', 'random_state': 4}",5,0.6129032258064516,0.5588235294117647,0.58817239764599,0.9385758456781578,0.5328281309058563,1.0,1.0,1.0,1.0,1.0,0.7654870289989049
SVC_poly,"{'C': 100, 'degree': 3, 'gamma': 1, 'kernel': 'poly', 'random_state': 4}",1,0.6956521739130435,0.7272727272727273,0.734510582780495,0.8891212102576717,0.7552961473752692,1.0,1.0,1.0,1.0,1.0,0.3723292180002318
SVC_poly,"{'C': 100, 'degree': 3, 'gamma': 1, 'kernel': 'poly', 'random_state': 4}",2,0.5128205128205128,0.6451612903225806,0.6046886380341038,0.9302385988348362,0.5472855030380739,1.0,1.0,1.0,1.0,1.0,0.4050355319996015
SVC_poly,"{'C': 100, 'degree': 3, 'gamma': 1, 'kernel': 'poly', 'random_state': 4}",3,0.5,0.6538461538461539,0.6236094716814112,0.9171737660581474,0.6107265101613351,1.0,1.0,1.0,1.0,1.0,0.47865735799859976
SVC_poly,"{'C': 100, 'degree': 3, 'gamma': 1, 'kernel': 'poly', 'random_state': 4}",4,0.5263157894736842,0.6666666666666666,0.5167519522219362,0.9287344082750228,0.4637263064730452,1.0,1.0,1.0,1.0,1.0,0.5942592559986224
SVC_poly,"{'C': 100, 'degree': 3, 'gamma': 1, 'kernel': 'poly', 'random_state': 4}",5,0.6129032258064516,0.5588235294117647,0.58817239764599,0.9385758456781578,0.5328281309058563,1.0,1.0,1.0,1.0,1.0,1.0948385740011872
SVC_poly,"{'C': 100, 'degree': 3, 'gamma': 10, 'kernel': 'poly', 'random_state': 4}",1,0.6956521739130435,0.7272727272727273,0.734510582780495,0.8891212102576717,0.7552961473752692,1.0,1.0,1.0,1.0,1.0,0.5790121899990481
SVC_poly,"{'C': 100, 'degree': 3, 'gamma': 10, 'kernel': 'poly', 'random_state': 4}",2,0.5128205128205128,0.6451612903225806,0.6046886380341038,0.9302385988348362,0.5472855030380739,1.0,1.0,1.0,1.0,1.0,0.7897544549996383
SVC_poly,"{'C': 100, 'degree': 3, 'gamma': 10, 'kernel': 'poly', 'random_state': 4}",3,0.5,0.6538461538461539,0.6235829769568431,0.917131507775524,0.61070139283969,1.0,1.0,1.0,1.0,1.0,0.8919175749979331
SVC_poly,"{'C': 100, 'degree': 3, 'gamma': 10, 'kernel': 'poly', 'random_state': 4}",4,0.5263157894736842,0.6666666666666666,0.5167519522219362,0.9287344082750228,0.4637263064730452,1.0,1.0,1.0,1.0,1.0,0.8578022939982475
SVC_poly,"{'C': 100, 'degree': 3, 'gamma': 10, 'kernel': 'poly', 'random_state': 4}",5,0.6129032258064516,0.5588235294117647,0.58817239764599,0.9385758456781578,0.5328281309058563,1.0,1.0,1.0,1.0,1.0,0.786892608000926
SVC_poly,"{'C': 100, 'degree': 3, 'gamma': 100, 'kernel': 'poly', 'random_state': 4}",1,0.6956521739130435,0.7272727272727273,0.734510582780495,0.8891212102576717,0.7552961473752692,1.0,1.0,1.0,1.0,1.0,0.34984845900180517
SVC_poly,"{'C': 100, 'degree': 3, 'gamma': 100, 'kernel': 'poly', 'random_state': 4}",2,0.5128205128205128,0.6451612903225806,0.6046886380341038,0.9302385988348362,0.5472855030380739,1.0,1.0,1.0,1.0,1.0,0.4004414189985255
SVC_poly,"{'C': 100, 'degree': 3, 'gamma': 100, 'kernel': 'poly', 'random_state': 4}",3,0.5,0.6538461538461539,0.6235829769568431,0.917131507775524,0.61070139283969,1.0,1.0,1.0,1.0,1.0,0.4951460820011562
SVC_poly,"{'C': 100, 'degree': 3, 'gamma': 100, 'kernel': 'poly', 'random_state': 4}",4,0.5263157894736842,0.6666666666666666,0.5167519522219362,0.9287344082750228,0.4637263064730452,1.0,1.0,1.0,1.0,1.0,0.5905622659993242
SVC_poly,"{'C': 100, 'degree': 3, 'gamma': 100, 'kernel': 'poly', 'random_state': 4}",5,0.6129032258064516,0.5588235294117647,0.58817239764599,0.9385758456781578,0.5328281309058563,1.0,1.0,1.0,1.0,1.0,0.8442553629975009
SVC_poly,"{'C': 100, 'degree': 3, 'gamma': 'auto', 'kernel': 'poly', 'random_state': 4}",1,0.6956521739130435,0.7272727272727273,0.734510582780495,0.8891212102576717,0.7552961473752692,1.0,1.0,1.0,1.0,1.0,0.37296042299931287
SVC_poly,"{'C': 100, 'degree': 3, 'gamma': 'auto', 'kernel': 'poly', 'random_state': 4}",2,0.5128205128205128,0.6451612903225806,0.6046886380341038,0.9302385988348362,0.5472855030380739,1.0,1.0,1.0,1.0,1.0,0.4252885909991164
SVC_poly,"{'C': 100, 'degree': 3, 'gamma': 'auto', 'kernel': 'poly', 'random_state': 4}",3,0.5,0.6538461538461539,0.6235829769568431,0.917131507775524,0.61070139283969,1.0,1.0,1.0,1.0,1.0,0.48272704299961333
SVC_poly,"{'C': 100, 'degree': 3, 'gamma': 'auto', 'kernel': 'poly', 'random_state': 4}",4,0.5263157894736842,0.6666666666666666,0.5167519522219362,0.9287344082750228,0.4637263064730452,1.0,1.0,1.0,1.0,1.0,0.5892163759999676
SVC_poly,"{'C': 100, 'degree': 3, 'gamma': 'auto', 'kernel': 'poly', 'random_state': 4}",5,0.6129032258064516,0.5588235294117647,0.58817239764599,0.9385758456781578,0.5328281309058563,1.0,1.0,1.0,1.0,1.0,0.7286944080005924
SVC_poly,"{'C': 100, 'degree': 4, 'gamma': 0.01, 'kernel': 'poly', 'random_state': 4}",1,0.6956521739130435,0.8421052631578947,0.7214028979431919,0.8460734272184982,0.7405846671711696,1.0,1.0,1.0,1.0,1.0,0.3671848169979057
SVC_poly,"{'C': 100, 'degree': 4, 'gamma': 0.01, 'kernel': 'poly', 'random_state': 4}",2,0.48717948717948717,0.7037037037037037,0.5638589320537608,0.85383502170767,0.5100153079103275,1.0,1.0,1.0,1.0,1.0,0.4361086460012302
SVC_poly,"{'C': 100, 'degree': 4, 'gamma': 0.01, 'kernel': 'poly', 'random_state': 4}",3,0.4411764705882353,0.6521739130434783,0.5054179962472951,0.8749999999999999,0.4881980629375334,1.0,1.0,1.0,1.0,1.0,0.4967119470020407
SVC_poly,"{'C': 100, 'degree': 4, 'gamma': 0.01, 'kernel': 'poly', 'random_state': 4}",4,0.4473684210526316,0.6071428571428571,0.46209400156814445,0.8995284453909339,0.4115257656279221,1.0,1.0,1.0,1.0,1.0,0.6112154129987175
SVC_poly,"{'C': 100, 'degree': 4, 'gamma': 0.01, 'kernel': 'poly', 'random_state': 4}",5,0.5161290322580645,0.5333333333333333,0.5082557759611612,0.8822280677465503,0.4920656862690062,1.0,1.0,1.0,1.0,1.0,0.7417487819984672
SVC_poly,"{'C': 100, 'degree': 4, 'gamma': 0.1, 'kernel': 'poly', 'random_state': 4}",1,0.6956521739130435,0.8421052631578947,0.7214028979431919,0.8460734272184982,0.7405846671711696,1.0,1.0,1.0,1.0,1.0,0.3752959869998449
SVC_poly,"{'C': 100, 'degree': 4, 'gamma': 0.1, 'kernel': 'poly', 'random_state': 4}",2,0.48717948717948717,0.7037037037037037,0.5638589320537608,0.85383502170767,0.5100153079103275,1.0,1.0,1.0,1.0,1.0,0.41905634499926236
SVC_poly,"{'C': 100, 'degree': 4, 'gamma': 0.1, 'kernel': 'poly', 'random_state': 4}",3,0.4411764705882353,0.6521739130434783,0.5054179962472951,0.8749999999999999,0.4881980629375334,1.0,1.0,1.0,1.0,1.0,0.7453507370009902
SVC_poly,"{'C': 100, 'degree': 4, 'gamma': 0.1, 'kernel': 'poly', 'random_state': 4}",4,0.4473684210526316,0.6071428571428571,0.46209400156814445,0.8995284453909339,0.4115257656279221,1.0,1.0,1.0,1.0,1.0,1.1457036969986802
SVC_poly,"{'C': 100, 'degree': 4, 'gamma': 0.1, 'kernel': 'poly', 'random_state': 4}",5,0.5161290322580645,0.5333333333333333,0.5082557759611612,0.8822280677465503,0.4920656862690062,1.0,1.0,1.0,1.0,1.0,1.3132837529992685
SVC_poly,"{'C': 100, 'degree': 4, 'gamma': 1, 'kernel': 'poly', 'random_state': 4}",1,0.6956521739130435,0.8421052631578947,0.7214028979431919,0.8460734272184982,0.7405846671711696,1.0,1.0,1.0,1.0,1.0,0.5305580669992196
SVC_poly,"{'C': 100, 'degree': 4, 'gamma': 1, 'kernel': 'poly', 'random_state': 4}",2,0.48717948717948717,0.7037037037037037,0.5638589320537608,0.85383502170767,0.5100153079103275,1.0,1.0,1.0,1.0,1.0,0.41673952900237055
SVC_poly,"{'C': 100, 'degree': 4, 'gamma': 1, 'kernel': 'poly', 'random_state': 4}",3,0.4411764705882353,0.6521739130434783,0.5054179962472951,0.8749999999999999,0.4881980629375334,1.0,1.0,1.0,1.0,1.0,0.48545185799957835
SVC_poly,"{'C': 100, 'degree': 4, 'gamma': 1, 'kernel': 'poly', 'random_state': 4}",4,0.4473684210526316,0.6071428571428571,0.46209400156814445,0.8995284453909339,0.4115257656279221,1.0,1.0,1.0,1.0,1.0,0.5750344890002452
SVC_poly,"{'C': 100, 'degree': 4, 'gamma': 1, 'kernel': 'poly', 'random_state': 4}",5,0.5161290322580645,0.5333333333333333,0.5082557759611612,0.8822280677465503,0.4920656862690062,1.0,1.0,1.0,1.0,1.0,0.7403677820002486
SVC_poly,"{'C': 100, 'degree': 4, 'gamma': 10, 'kernel': 'poly', 'random_state': 4}",1,0.6956521739130435,0.8421052631578947,0.7214028979431919,0.8460734272184982,0.7405846671711696,1.0,1.0,1.0,1.0,1.0,0.3542405590014823
SVC_poly,"{'C': 100, 'degree': 4, 'gamma': 10, 'kernel': 'poly', 'random_state': 4}",2,0.48717948717948717,0.7037037037037037,0.5638589320537608,0.85383502170767,0.5100153079103275,1.0,1.0,1.0,1.0,1.0,0.4324264069982746
SVC_poly,"{'C': 100, 'degree': 4, 'gamma': 10, 'kernel': 'poly', 'random_state': 4}",3,0.4411764705882353,0.6521739130434783,0.5054179962472951,0.8749999999999999,0.4881980629375334,1.0,1.0,1.0,1.0,1.0,0.5002519699992263
SVC_poly,"{'C': 100, 'degree': 4, 'gamma': 10, 'kernel': 'poly', 'random_state': 4}",4,0.4473684210526316,0.6071428571428571,0.462089946936336,0.8994904167934286,0.4115223114279384,1.0,1.0,1.0,1.0,1.0,0.6576850220008055
SVC_poly,"{'C': 100, 'degree': 4, 'gamma': 10, 'kernel': 'poly', 'random_state': 4}",5,0.5161290322580645,0.5333333333333333,0.5082557759611612,0.8822280677465503,0.4920656862690062,1.0,1.0,1.0,1.0,1.0,0.73675774000003
SVC_poly,"{'C': 100, 'degree': 4, 'gamma': 100, 'kernel': 'poly', 'random_state': 4}",1,0.6956521739130435,0.8421052631578947,0.7214028979431919,0.8460734272184982,0.7405846671711696,1.0,1.0,1.0,1.0,1.0,0.37613032900117105
SVC_poly,"{'C': 100, 'degree': 4, 'gamma': 100, 'kernel': 'poly', 'random_state': 4}",2,0.48717948717948717,0.7037037037037037,0.5638589320537608,0.85383502170767,0.5100153079103275,1.0,1.0,1.0,1.0,1.0,0.4149265829983051
SVC_poly,"{'C': 100, 'degree': 4, 'gamma': 100, 'kernel': 'poly', 'random_state': 4}",3,0.4411764705882353,0.6521739130434783,0.5054179962472951,0.8749999999999999,0.4881980629375334,1.0,1.0,1.0,1.0,1.0,0.5085576349993062
SVC_poly,"{'C': 100, 'degree': 4, 'gamma': 100, 'kernel': 'poly', 'random_state': 4}",4,0.4473684210526316,0.6071428571428571,0.462089946936336,0.8994904167934286,0.4115223114279384,1.0,1.0,1.0,1.0,1.0,0.5946478369987744
SVC_poly,"{'C': 100, 'degree': 4, 'gamma': 100, 'kernel': 'poly', 'random_state': 4}",5,0.5161290322580645,0.5333333333333333,0.5082557759611612,0.8822280677465503,0.4920656862690062,1.0,1.0,1.0,1.0,1.0,0.7532557049999014
SVC_poly,"{'C': 100, 'degree': 4, 'gamma': 'auto', 'kernel': 'poly', 'random_state': 4}",1,0.6956521739130435,0.8421052631578947,0.7214028979431919,0.8460734272184982,0.7405846671711696,1.0,1.0,1.0,1.0,1.0,0.3610536410014902
SVC_poly,"{'C': 100, 'degree': 4, 'gamma': 'auto', 'kernel': 'poly', 'random_state': 4}",2,0.48717948717948717,0.7037037037037037,0.5638589320537608,0.85383502170767,0.5100153079103275,1.0,1.0,1.0,1.0,1.0,0.4399849559995346
SVC_poly,"{'C': 100, 'degree': 4, 'gamma': 'auto', 'kernel': 'poly', 'random_state': 4}",3,0.4411764705882353,0.6521739130434783,0.5054179962472951,0.8749999999999999,0.4881980629375334,1.0,1.0,1.0,1.0,1.0,0.4796356000006199
SVC_poly,"{'C': 100, 'degree': 4, 'gamma': 'auto', 'kernel': 'poly', 'random_state': 4}",4,0.4473684210526316,0.6071428571428571,0.46209400156814445,0.8995284453909339,0.4115257656279221,1.0,1.0,1.0,1.0,1.0,0.5847586879972368
SVC_poly,"{'C': 100, 'degree': 4, 'gamma': 'auto', 'kernel': 'poly', 'random_state': 4}",5,0.5161290322580645,0.5333333333333333,0.5082557759611612,0.8822280677465503,0.4920656862690062,1.0,1.0,1.0,1.0,1.0,0.9874557879993517
