params_eta,params_gamma,params_lambda,params_max_depth,params_scale_pos_weight,param_n_estimators_mean,param_n_estimators_std,tr_pr_auc_mean,tr_pr_auc_std,te_pr_auc_mean,te_pr_auc_std,adj_pr_auc_mean,adj_pr_auc_std,tr_roc_auc_mean,tr_roc_auc_std,te_roc_auc_mean,te_roc_auc_std,tr_recall_mean,tr_recall_std,te_recall_mean,te_recall_std,tr_precision_mean,tr_precision_std,te_precision_mean,te_precision_std,time_mean,time_std
0.075,0.0,0.75,3,True,205.6,47.52683452535,0.9967,0.0045,0.7518,0.0651,0.7404,0.089,0.9999,0.0002,0.9812,0.0084,1.0,0.0,0.7817,0.0816,0.7258,0.1282,0.525,0.034,1.0896,0.3309
0.125,1.0,0.5,3,False,44.6,12.561846997953765,0.9302,0.0413,0.7511,0.0734,0.7426,0.0949,0.9961,0.0022,0.98,0.0086,0.7507,0.0747,0.5007,0.0578,0.9072,0.0565,0.7958,0.105,0.4462,0.049
0.075,0.0,1.0,3,False,81.2,27.344103569142653,0.9421,0.0297,0.751,0.0652,0.7416,0.0863,0.9968,0.0016,0.9804,0.0074,0.7426,0.0679,0.5102,0.0592,0.9315,0.0314,0.7699,0.1055,0.6482,0.2152
0.125,0.0,0.5,3,False,51.6,21.582400237230335,0.9406,0.0422,0.7509,0.0615,0.7413,0.0843,0.9966,0.0025,0.9806,0.0073,0.7825,0.1008,0.5263,0.0804,0.9319,0.0472,0.7791,0.0809,0.4721,0.0788
0.1,0.1,0.75,4,False,61.0,22.561028345356956,0.9821,0.0195,0.7492,0.0702,0.7406,0.0924,0.9991,0.001,0.9811,0.0078,0.8764,0.0832,0.4935,0.1005,0.9701,0.0292,0.7543,0.0869,0.5918,0.1259
0.075,0.1,0.75,3,True,215.2,39.156097864828155,0.9995,0.0008,0.7491,0.0641,0.7377,0.0894,1.0,0.0,0.9808,0.0085,1.0,0.0,0.7719,0.0823,0.7359,0.0315,0.5305,0.0307,1.3625,0.5387
0.1,0.0,0.75,4,False,52.0,19.144189719076646,0.9739,0.0252,0.749,0.0622,0.7397,0.0849,0.9987,0.0013,0.9807,0.0065,0.8538,0.1014,0.4913,0.1033,0.963,0.0288,0.7651,0.0839,0.6461,0.2318
0.1,0.1,0.75,3,False,51.2,13.863621460498695,0.9227,0.029,0.7487,0.0629,0.7399,0.0865,0.9957,0.0017,0.9801,0.0073,0.7268,0.0496,0.5188,0.0478,0.9022,0.0337,0.7651,0.0713,0.6984,0.1193
0.1,0.0,0.75,3,False,51.2,13.863621460498695,0.9227,0.029,0.7487,0.0629,0.7399,0.0865,0.9957,0.0017,0.9801,0.0073,0.7268,0.0496,0.5188,0.0478,0.9022,0.0337,0.7651,0.0713,0.4778,0.0773
0.125,0.5,1.0,3,True,144.6,23.712865706194183,0.9998,0.0002,0.7483,0.0688,0.7341,0.0955,1.0,0.0,0.9815,0.0082,1.0,0.0,0.808,0.0774,0.7929,0.1062,0.5728,0.0376,0.7913,0.0954
0.1,0.75,0.5,3,False,61.8,27.389779115575212,0.9354,0.046,0.7477,0.0841,0.7376,0.1064,0.9964,0.0026,0.9806,0.0086,0.7558,0.1122,0.4896,0.081,0.9234,0.057,0.7923,0.1031,0.5023,0.1005
0.125,0.5,1.0,3,False,49.8,25.29229131573492,0.9263,0.0564,0.7472,0.0781,0.7378,0.0973,0.9958,0.0032,0.9799,0.0086,0.7496,0.105,0.4955,0.0647,0.9123,0.0673,0.781,0.1426,0.4633,0.0956
0.1,0.0,0.5,3,False,53.4,18.297540818372287,0.9261,0.0415,0.7471,0.0833,0.7366,0.1044,0.9959,0.0024,0.9801,0.0082,0.7359,0.1109,0.5163,0.1037,0.9088,0.0531,0.7945,0.0951,0.5239,0.1338
0.125,0.1,0.5,3,False,52.8,23.047776465420693,0.9421,0.0431,0.7471,0.0732,0.7369,0.0962,0.9967,0.0025,0.9807,0.0076,0.7833,0.1005,0.5222,0.0991,0.9327,0.0477,0.7755,0.0899,0.4748,0.0925
0.075,0.1,1.0,3,False,79.0,28.583211855912904,0.9375,0.0348,0.7469,0.0732,0.7371,0.0943,0.9966,0.0019,0.98,0.008,0.7395,0.0694,0.5102,0.0592,0.9284,0.0372,0.7699,0.1055,0.8489,0.1416
0.1,0.1,0.5,3,False,53.4,18.297540818372287,0.926,0.0415,0.7464,0.0848,0.7358,0.1059,0.9958,0.0024,0.9801,0.0082,0.7359,0.1109,0.5163,0.1037,0.9088,0.0531,0.7945,0.0951,0.4728,0.0606
0.125,0.5,0.5,3,False,48.4,18.487833837418595,0.9356,0.0399,0.746,0.0721,0.7365,0.096,0.9963,0.0023,0.9806,0.0078,0.7702,0.1013,0.5006,0.0778,0.9217,0.0461,0.7776,0.0885,0.4521,0.062
0.125,1.0,0.75,3,False,43.6,9.889388252060893,0.9278,0.0385,0.746,0.0653,0.7378,0.0868,0.996,0.0022,0.9797,0.0082,0.7539,0.0696,0.4977,0.0641,0.9075,0.0563,0.7563,0.0702,0.457,0.0685
0.075,0.75,1.0,3,False,74.4,37.85894874398918,0.9183,0.0504,0.746,0.0629,0.7367,0.0837,0.9954,0.0029,0.9797,0.0068,0.7215,0.1279,0.4967,0.0468,0.9189,0.0528,0.7898,0.0898,0.5837,0.1654
0.1,0.75,0.75,3,False,66.4,32.73835670891256,0.9372,0.0475,0.7459,0.0622,0.7366,0.0849,0.9965,0.0027,0.9801,0.0073,0.774,0.1189,0.5339,0.065,0.9216,0.0599,0.7804,0.0967,0.803,0.1215
0.1,0.5,0.5,3,False,55.2,19.421637418096342,0.9295,0.0419,0.745,0.0813,0.7353,0.1034,0.9961,0.0024,0.9803,0.0083,0.735,0.1013,0.5076,0.0905,0.9124,0.0505,0.793,0.0934,0.4917,0.0639
0.125,0.5,1.0,5,True,84.8,14.307340773183535,1.0,0.0,0.745,0.0591,0.7354,0.0784,1.0,0.0,0.9801,0.0058,1.0,0.0,0.7102,0.0946,0.9557,0.0435,0.5729,0.0362,0.9386,0.1388
0.075,0.5,1.0,3,False,68.6,20.31748015872047,0.9211,0.038,0.7448,0.0791,0.7343,0.1,0.9956,0.0021,0.9796,0.0081,0.7222,0.0958,0.4979,0.0569,0.9154,0.045,0.7783,0.1033,0.64,0.2015
0.05,0.1,0.75,3,True,333.6,58.23057616063918,0.9995,0.0006,0.7447,0.0657,0.7318,0.0912,1.0,0.0,0.9812,0.0081,1.0,0.0,0.7807,0.0848,0.7434,0.0295,0.54,0.0098,1.4486,0.3091
0.125,0.1,1.0,3,False,47.2,23.931151246858143,0.9185,0.0538,0.7446,0.0747,0.7352,0.0954,0.9954,0.0031,0.9798,0.0087,0.7451,0.1241,0.4839,0.0533,0.9044,0.0658,0.7692,0.112,0.7073,0.0853
0.125,0.75,0.75,3,False,44.8,15.801898620102586,0.9284,0.0419,0.7445,0.055,0.7366,0.0767,0.9959,0.0025,0.98,0.0067,0.7465,0.0787,0.52,0.0369,0.915,0.0506,0.7693,0.0718,0.6249,0.1383
0.1,0.75,1.0,3,False,56.2,11.606032913963324,0.9332,0.0284,0.7439,0.0722,0.7323,0.0953,0.9963,0.0015,0.9803,0.0081,0.7392,0.0647,0.5264,0.077,0.9247,0.0377,0.7898,0.1205,0.4862,0.0491
0.1,0.5,0.75,3,False,63.2,28.39366126444422,0.9351,0.0455,0.7437,0.0576,0.7353,0.0811,0.9964,0.0026,0.98,0.0072,0.7675,0.11,0.5252,0.0545,0.9213,0.0584,0.767,0.0717,0.5128,0.1096
0.125,0.0,1.0,3,False,45.6,21.22027332528966,0.9178,0.0524,0.7437,0.0732,0.7345,0.0941,0.9954,0.003,0.9797,0.0086,0.7338,0.1012,0.5013,0.0775,0.903,0.0633,0.7596,0.0964,0.4663,0.0787
0.075,0.1,0.5,3,False,76.2,23.14519388555646,0.9364,0.0333,0.7434,0.0763,0.7315,0.0984,0.9965,0.0018,0.98,0.0077,0.753,0.0935,0.5041,0.0995,0.9224,0.0358,0.7953,0.1339,0.5562,0.0751
0.1,1.0,0.5,3,False,59.8,12.316655390161731,0.9456,0.0229,0.7433,0.0692,0.7336,0.0921,0.997,0.0013,0.9805,0.0073,0.7698,0.0465,0.5268,0.0901,0.9323,0.0304,0.7666,0.0869,0.7791,0.104
0.05,0.1,0.5,3,True,322.2,75.6154746067232,0.998,0.0018,0.7433,0.0781,0.7301,0.1047,0.9999,0.0001,0.9811,0.0088,1.0,0.0,0.809,0.0676,0.7388,0.1235,0.5382,0.0227,1.7222,0.2492
0.075,0.75,0.75,3,True,225.8,60.78404395892066,0.9982,0.0025,0.7433,0.0714,0.7332,0.0954,0.9999,0.0001,0.9807,0.0088,1.0,0.0,0.7987,0.0782,0.7584,0.1298,0.5404,0.039,1.3718,0.3087
0.075,0.75,0.5,3,True,198.2,66.34154053080167,0.9939,0.0119,0.7432,0.0715,0.7307,0.0974,0.9997,0.0005,0.9805,0.0089,1.0,0.0,0.8212,0.0762,0.7067,0.1032,0.5366,0.047,1.0162,0.2882
0.05,1.0,0.75,3,False,100.4,31.43723906452346,0.9228,0.0328,0.7431,0.077,0.7338,0.0971,0.9956,0.0019,0.9796,0.008,0.7194,0.0712,0.4906,0.1028,0.9215,0.0352,0.7749,0.1131,0.6475,0.1159
0.125,0.75,1.0,3,False,39.8,18.14386948806676,0.9008,0.0547,0.7431,0.0747,0.7336,0.0939,0.9943,0.0032,0.9795,0.0084,0.7186,0.1067,0.4913,0.0591,0.8838,0.0577,0.7852,0.1203,0.4327,0.0444
0.075,0.5,0.5,3,False,72.4,13.66747965061591,0.9345,0.0283,0.743,0.0711,0.7325,0.093,0.9965,0.0015,0.9795,0.0071,0.7441,0.0629,0.4831,0.0879,0.9197,0.0428,0.7612,0.1055,0.5361,0.0567
0.05,0.5,0.75,3,True,275.6,36.678331477863054,0.9971,0.0027,0.7425,0.0781,0.7268,0.1068,0.9999,0.0001,0.9813,0.0085,1.0,0.0,0.816,0.084,0.6712,0.0222,0.5205,0.0367,1.5405,0.5544
0.05,0.0,1.0,4,True,257.2,27.35324478009876,1.0,0.0,0.7424,0.0754,0.7314,0.0983,1.0,0.0,0.9804,0.0085,1.0,0.0,0.7615,0.0923,0.8677,0.0832,0.568,0.0146,1.8946,0.4504
0.075,0.0,0.5,3,False,79.8,34.03968272472586,0.9343,0.0388,0.7423,0.0734,0.731,0.0955,0.9964,0.0021,0.9798,0.0079,0.7574,0.1116,0.4867,0.0705,0.9201,0.0532,0.8011,0.1275,0.5702,0.0876
0.05,1.0,0.5,3,False,114.6,35.64126821537079,0.9402,0.0266,0.7421,0.0838,0.7317,0.1034,0.9968,0.0015,0.98,0.008,0.7422,0.0752,0.4807,0.0863,0.9432,0.0308,0.7759,0.1253,0.7631,0.2109
0.075,0.5,0.75,3,False,72.2,20.06738647656939,0.9311,0.0454,0.742,0.0635,0.7322,0.0863,0.9962,0.0026,0.9796,0.007,0.7403,0.093,0.4785,0.0517,0.9308,0.0499,0.7973,0.0727,0.5349,0.0406
0.025,1.0,1.0,3,False,198.4,54.86620088907195,0.9214,0.0314,0.7419,0.0816,0.7317,0.1016,0.9956,0.0018,0.9798,0.0081,0.7017,0.0699,0.4959,0.0936,0.9208,0.035,0.7849,0.1009,1.2598,0.2991
0.1,1.0,1.0,5,True,90.8,15.303594349041013,1.0,0.0,0.7417,0.0689,0.7331,0.0892,1.0,0.0,0.9802,0.0071,1.0,0.0,0.7411,0.0862,0.8916,0.0637,0.5587,0.0203,0.9532,0.156
0.075,0.75,0.75,3,False,79.8,15.896540504147437,0.9445,0.0257,0.7417,0.0661,0.7311,0.0886,0.9969,0.0014,0.9798,0.0069,0.7602,0.068,0.5001,0.068,0.9331,0.0367,0.7863,0.0746,0.5709,0.0595
0.1,0.5,1.0,3,False,64.2,29.354727046934027,0.935,0.042,0.7417,0.0764,0.7294,0.0988,0.9964,0.0024,0.9804,0.008,0.7594,0.1249,0.5387,0.0895,0.9258,0.0465,0.7741,0.097,0.7597,0.2286
0.125,0.5,0.75,3,False,47.8,19.03155274800246,0.9313,0.0463,0.7415,0.056,0.7332,0.0761,0.9961,0.0027,0.9802,0.007,0.7613,0.1004,0.5136,0.0334,0.9166,0.0559,0.7951,0.0832,0.467,0.0676
0.125,0.1,0.1,5,False,37.4,7.436396977031283,0.9975,0.0033,0.7412,0.0723,0.7329,0.0895,0.9999,0.0002,0.9801,0.007,0.9481,0.0329,0.4913,0.1033,0.9951,0.0092,0.7778,0.0829,0.5326,0.0652
0.1,0.0,0.1,2,False,87.8,35.33694950048745,0.8913,0.0507,0.741,0.0877,0.7306,0.1097,0.9937,0.0028,0.9783,0.0092,0.6536,0.0792,0.4885,0.0881,0.8964,0.0407,0.7992,0.132,0.4992,0.0992
0.125,0.75,0.75,2,False,65.2,27.13300573102803,0.8775,0.0383,0.7409,0.0752,0.7307,0.0976,0.9929,0.0021,0.978,0.0089,0.6374,0.0618,0.4984,0.0684,0.8814,0.037,0.806,0.1352,0.4414,0.0787
0.05,0.75,0.1,3,True,259.8,28.621670111997304,0.9941,0.0069,0.7408,0.08,0.7268,0.1063,0.9997,0.0003,0.9799,0.0093,1.0,0.0,0.8084,0.058,0.6721,0.064,0.4979,0.0131,1.4756,0.3948
0.05,0.75,0.1,5,False,85.0,20.579115627256677,0.9962,0.0038,0.7408,0.0742,0.7331,0.0929,0.9998,0.0002,0.9793,0.0076,0.9405,0.0454,0.4783,0.1414,0.9902,0.01,0.7411,0.0912,0.8132,0.1184
0.075,0.75,0.5,3,False,72.6,14.170391667134682,0.9348,0.0273,0.7407,0.0701,0.7303,0.0923,0.9965,0.0014,0.9795,0.007,0.7405,0.0578,0.4808,0.0791,0.9197,0.042,0.7698,0.1059,0.5347,0.0487
0.075,0.75,1.0,3,True,226.6,30.237394067611053,0.9994,0.0008,0.7406,0.0628,0.7285,0.0894,1.0,0.0,0.9813,0.0086,1.0,0.0,0.7956,0.0791,0.7537,0.0598,0.5385,0.0274,1.3452,0.6316
0.025,0.1,0.5,3,False,205.2,47.850809815508875,0.9317,0.0275,0.7403,0.0857,0.73,0.1057,0.9962,0.0015,0.9796,0.0082,0.7248,0.0556,0.49,0.0986,0.9303,0.0405,0.7952,0.1301,1.1944,0.6358
0.05,0.75,0.75,3,False,107.0,34.285565475867536,0.9306,0.0344,0.7403,0.0792,0.7308,0.0994,0.9961,0.002,0.9801,0.0082,0.7279,0.0727,0.4785,0.0732,0.9354,0.0296,0.7664,0.0721,0.6729,0.1359
0.025,0.0,1.0,3,False,208.4,70.89992947810315,0.9247,0.0389,0.7403,0.0891,0.7291,0.1096,0.9958,0.0022,0.9796,0.0088,0.7152,0.0853,0.4848,0.1071,0.9227,0.037,0.7868,0.1125,1.3371,0.5275
0.025,0.5,0.75,3,False,209.0,60.778285596090974,0.929,0.0329,0.7402,0.0788,0.7296,0.0986,0.9961,0.0019,0.9796,0.0079,0.7207,0.0692,0.5024,0.099,0.9246,0.0369,0.7964,0.1219,0.9929,0.2406
0.05,0.5,0.5,3,True,335.0,43.94883388669147,0.9989,0.0015,0.7402,0.0735,0.7269,0.1004,1.0,0.0001,0.9807,0.0091,1.0,0.0,0.7985,0.0804,0.7669,0.1015,0.5331,0.0201,1.4535,0.1884
0.125,0.0,0.75,4,False,48.0,17.53567791675018,0.9775,0.0203,0.74,0.0562,0.7301,0.0813,0.9988,0.0011,0.9804,0.0074,0.8809,0.0879,0.5139,0.0649,0.9642,0.0296,0.802,0.1271,0.777,0.3702
0.1,0.1,1.0,3,False,63.6,27.72724292099739,0.9369,0.0428,0.7399,0.0709,0.7282,0.0942,0.9965,0.0024,0.9802,0.0077,0.7581,0.1121,0.5061,0.051,0.9285,0.0482,0.7834,0.1154,0.5142,0.1021
0.1,0.0,1.0,3,False,63.6,27.72724292099739,0.9369,0.0428,0.7399,0.0709,0.7282,0.0942,0.9965,0.0024,0.9802,0.0077,0.7581,0.1121,0.5061,0.051,0.9285,0.0482,0.7834,0.1154,0.7553,0.3805
0.025,0.1,0.1,4,False,165.2,36.96214279502746,0.9772,0.0137,0.7399,0.0846,0.7303,0.1041,0.9988,0.0007,0.9794,0.0079,0.834,0.0389,0.4793,0.1353,0.971,0.0186,0.7546,0.0913,1.0695,0.221
0.025,0.5,1.0,3,False,197.2,61.04260807010133,0.92,0.0324,0.7398,0.0877,0.7293,0.1088,0.9956,0.0019,0.9796,0.0088,0.7044,0.0702,0.4912,0.1127,0.9222,0.0365,0.7883,0.1135,0.9725,0.2476
0.075,1.0,0.1,2,True,238.4,48.81393243736874,0.9526,0.0275,0.7398,0.0841,0.7261,0.1118,0.998,0.0012,0.9802,0.008,1.0,0.0,0.8631,0.0574,0.5561,0.0722,0.4595,0.0413,1.1448,0.4337
0.025,0.1,0.75,3,False,220.4,81.30375145096319,0.9323,0.0355,0.7397,0.0785,0.7289,0.0982,0.9963,0.002,0.9797,0.008,0.7321,0.0814,0.4959,0.0936,0.9276,0.0384,0.7864,0.113,1.0353,0.3285
0.075,0.1,0.5,3,True,217.6,32.439173848912986,0.9968,0.0045,0.7394,0.0723,0.7252,0.099,0.9999,0.0002,0.9809,0.0082,1.0,0.0,0.7915,0.064,0.7663,0.1247,0.5467,0.0289,1.3361,0.4502
0.025,0.1,1.0,3,False,200.0,67.10439627923047,0.9214,0.0345,0.7394,0.0879,0.7284,0.1085,0.9957,0.002,0.9795,0.0087,0.709,0.076,0.4848,0.1071,0.9195,0.0323,0.7868,0.1125,0.9851,0.2835
0.1,0.75,1.0,3,True,173.2,30.111459612579395,0.9983,0.0035,0.7393,0.0691,0.719,0.1008,0.9999,0.0001,0.9812,0.0081,1.0,0.0,0.7913,0.0647,0.774,0.1091,0.5614,0.0259,1.1901,0.3748
0.075,0.1,0.1,5,False,56.2,18.86001060445089,0.9956,0.0052,0.7392,0.0714,0.7321,0.0877,0.9998,0.0003,0.9791,0.007,0.9294,0.0568,0.5097,0.1452,0.99,0.0112,0.7532,0.0661,0.8806,0.2463
0.1,0.1,0.75,3,True,162.0,30.438462510448847,0.9985,0.0025,0.7391,0.0812,0.727,0.1068,0.9999,0.0001,0.9801,0.0092,1.0,0.0,0.7888,0.0796,0.7393,0.065,0.5286,0.0294,0.927,0.2902
0.125,1.0,0.75,2,False,63.2,23.069460331789298,0.8756,0.0362,0.7391,0.0739,0.729,0.0963,0.9927,0.002,0.9779,0.0089,0.6354,0.0593,0.4984,0.0684,0.8803,0.0363,0.814,0.1367,0.5908,0.088
0.025,0.5,0.1,5,False,141.2,25.68462575160479,0.9945,0.004,0.7391,0.0737,0.7295,0.0935,0.9997,0.0002,0.9791,0.0073,0.9171,0.0475,0.4664,0.126,0.987,0.0098,0.7839,0.0752,1.1437,0.1675
0.125,1.0,0.1,3,True,118.6,36.01110939696249,0.9973,0.0043,0.7391,0.0787,0.7265,0.1045,0.9999,0.0002,0.9806,0.0085,1.0,0.0,0.8163,0.0529,0.7307,0.0969,0.5364,0.0281,0.8278,0.223
0.025,0.1,0.1,5,False,142.6,30.549959083442324,0.9943,0.0042,0.7391,0.0771,0.7297,0.0967,0.9997,0.0002,0.9793,0.0075,0.9197,0.049,0.46,0.1236,0.9869,0.0098,0.7685,0.108,1.4737,0.2749
0.05,0.0,0.75,5,True,202.6,45.86174876735513,1.0,0.0,0.7391,0.0656,0.729,0.0881,1.0,0.0,0.98,0.0071,1.0,0.0,0.7307,0.1015,0.9056,0.0721,0.5602,0.0527,2.0169,0.7485
0.125,0.0,0.1,5,False,31.2,5.974947698515862,0.9948,0.0034,0.7391,0.073,0.7307,0.0893,0.9997,0.0002,0.9803,0.0072,0.9191,0.039,0.4979,0.0978,0.9903,0.0094,0.7695,0.0703,0.6005,0.1053
0.05,0.0,0.75,3,False,110.6,31.60379724020517,0.9347,0.0359,0.7391,0.0804,0.7281,0.1005,0.9964,0.0021,0.9802,0.0081,0.7444,0.0823,0.5046,0.1076,0.9361,0.0296,0.7747,0.0831,0.8247,0.4276
0.025,0.0,0.75,3,False,212.8,58.746914812609525,0.9311,0.0323,0.739,0.0769,0.7295,0.0973,0.9962,0.0019,0.9797,0.0081,0.7257,0.0754,0.4971,0.1082,0.9268,0.0319,0.7783,0.1279,1.3336,0.6659
0.125,0.5,0.75,4,False,42.4,11.781341180018513,0.9735,0.0236,0.739,0.0572,0.7299,0.0821,0.9986,0.0013,0.9799,0.0072,0.8664,0.0738,0.5249,0.0667,0.9576,0.0335,0.7853,0.0948,0.7577,0.2573
0.075,0.1,0.1,2,True,300.0,55.09083408335728,0.9762,0.0155,0.739,0.0748,0.7252,0.1017,0.999,0.0006,0.9802,0.0082,1.0,0.0,0.8486,0.0574,0.6025,0.0459,0.4903,0.0258,0.9971,0.1988
0.075,0.1,0.75,3,False,70.6,17.21336689901194,0.9305,0.0445,0.739,0.0592,0.7299,0.0831,0.9961,0.0026,0.9795,0.0069,0.7352,0.0833,0.4785,0.0517,0.9294,0.0479,0.7865,0.0632,0.5378,0.0383
0.125,0.1,0.75,2,True,234.6,82.64260402480068,0.989,0.0089,0.7388,0.0737,0.7266,0.1031,0.9996,0.0003,0.9807,0.0079,1.0,0.0,0.8521,0.053,0.6637,0.0513,0.5321,0.0405,1.0412,0.213
0.125,0.75,0.75,4,False,43.6,15.868207208125307,0.976,0.0233,0.7387,0.0529,0.728,0.0803,0.9987,0.0013,0.9804,0.0063,0.8651,0.0759,0.5151,0.0801,0.9613,0.0317,0.7815,0.0597,0.5094,0.1005
0.025,1.0,0.1,3,True,540.4,157.55411768659047,0.9918,0.0098,0.7387,0.0778,0.7261,0.1042,0.9997,0.0004,0.9803,0.009,1.0,0.0,0.809,0.0676,0.6803,0.1279,0.4981,0.0142,2.3085,0.717
0.075,1.0,0.75,3,True,191.0,49.83472684785179,0.9978,0.0022,0.7387,0.0627,0.7277,0.0901,0.9999,0.0001,0.9804,0.0086,1.0,0.0,0.822,0.0589,0.6833,0.0492,0.5303,0.0272,1.2655,0.1864
0.05,0.1,0.75,3,False,110.2,35.86363060260352,0.9318,0.0397,0.7386,0.0839,0.7272,0.1034,0.9962,0.0023,0.98,0.0084,0.7401,0.0981,0.4959,0.0936,0.933,0.0366,0.7983,0.1265,0.9339,0.2583
0.025,0.75,0.75,3,False,208.6,72.73101126754666,0.9276,0.0295,0.7385,0.077,0.728,0.0968,0.996,0.0017,0.9796,0.0078,0.7189,0.0651,0.4959,0.0936,0.9293,0.0384,0.7953,0.1208,0.9903,0.2939
0.025,0.0,0.1,5,False,158.4,37.058062550543575,0.9966,0.0031,0.7385,0.0762,0.7293,0.0952,0.9998,0.0002,0.9794,0.0074,0.9408,0.0356,0.4922,0.1497,0.9882,0.0087,0.7852,0.1109,1.5635,0.35
0.125,0.1,1.0,2,True,191.0,23.515952032609693,0.9788,0.0147,0.7385,0.0724,0.7252,0.1016,0.9991,0.0006,0.9804,0.0083,1.0,0.0,0.867,0.0783,0.6116,0.0449,0.4995,0.0273,0.7451,0.1051
0.05,0.0,0.1,5,False,74.2,3.2710854467592245,0.9958,0.0039,0.7385,0.0768,0.7309,0.0956,0.9998,0.0002,0.979,0.0075,0.9261,0.0411,0.4928,0.1519,0.9913,0.0075,0.7666,0.0806,0.7634,0.076
0.1,1.0,0.75,3,True,155.8,32.75973137863008,0.9973,0.0037,0.7385,0.0764,0.7248,0.1044,0.9999,0.0002,0.9807,0.0084,1.0,0.0,0.807,0.0923,0.7298,0.1075,0.5409,0.0253,1.1462,0.2109
0.125,0.0,1.0,2,True,172.8,34.375863625514924,0.971,0.0179,0.7384,0.0779,0.726,0.1065,0.9988,0.0008,0.9806,0.0083,1.0,0.0,0.8715,0.0619,0.5875,0.0529,0.4939,0.032,0.6843,0.1224
0.125,0.0,0.75,3,False,46.0,16.867127793433,0.9293,0.0434,0.7384,0.0515,0.7305,0.0717,0.9959,0.0026,0.9799,0.0067,0.7542,0.0904,0.5136,0.0334,0.9129,0.0503,0.7843,0.0746,0.4489,0.0687
0.125,0.1,0.75,3,False,46.0,16.867127793433,0.9293,0.0434,0.7384,0.0516,0.7305,0.0718,0.9959,0.0026,0.9799,0.0067,0.7542,0.0904,0.5136,0.0334,0.9129,0.0503,0.7843,0.0746,0.6218,0.2238
0.025,0.5,0.5,3,False,203.2,51.4509475131411,0.9304,0.0254,0.7383,0.0879,0.7279,0.1079,0.9962,0.0014,0.9795,0.0083,0.7198,0.051,0.49,0.0986,0.9285,0.0373,0.7819,0.1049,1.2942,0.526
0.075,0.0,0.75,3,False,67.0,12.186057606953941,0.9264,0.0393,0.7383,0.0607,0.7293,0.0844,0.9959,0.0023,0.9795,0.007,0.7291,0.0689,0.4581,0.0519,0.9308,0.0497,0.7894,0.0799,0.7381,0.204
0.025,0.75,0.5,3,False,201.4,66.11202613745853,0.9276,0.0307,0.7383,0.0846,0.728,0.1048,0.996,0.0018,0.9795,0.0082,0.7135,0.0731,0.4959,0.0936,0.9282,0.0407,0.7849,0.1009,1.2784,0.5471
0.125,1.0,1.0,2,False,71.8,32.2055895769663,0.889,0.0459,0.7383,0.0758,0.727,0.0966,0.9935,0.0027,0.979,0.0087,0.6517,0.0762,0.5002,0.089,0.896,0.0393,0.8243,0.1207,0.458,0.0992
0.025,0.1,0.5,3,True,586.4,155.88232741398238,0.9961,0.0032,0.7382,0.0729,0.7247,0.1008,0.9998,0.0001,0.9808,0.0089,1.0,0.0,0.8128,0.0542,0.7116,0.1229,0.5308,0.0231,2.6674,0.6937
0.125,0.0,0.1,2,True,193.2,44.81852295647415,0.983,0.0081,0.7382,0.0801,0.7248,0.1096,0.9993,0.0003,0.9799,0.0087,1.0,0.0,0.8237,0.0705,0.6287,0.0174,0.5006,0.0195,0.7603,0.1923
0.05,0.75,0.5,3,True,304.4,87.95055429046482,0.988,0.0231,0.738,0.0732,0.7258,0.0985,0.9995,0.001,0.9803,0.01,1.0,0.0,0.8091,0.0734,0.7282,0.1562,0.5249,0.0494,1.2997,0.2422
0.075,0.5,1.0,5,True,134.4,25.115732121520963,1.0,0.0,0.738,0.0675,0.729,0.09,1.0,0.0,0.9802,0.0073,1.0,0.0,0.7323,0.0971,0.9184,0.0736,0.5814,0.0479,1.369,0.3163
0.125,0.5,0.1,2,True,191.4,74.41303649227062,0.9699,0.0391,0.738,0.0863,0.725,0.1125,0.9987,0.0017,0.9799,0.0089,1.0,0.0,0.8458,0.0673,0.6181,0.1024,0.4931,0.0551,0.7452,0.2323
0.05,1.0,1.0,3,False,106.4,32.09828655863113,0.9265,0.0363,0.7379,0.0794,0.7271,0.1,0.9959,0.0021,0.9798,0.0078,0.7168,0.0815,0.5035,0.1152,0.9262,0.031,0.7924,0.1216,0.6522,0.1477
0.075,1.0,0.75,5,False,52.8,15.959323293924465,0.9898,0.0076,0.7378,0.0623,0.7294,0.0822,0.9995,0.0004,0.9795,0.0057,0.9013,0.0591,0.4433,0.0903,0.9791,0.0135,0.7643,0.0641,0.7635,0.3496
0.05,0.0,1.0,5,True,186.0,34.03674485023502,0.9999,0.0002,0.7378,0.0676,0.7272,0.0895,1.0,0.0,0.9802,0.007,1.0,0.0,0.7347,0.1237,0.8773,0.0858,0.5451,0.0289,1.9225,0.4902
0.125,0.1,0.5,2,True,213.0,70.78841713161836,0.9823,0.0193,0.7377,0.0663,0.7252,0.0943,0.9993,0.0008,0.9807,0.0069,1.0,0.0,0.8368,0.0621,0.6438,0.0751,0.5228,0.0178,1.1088,0.4753
0.05,0.75,0.1,3,False,85.4,20.815859338494775,0.9139,0.045,0.7375,0.0932,0.7278,0.1115,0.9952,0.0025,0.9792,0.0085,0.682,0.0864,0.4863,0.115,0.9126,0.051,0.8114,0.1459,0.5709,0.0458
0.025,0.75,0.5,4,False,172.8,41.215288425534524,0.9722,0.0154,0.7374,0.0744,0.7271,0.0961,0.9985,0.0008,0.9798,0.0079,0.8284,0.0756,0.4781,0.1223,0.9637,0.0218,0.7588,0.0615,1.0906,0.1941
0.075,0.1,1.0,3,True,214.8,35.15252480263686,0.999,0.0013,0.7373,0.0661,0.7258,0.0943,1.0,0.0001,0.9811,0.0086,1.0,0.0,0.8137,0.0896,0.7332,0.0668,0.5638,0.0367,1.0728,0.2727
0.1,1.0,0.75,4,True,147.0,89.02527730931254,0.9996,0.0009,0.7373,0.0596,0.7272,0.0831,1.0,0.0,0.9804,0.0075,1.0,0.0,0.7767,0.0698,0.8282,0.1003,0.5772,0.0284,0.951,0.2335
0.075,0.0,1.0,4,True,160.2,45.124272847326864,0.9998,0.0004,0.7373,0.0625,0.7264,0.0875,1.0,0.0,0.9805,0.0079,1.0,0.0,0.7747,0.0958,0.833,0.1112,0.5509,0.0513,1.4247,0.3677
0.125,0.5,1.0,2,False,62.4,16.75708805252273,0.8772,0.0416,0.7372,0.0763,0.7268,0.0974,0.9927,0.0025,0.9784,0.0084,0.631,0.0664,0.4786,0.0617,0.8835,0.0323,0.8291,0.1212,0.5524,0.1533
0.1,0.75,0.75,2,False,79.6,22.886677347312784,0.8846,0.0446,0.7372,0.0763,0.726,0.1001,0.993,0.003,0.9783,0.0078,0.6391,0.068,0.475,0.0714,0.8906,0.04,0.8252,0.1078,0.4691,0.0586
0.1,0.5,1.0,3,True,189.6,39.62070165961224,0.9984,0.0036,0.7372,0.0605,0.7251,0.0888,0.9999,0.0002,0.9808,0.008,1.0,0.0,0.7739,0.0576,0.8061,0.1174,0.5968,0.0273,0.9887,0.257
0.025,1.0,0.75,3,False,196.8,51.26109635971513,0.923,0.0325,0.7371,0.0795,0.7275,0.0997,0.9957,0.0018,0.9794,0.0081,0.7019,0.0723,0.5024,0.099,0.9242,0.0411,0.78,0.1094,0.9555,0.1885
0.025,0.0,0.5,3,True,591.4,134.3495441004546,0.9959,0.003,0.7371,0.0811,0.7225,0.1091,0.9998,0.0001,0.9804,0.0095,1.0,0.0,0.8031,0.064,0.7153,0.1325,0.5193,0.0428,2.6589,0.3272
0.025,0.0,1.0,5,True,362.4,67.30378889780279,1.0,0.0,0.7369,0.0737,0.7276,0.0951,1.0,0.0,0.9797,0.0072,1.0,0.0,0.7558,0.089,0.8611,0.1114,0.5586,0.0274,3.2842,0.7402
0.075,0.75,0.75,2,False,98.6,43.258525171346285,0.8677,0.0447,0.7368,0.0765,0.7264,0.0988,0.992,0.0027,0.9781,0.0084,0.6032,0.0773,0.4763,0.0777,0.8825,0.0425,0.8484,0.1103,0.5285,0.1189
0.025,0.1,0.75,3,True,550.4,120.62669687925639,0.9969,0.0026,0.7368,0.0714,0.724,0.0996,0.9999,0.0001,0.9808,0.0091,1.0,0.0,0.8227,0.0707,0.6648,0.0393,0.5241,0.02,2.5253,1.0218
0.05,0.1,0.5,3,False,113.6,43.535043355898935,0.9342,0.0409,0.7368,0.091,0.7247,0.1104,0.9963,0.0023,0.9797,0.0084,0.7424,0.1032,0.4993,0.1162,0.9296,0.0447,0.7747,0.1451,0.6614,0.147
0.025,0.75,0.75,3,True,598.6,98.490101025433,0.9973,0.0047,0.7367,0.0655,0.725,0.0934,0.9999,0.0002,0.9808,0.0094,1.0,0.0,0.8162,0.0602,0.7052,0.0633,0.529,0.0298,2.6588,0.5977
0.125,0.0,0.5,2,True,204.4,81.0141962868237,0.9716,0.0404,0.7367,0.0661,0.7244,0.0951,0.9988,0.0018,0.9804,0.0069,1.0,0.0,0.8368,0.0621,0.626,0.1069,0.5101,0.0357,0.8165,0.2191
0.125,0.0,0.75,2,True,217.6,89.69559632445731,0.982,0.0164,0.7366,0.0739,0.7243,0.1033,0.9993,0.0007,0.9809,0.008,1.0,0.0,0.8757,0.075,0.6367,0.0765,0.5352,0.0389,0.8302,0.3175
0.025,0.1,1.0,4,False,188.2,50.81043199973801,0.9742,0.0178,0.7366,0.0727,0.726,0.0941,0.9987,0.0009,0.9801,0.0077,0.8324,0.0609,0.4906,0.1109,0.9649,0.0212,0.7624,0.083,1.4933,0.288
0.125,0.75,0.5,3,False,41.2,9.984988733093292,0.9276,0.0269,0.7366,0.0632,0.7279,0.0869,0.9959,0.0016,0.9802,0.0073,0.7355,0.0375,0.5113,0.0844,0.9168,0.0404,0.7703,0.0785,0.6511,0.2926
0.1,0.0,1.0,4,False,49.6,9.09945053286186,0.9735,0.018,0.7365,0.0527,0.7267,0.0755,0.9986,0.001,0.9801,0.0057,0.8393,0.0677,0.5064,0.0771,0.9579,0.0246,0.758,0.1065,0.5515,0.0747
0.125,0.75,1.0,3,True,143.2,18.793615937333616,0.9998,0.0005,0.7365,0.0683,0.7236,0.0958,1.0,0.0,0.9804,0.0085,1.0,0.0,0.7859,0.0785,0.7927,0.0655,0.567,0.0261,1.1084,0.3407
0.125,1.0,0.75,4,False,43.4,12.660963628413123,0.9751,0.0248,0.7364,0.0522,0.7268,0.0776,0.9987,0.0014,0.9799,0.0065,0.8673,0.0792,0.5191,0.0734,0.9642,0.0328,0.7564,0.0466,0.6119,0.1508
0.025,0.0,0.5,3,False,207.6,56.8796976081976,0.9318,0.0294,0.7364,0.0869,0.726,0.1069,0.9962,0.0016,0.9795,0.0083,0.73,0.0627,0.49,0.0986,0.9329,0.0394,0.7833,0.1167,1.1659,0.6263
0.05,1.0,0.1,3,False,92.4,21.243822631532208,0.9283,0.0243,0.7364,0.0814,0.7271,0.099,0.996,0.0014,0.9795,0.0074,0.7035,0.0657,0.4821,0.1005,0.9298,0.0259,0.7767,0.0635,0.599,0.1016
0.125,0.1,0.5,3,True,127.6,18.20164827701052,0.9985,0.0027,0.7362,0.0675,0.7244,0.0942,0.9999,0.0001,0.9801,0.0084,1.0,0.0,0.8053,0.0526,0.7462,0.0638,0.5487,0.0124,0.7376,0.1082
0.1,0.5,1.0,5,False,37.2,10.329569206893384,0.9872,0.0109,0.7361,0.0656,0.7267,0.0859,0.9993,0.0006,0.9793,0.007,0.8736,0.0717,0.5144,0.0767,0.9824,0.0146,0.7872,0.0928,0.5528,0.0933
0.075,1.0,0.75,3,False,63.0,19.73575435599055,0.9125,0.0441,0.7361,0.0744,0.7256,0.0964,0.9951,0.0026,0.9791,0.0077,0.6995,0.0915,0.4655,0.0915,0.9038,0.0505,0.7622,0.0819,0.5172,0.054
0.1,1.0,1.0,3,True,215.6,122.14253968212712,0.999,0.0012,0.736,0.0632,0.7236,0.0908,1.0,0.0,0.981,0.0078,1.0,0.0,0.7919,0.07,0.7654,0.1142,0.5404,0.0314,0.9318,0.1935
0.125,1.0,0.1,2,True,158.4,62.68412877276034,0.9541,0.029,0.736,0.0873,0.7227,0.1143,0.9981,0.0012,0.9797,0.0083,1.0,0.0,0.8478,0.0762,0.5838,0.1287,0.4729,0.0495,0.6645,0.1449
0.05,0.5,0.75,3,False,91.2,17.93599732381782,0.9138,0.039,0.736,0.0747,0.7269,0.095,0.9951,0.0023,0.9795,0.0077,0.6989,0.0611,0.483,0.0888,0.9206,0.0434,0.7431,0.0636,0.6007,0.0679
0.05,1.0,0.75,3,True,294.2,83.51167583038914,0.9966,0.005,0.736,0.0676,0.7237,0.0964,0.9999,0.0002,0.9808,0.0086,1.0,0.0,0.819,0.0696,0.6898,0.0656,0.5354,0.0366,1.6185,0.2307
0.125,0.5,0.75,2,False,54.2,10.449880382090505,0.8605,0.0364,0.7359,0.072,0.7257,0.0941,0.9917,0.0022,0.9775,0.0087,0.6135,0.0543,0.4854,0.0624,0.8691,0.0382,0.8205,0.1395,0.4641,0.126
0.1,0.5,0.75,2,False,77.8,22.554378732299412,0.8811,0.0469,0.7359,0.0763,0.7249,0.1003,0.9928,0.0031,0.9783,0.0079,0.6373,0.0805,0.4686,0.0682,0.8871,0.0431,0.8332,0.1109,0.732,0.1445
0.1,0.5,1.0,5,True,93.8,21.77613372479146,1.0,0.0,0.7359,0.0694,0.7269,0.0905,1.0,0.0,0.9797,0.0069,1.0,0.0,0.7286,0.0982,0.8772,0.0963,0.5485,0.038,1.2791,0.2976
0.125,0.5,0.75,5,False,34.0,8.860022573334675,0.9917,0.0071,0.7359,0.0614,0.7257,0.0841,0.9996,0.0004,0.9798,0.006,0.9172,0.0467,0.5049,0.106,0.9844,0.0145,0.7364,0.0382,0.5372,0.0597
0.125,1.0,0.75,5,True,70.8,16.192590898309017,1.0,0.0001,0.7359,0.0526,0.7283,0.074,1.0,0.0,0.9795,0.0065,1.0,0.0,0.7505,0.0967,0.8673,0.1012,0.5492,0.0505,0.8114,0.1441
0.075,0.5,0.75,3,True,240.0,40.08116764766216,0.9995,0.0007,0.7359,0.0622,0.7245,0.0881,1.0,0.0,0.9804,0.0078,1.0,0.0,0.7804,0.0605,0.7878,0.097,0.5365,0.0109,1.4165,0.4808
0.125,0.75,0.5,2,False,65.4,21.96132965009177,0.8844,0.0414,0.7359,0.0817,0.7254,0.1042,0.9932,0.0023,0.9779,0.0096,0.6471,0.0678,0.4703,0.0915,0.8895,0.0503,0.8073,0.1309,0.4399,0.0637
0.025,1.0,0.1,3,False,193.2,39.632057731084316,0.9318,0.0208,0.7357,0.0933,0.7255,0.1128,0.9963,0.0011,0.9793,0.0082,0.7118,0.0546,0.4834,0.1153,0.9292,0.032,0.7651,0.0939,1.2437,0.265
0.125,1.0,0.75,2,True,189.0,22.945587811167535,0.9786,0.0102,0.7357,0.0642,0.7232,0.0946,0.9991,0.0004,0.9806,0.0075,1.0,0.0,0.8304,0.061,0.6138,0.026,0.4918,0.0219,0.8708,0.3699
0.1,1.0,0.75,3,False,58.2,26.309694030908076,0.9261,0.05,0.7357,0.07,0.7247,0.0945,0.9959,0.0028,0.9797,0.0076,0.7443,0.1138,0.5148,0.0576,0.9127,0.0629,0.7729,0.1185,0.4847,0.0988
0.025,0.1,0.1,3,True,573.0,104.50358845513392,0.9945,0.0078,0.7357,0.0813,0.7218,0.1081,0.9998,0.0003,0.9801,0.0095,1.0,0.0,0.7803,0.0714,0.7126,0.115,0.5007,0.0224,2.6062,0.3747
0.075,0.0,0.1,3,False,67.8,18.806913622388976,0.9348,0.0346,0.7356,0.0894,0.725,0.1091,0.9964,0.0019,0.9796,0.0083,0.7251,0.0807,0.4867,0.1452,0.9325,0.0411,0.7685,0.0858,0.5143,0.0736
0.075,0.1,0.1,3,True,216.2,46.68725736215397,0.999,0.0011,0.7356,0.0671,0.7228,0.0938,1.0,0.0001,0.9809,0.0083,1.0,0.0,0.7861,0.071,0.7565,0.0942,0.5612,0.0691,1.0393,0.1828
0.025,1.0,1.0,3,True,584.4,85.46227237793295,0.9952,0.0066,0.7356,0.0671,0.7233,0.0953,0.9998,0.0003,0.9807,0.0087,1.0,0.0,0.8141,0.0648,0.6957,0.1044,0.5129,0.0384,2.563,0.7683
0.1,0.75,0.1,3,True,161.2,57.647202880972465,0.9926,0.0102,0.7355,0.0877,0.7196,0.1135,0.9997,0.0004,0.9807,0.0092,1.0,0.0,0.7959,0.0482,0.7548,0.1607,0.5453,0.0542,0.9999,0.4303
0.075,0.1,0.1,3,False,65.2,21.63792966066763,0.9297,0.0361,0.7355,0.089,0.7244,0.1092,0.9962,0.002,0.9796,0.008,0.7027,0.1016,0.4743,0.1632,0.9263,0.0444,0.7678,0.0972,0.5222,0.085
0.025,0.75,1.0,3,False,208.4,79.32717062898436,0.9241,0.0366,0.7355,0.0851,0.7243,0.106,0.9958,0.0021,0.9795,0.0087,0.7157,0.08,0.4912,0.1127,0.9238,0.0348,0.7883,0.1135,1.0226,0.3073
0.075,1.0,1.0,3,False,76.0,21.66794868002045,0.933,0.038,0.7355,0.0726,0.7261,0.0945,0.9963,0.0022,0.9797,0.0079,0.7423,0.0821,0.5027,0.0715,0.9223,0.0468,0.7795,0.0935,0.7991,0.205
0.025,1.0,0.1,5,False,145.4,22.142718893577634,0.995,0.0041,0.7355,0.0739,0.7255,0.0947,0.9997,0.0002,0.9788,0.0073,0.9235,0.0367,0.4765,0.1196,0.9856,0.0077,0.777,0.1052,1.3903,0.309
0.05,0.5,0.1,3,True,289.0,35.742132001323036,0.9967,0.0042,0.7354,0.0798,0.7219,0.1084,0.9999,0.0002,0.98,0.0091,1.0,0.0,0.7862,0.0679,0.7059,0.0622,0.5172,0.0224,1.5887,0.4824
0.075,1.0,0.75,2,True,276.4,83.0560052013098,0.9594,0.0449,0.7354,0.0887,0.7234,0.1164,0.9983,0.002,0.9796,0.0098,1.0,0.0,0.8889,0.0581,0.5688,0.0723,0.4748,0.0562,0.9603,0.2608
0.1,0.1,1.0,4,False,52.0,13.2664991614216,0.9739,0.0159,0.7354,0.0494,0.7261,0.0727,0.9986,0.0008,0.9798,0.0064,0.8445,0.0751,0.5181,0.0759,0.963,0.0193,0.769,0.1047,0.822,0.1504
0.05,0.0,0.1,3,False,83.6,19.32097306038182,0.9116,0.0413,0.7354,0.0886,0.7258,0.1066,0.9951,0.0024,0.9791,0.0082,0.6801,0.0853,0.498,0.0999,0.9073,0.0486,0.8008,0.1022,0.6488,0.2168
0.075,0.5,0.75,2,True,300.8,107.91987768710636,0.9713,0.0172,0.7353,0.0734,0.7229,0.1022,0.9988,0.0007,0.9803,0.0082,1.0,0.0,0.869,0.0613,0.5872,0.0583,0.4972,0.0156,1.0018,0.3624
0.125,0.5,0.1,5,False,33.2,6.1400325732035,0.9945,0.0049,0.7352,0.0686,0.7247,0.0844,0.9997,0.0002,0.9801,0.0069,0.9232,0.0411,0.4919,0.0667,0.9883,0.0137,0.7845,0.0919,0.5122,0.048
0.075,0.0,0.75,2,False,89.8,26.432934002868468,0.8592,0.0447,0.7352,0.0769,0.7246,0.0988,0.9915,0.0027,0.9777,0.0084,0.5972,0.0799,0.4634,0.0674,0.8751,0.0474,0.8451,0.1104,0.5014,0.0745
0.075,0.5,0.75,2,False,89.8,26.432934002868468,0.8592,0.0447,0.7352,0.0769,0.7246,0.0988,0.9915,0.0027,0.9777,0.0084,0.5972,0.0799,0.4634,0.0674,0.8751,0.0474,0.8451,0.1104,0.4894,0.0624
0.075,0.1,0.75,2,False,89.8,26.432934002868468,0.8592,0.0447,0.7352,0.0769,0.7246,0.0988,0.9915,0.0027,0.9777,0.0084,0.5972,0.0799,0.4634,0.0674,0.8751,0.0474,0.8451,0.1104,0.5055,0.08
0.125,0.1,0.75,4,False,44.0,11.789826122551595,0.9801,0.0161,0.7352,0.0495,0.7263,0.0741,0.999,0.0009,0.98,0.0065,0.8715,0.0517,0.508,0.0708,0.9664,0.0268,0.7683,0.0637,0.4988,0.0809
0.05,0.1,0.1,3,False,89.8,26.929537686339884,0.9174,0.0446,0.7352,0.09,0.7256,0.108,0.9954,0.0025,0.9791,0.0081,0.6961,0.0963,0.481,0.1221,0.9124,0.0519,0.7851,0.123,0.8914,0.2174
0.05,0.1,0.1,5,False,78.0,11.022703842524301,0.9969,0.0024,0.7352,0.0801,0.7269,0.0988,0.9998,0.0001,0.9792,0.0077,0.9322,0.0276,0.498,0.1542,0.9919,0.0081,0.7657,0.0871,1.0383,0.4537
0.075,0.75,0.75,5,False,58.4,10.784247771634329,0.9936,0.0047,0.7352,0.0621,0.7272,0.0811,0.9997,0.0002,0.9797,0.0055,0.9191,0.0491,0.466,0.0854,0.9806,0.0133,0.7487,0.0495,0.9039,0.3621
0.1,1.0,0.1,3,False,47.2,9.093954035511725,0.9277,0.0326,0.7351,0.0837,0.7267,0.1018,0.996,0.002,0.9801,0.0071,0.7195,0.0688,0.491,0.158,0.9248,0.0422,0.7883,0.0621,0.4475,0.0491
0.075,1.0,0.75,2,False,91.8,29.456747953567447,0.8627,0.042,0.7351,0.077,0.7245,0.0988,0.9917,0.0025,0.9779,0.0084,0.5917,0.0665,0.4763,0.0777,0.8767,0.0414,0.8484,0.1103,0.5067,0.0874
0.125,0.5,0.75,2,True,196.8,39.858499720887636,0.9825,0.0087,0.7351,0.07,0.7227,0.1003,0.9993,0.0004,0.9805,0.008,1.0,0.0,0.8383,0.0507,0.6213,0.0308,0.504,0.01,0.7857,0.1864
0.125,0.0,0.5,3,True,152.6,25.37321422287685,0.9997,0.0003,0.7351,0.0795,0.7212,0.1045,1.0,0.0,0.9804,0.0081,1.0,0.0,0.7742,0.0908,0.83,0.0982,0.5556,0.0342,1.1229,0.4075
0.125,0.1,1.0,2,False,60.6,14.604793733565703,0.8754,0.0378,0.7351,0.0729,0.7253,0.0949,0.9926,0.0023,0.9784,0.0083,0.6272,0.0586,0.4873,0.0716,0.8816,0.0286,0.8291,0.1212,0.4292,0.0497
0.125,0.0,1.0,2,False,60.6,14.604793733565703,0.8754,0.0378,0.7351,0.0729,0.7253,0.0949,0.9926,0.0023,0.9784,0.0083,0.6272,0.0586,0.4873,0.0716,0.8816,0.0286,0.8291,0.1212,0.7235,0.1915
0.1,0.0,1.0,5,True,92.4,9.762171889492626,1.0,0.0,0.7351,0.0543,0.7241,0.0775,1.0,0.0,0.9799,0.0063,1.0,0.0,0.729,0.1185,0.9021,0.0746,0.5947,0.0353,1.269,0.4865
0.025,0.0,0.1,4,False,147.2,21.649480363278933,0.9709,0.0132,0.735,0.0782,0.7263,0.0976,0.9985,0.0007,0.9791,0.0076,0.8123,0.0389,0.4771,0.1336,0.9668,0.0206,0.7607,0.0923,0.9802,0.1441
0.125,0.0,0.1,2,False,75.6,44.34298140630601,0.8885,0.0743,0.735,0.0783,0.7247,0.1022,0.9936,0.0041,0.9789,0.0088,0.6587,0.1264,0.4666,0.0977,0.9018,0.0598,0.8051,0.0893,0.4845,0.121
0.1,1.0,0.75,2,False,85.6,33.797928930631244,0.8897,0.0378,0.735,0.0739,0.7241,0.098,0.9934,0.0026,0.9784,0.0077,0.6446,0.0619,0.4815,0.0773,0.8978,0.0415,0.8187,0.1075,0.495,0.1059
0.025,0.5,0.75,3,True,638.6,181.4036934574376,0.9957,0.0081,0.7349,0.0731,0.7223,0.0998,0.9998,0.0003,0.9804,0.0097,1.0,0.0,0.8069,0.0502,0.7272,0.1362,0.5234,0.0381,2.7778,0.609
0.025,1.0,0.75,3,True,518.0,133.27040181525678,0.9927,0.0072,0.7349,0.0727,0.7215,0.1023,0.9997,0.0003,0.9812,0.009,1.0,0.0,0.8285,0.075,0.646,0.0759,0.5102,0.0267,2.3904,1.1268
0.075,1.0,0.5,3,False,85.2,25.645662401271682,0.9472,0.033,0.7349,0.0659,0.7243,0.0885,0.9971,0.0018,0.9795,0.0075,0.784,0.0914,0.481,0.0756,0.9319,0.037,0.7688,0.0958,0.5866,0.0978
0.05,0.0,0.5,3,False,123.8,55.75123317021786,0.9401,0.0449,0.7349,0.0894,0.7225,0.1086,0.9967,0.0025,0.9799,0.0085,0.7577,0.1108,0.4993,0.1162,0.9352,0.0476,0.7622,0.1217,0.7034,0.1988
0.075,0.0,0.5,3,True,208.0,34.8209706929603,0.9988,0.0009,0.7349,0.0792,0.7203,0.1079,0.9999,0.0,0.9809,0.0088,1.0,0.0,0.7927,0.0749,0.7405,0.0902,0.5282,0.0307,1.3378,0.5256
0.1,0.1,0.75,2,False,75.0,19.45507645834372,0.8776,0.0406,0.7349,0.0746,0.7237,0.0983,0.9926,0.0028,0.9781,0.0076,0.6285,0.0643,0.4686,0.0682,0.8865,0.0421,0.8332,0.1109,0.4881,0.0875
0.1,0.0,0.75,2,False,75.0,19.45507645834372,0.8776,0.0406,0.7349,0.0746,0.7237,0.0983,0.9926,0.0028,0.9781,0.0076,0.6285,0.0643,0.4686,0.0682,0.8865,0.0421,0.8332,0.1109,0.7468,0.2512
0.1,0.75,0.75,4,False,45.0,15.63649577111189,0.9615,0.0311,0.7348,0.06,0.7265,0.0834,0.998,0.0016,0.9798,0.0074,0.8224,0.1094,0.4646,0.0792,0.9487,0.0399,0.7443,0.0843,0.5054,0.0625
0.075,1.0,1.0,3,True,195.6,42.898717929560554,0.9972,0.0021,0.7348,0.0627,0.7236,0.0921,0.9999,0.0001,0.9809,0.0085,1.0,0.0,0.8171,0.0632,0.6945,0.075,0.5381,0.0348,1.0092,0.2656
0.125,0.5,1.0,2,True,200.8,45.05219195555306,0.9768,0.0211,0.7348,0.0761,0.7213,0.1051,0.999,0.0009,0.9805,0.0082,1.0,0.0,0.84,0.0525,0.6383,0.1157,0.4998,0.0446,0.9529,0.3593
0.025,0.1,0.5,4,False,171.4,50.86550894270105,0.969,0.0194,0.7347,0.074,0.7246,0.0957,0.9984,0.001,0.9795,0.0082,0.8255,0.0932,0.4769,0.1116,0.9627,0.0249,0.7486,0.1001,1.1165,0.2064
0.1,1.0,0.75,4,False,47.6,13.831124321616086,0.9663,0.028,0.7346,0.0567,0.7271,0.079,0.9982,0.0015,0.9798,0.007,0.8359,0.1071,0.4632,0.0875,0.9525,0.0427,0.7268,0.0701,0.8158,0.1637
0.125,0.5,0.5,4,False,37.8,10.353743284435827,0.9646,0.0255,0.7346,0.0547,0.7256,0.0782,0.9981,0.0014,0.9794,0.0065,0.8402,0.0839,0.494,0.0898,0.9457,0.0366,0.7614,0.1106,0.4735,0.0208
0.05,0.5,0.75,2,True,438.6,131.9708301102937,0.9685,0.0187,0.7346,0.0838,0.7218,0.1124,0.9987,0.0008,0.9801,0.0089,1.0,0.0,0.869,0.0613,0.5813,0.0536,0.497,0.0169,1.6035,0.3342
0.125,0.0,0.75,2,False,54.6,10.99090533122727,0.8628,0.041,0.7345,0.0699,0.7245,0.0921,0.9919,0.0025,0.9775,0.0087,0.616,0.0593,0.4854,0.0624,0.8693,0.0386,0.8205,0.1395,0.4613,0.116
0.125,0.1,0.75,2,False,54.6,10.99090533122727,0.8628,0.041,0.7345,0.0699,0.7245,0.0921,0.9919,0.0025,0.9775,0.0087,0.616,0.0593,0.4854,0.0624,0.8693,0.0386,0.8205,0.1395,0.4191,0.0438
0.025,0.5,0.5,4,False,169.8,40.87419723982356,0.9717,0.0166,0.7344,0.0744,0.7239,0.0967,0.9985,0.0009,0.9796,0.0081,0.8296,0.0679,0.4846,0.1276,0.9639,0.0234,0.7442,0.1017,1.0899,0.1929
0.075,1.0,0.1,3,False,76.6,22.930329260610282,0.947,0.0296,0.7344,0.0752,0.7251,0.0951,0.9971,0.0017,0.9802,0.0062,0.7615,0.0924,0.504,0.1416,0.9403,0.0182,0.79,0.0671,0.8354,0.4131
0.05,1.0,0.1,5,False,78.6,15.42076522096099,0.9957,0.0032,0.7344,0.0797,0.7262,0.0986,0.9998,0.0002,0.9791,0.0073,0.9232,0.0522,0.4827,0.1546,0.9922,0.0076,0.7504,0.086,0.7576,0.0802
0.1,1.0,1.0,3,False,58.0,19.96246477767713,0.9335,0.0376,0.7343,0.0776,0.7236,0.0991,0.9963,0.0021,0.9795,0.0086,0.7447,0.068,0.5124,0.0809,0.9196,0.055,0.7593,0.1157,0.5075,0.0732
0.025,0.75,0.1,3,True,547.2,129.57121593934355,0.9959,0.0048,0.7343,0.0725,0.7212,0.1011,0.9998,0.0002,0.9803,0.0087,1.0,0.0,0.8112,0.0566,0.6793,0.0538,0.513,0.0332,2.5099,1.2261
0.025,0.0,1.0,4,False,173.6,31.189741903388686,0.9688,0.0178,0.7343,0.0745,0.724,0.0953,0.9984,0.0009,0.9799,0.0077,0.8224,0.0649,0.4906,0.1109,0.9606,0.0223,0.774,0.1042,1.1124,0.155
0.025,0.0,0.75,3,True,660.6,140.46814585520804,0.9984,0.0021,0.7342,0.0734,0.7202,0.1013,0.9999,0.0001,0.9807,0.0091,1.0,0.0,0.8128,0.0542,0.7428,0.125,0.5408,0.0247,2.8725,0.642
0.025,0.5,1.0,5,True,348.6,67.84762339242252,1.0,0.0,0.7342,0.0709,0.7243,0.0926,1.0,0.0,0.9797,0.0076,1.0,0.0,0.765,0.0634,0.8492,0.0927,0.5558,0.0282,3.0908,0.8437
0.05,0.75,1.0,3,False,108.0,35.6931365951495,0.9272,0.0415,0.7342,0.0791,0.7224,0.1007,0.996,0.0024,0.9797,0.0079,0.718,0.1044,0.5046,0.1076,0.9224,0.0366,0.7856,0.1038,0.9163,0.2519
0.05,0.5,0.5,5,True,185.0,47.916594202843754,1.0,0.0,0.7341,0.0765,0.7236,0.0989,1.0,0.0,0.9797,0.0077,1.0,0.0,0.7228,0.0959,0.867,0.1084,0.5554,0.0714,1.8893,0.4679
0.05,0.5,1.0,3,False,111.8,36.94184619100675,0.9321,0.042,0.734,0.0771,0.7224,0.0979,0.9962,0.0024,0.9798,0.0079,0.7334,0.1026,0.5024,0.099,0.931,0.039,0.7865,0.1029,0.8566,0.5053
0.125,0.1,1.0,3,True,123.6,25.095816384409577,0.9981,0.0023,0.734,0.0738,0.721,0.1021,0.9999,0.0001,0.9804,0.0088,1.0,0.0,0.7963,0.0717,0.7272,0.0795,0.546,0.0391,0.7344,0.1435
0.125,0.75,1.0,2,False,62.2,16.589153082662175,0.8767,0.0416,0.734,0.0752,0.7235,0.0959,0.9926,0.0025,0.9784,0.0084,0.6331,0.066,0.4786,0.0617,0.883,0.0325,0.8136,0.1228,0.4292,0.054
0.1,0.75,1.0,5,True,128.8,100.6339902816141,1.0,0.0,0.7339,0.0693,0.7267,0.0907,1.0,0.0,0.9802,0.0078,1.0,0.0,0.7305,0.1101,0.8671,0.0886,0.5504,0.0353,1.0216,0.2582
0.125,0.75,0.1,4,False,37.0,7.1763500472036625,0.9739,0.0211,0.7339,0.0761,0.7253,0.0961,0.9986,0.0011,0.9804,0.0067,0.8494,0.0788,0.4962,0.0876,0.9545,0.0368,0.7143,0.0552,0.4707,0.0289
0.075,0.0,0.75,2,True,269.2,59.955817065569214,0.9598,0.0271,0.7339,0.0767,0.721,0.1053,0.9983,0.0012,0.9798,0.0081,1.0,0.0,0.8568,0.0772,0.5711,0.077,0.4729,0.0355,1.1962,0.3759
0.05,0.0,0.75,3,True,276.8,30.93056740507681,0.9952,0.0054,0.7339,0.0686,0.7217,0.0984,0.9998,0.0002,0.9809,0.0082,1.0,0.0,0.8211,0.0791,0.683,0.0561,0.5131,0.0222,1.2447,0.1571
0.075,0.1,0.75,5,True,115.6,26.54806960967219,1.0,0.0,0.7339,0.0662,0.7239,0.0886,1.0,0.0,0.9796,0.0073,1.0,0.0,0.7707,0.08,0.8389,0.0971,0.5575,0.0373,1.135,0.1706
0.125,0.0,1.0,3,True,132.0,32.85574531189332,0.9987,0.0025,0.7339,0.071,0.7209,0.0993,0.9999,0.0001,0.9805,0.0081,1.0,0.0,0.8022,0.0696,0.7478,0.0783,0.5614,0.0435,0.7638,0.1584
0.075,1.0,0.1,3,True,220.6,52.57661076942865,0.9982,0.0031,0.7339,0.0873,0.7191,0.1149,0.9999,0.0001,0.9803,0.0096,1.0,0.0,0.7826,0.0624,0.7673,0.1294,0.5369,0.0245,1.0654,0.1824
0.05,0.5,0.1,3,False,98.6,28.40422503783548,0.9316,0.0337,0.7339,0.0875,0.7241,0.1052,0.9963,0.0018,0.9795,0.0082,0.7152,0.0786,0.4875,0.1293,0.9299,0.0436,0.7822,0.118,0.6287,0.1191
0.125,1.0,0.75,3,True,119.8,33.12400941915094,0.9949,0.0089,0.7338,0.0678,0.7226,0.0927,0.9998,0.0004,0.9805,0.009,1.0,0.0,0.7945,0.0528,0.7182,0.0982,0.5392,0.0323,0.7138,0.1574
0.025,0.1,1.0,3,True,564.0,80.941336781647,0.9969,0.0029,0.7338,0.07,0.7195,0.0992,0.9999,0.0001,0.9808,0.0089,1.0,0.0,0.8243,0.0545,0.6763,0.0525,0.5223,0.0119,2.5723,0.9319
0.025,0.0,0.5,4,False,165.6,42.16396565789323,0.9689,0.0178,0.7338,0.0776,0.7233,0.0995,0.9984,0.0009,0.9795,0.0083,0.8193,0.0848,0.4781,0.1223,0.964,0.0212,0.7544,0.0953,1.0857,0.1683
0.1,0.1,1.0,5,True,98.0,18.506755523321747,1.0,0.0,0.7337,0.0702,0.7254,0.0888,1.0,0.0,0.9795,0.0069,1.0,0.0,0.7452,0.1052,0.8999,0.0594,0.5633,0.043,1.0088,0.1391
0.125,0.5,0.5,2,True,173.0,44.06245567373657,0.9706,0.0161,0.7337,0.0633,0.7213,0.0921,0.9988,0.0007,0.9808,0.0066,1.0,0.0,0.8545,0.0595,0.5888,0.045,0.5021,0.0188,0.7061,0.1728
0.125,1.0,0.5,3,True,129.8,24.692104001076938,0.9992,0.0006,0.7337,0.0739,0.7213,0.0975,1.0,0.0,0.9805,0.0073,1.0,0.0,0.7778,0.0382,0.7604,0.0791,0.5556,0.0273,0.735,0.1207
0.075,1.0,0.75,4,True,162.8,46.13783696707075,0.9996,0.0006,0.7337,0.0788,0.7233,0.1033,1.0,0.0,0.979,0.0097,1.0,0.0,0.772,0.0751,0.8451,0.1238,0.5657,0.0379,1.3097,0.6486
0.075,0.1,0.75,4,True,143.6,24.62315982972129,0.9995,0.0012,0.7337,0.0859,0.7226,0.1091,1.0,0.0001,0.9793,0.01,1.0,0.0,0.7817,0.0723,0.8103,0.1145,0.5647,0.0329,1.0515,0.148
0.1,0.0,0.5,2,True,227.8,80.96110177115922,0.9668,0.0272,0.7336,0.0822,0.721,0.11,0.9986,0.0012,0.9799,0.0082,1.0,0.0,0.8569,0.0649,0.5986,0.09,0.5013,0.0313,0.8345,0.2615
0.125,0.75,0.75,5,False,34.4,10.16366075781753,0.9887,0.0097,0.7336,0.0596,0.7235,0.083,0.9994,0.0005,0.9799,0.0062,0.9089,0.0562,0.4835,0.1084,0.9751,0.0197,0.7555,0.0797,0.5141,0.052
0.1,0.75,0.5,4,True,115.2,21.718655575334306,0.9997,0.0004,0.7336,0.0697,0.7231,0.0946,1.0,0.0,0.9796,0.0087,1.0,0.0,0.7626,0.0734,0.8291,0.0856,0.5604,0.0224,1.2212,0.2738
0.1,0.5,0.75,3,True,149.6,31.10948408443959,0.9987,0.0013,0.7336,0.0743,0.721,0.1022,0.9999,0.0001,0.9805,0.0085,1.0,0.0,0.8006,0.085,0.7078,0.0399,0.5332,0.0187,0.8292,0.131
0.1,0.5,0.5,3,True,161.2,23.868389137099303,0.9996,0.0004,0.7336,0.0644,0.7205,0.0936,1.0,0.0,0.9801,0.0093,1.0,0.0,0.7924,0.0874,0.7432,0.0258,0.5463,0.0274,1.1494,0.5298
0.025,0.0,1.0,3,True,585.4,77.21269325700277,0.9967,0.0037,0.7335,0.0622,0.7213,0.0923,0.9999,0.0002,0.9811,0.0084,1.0,0.0,0.8222,0.0593,0.6887,0.069,0.5215,0.0251,2.6429,0.6996
0.1,0.0,0.75,5,False,49.4,14.536161804272819,0.9943,0.006,0.7335,0.0686,0.7234,0.0901,0.9997,0.0003,0.9797,0.0062,0.9417,0.051,0.4807,0.0863,0.985,0.0121,0.7628,0.1394,0.6181,0.1191
0.025,0.75,1.0,4,False,150.2,28.420063335608525,0.9597,0.0165,0.7334,0.0752,0.7236,0.0936,0.9979,0.0009,0.9797,0.0071,0.7733,0.0593,0.4794,0.1254,0.9532,0.0229,0.7444,0.0824,1.1622,0.5112
0.075,0.5,0.5,2,False,105.2,40.25791847574834,0.8801,0.0423,0.7334,0.0773,0.7225,0.1005,0.9928,0.0027,0.9784,0.0077,0.6214,0.0756,0.4762,0.0852,0.8956,0.0361,0.8301,0.1183,0.7502,0.4163
0.075,0.0,0.5,2,False,105.2,40.25791847574834,0.8801,0.0423,0.7334,0.0773,0.7225,0.1005,0.9928,0.0027,0.9784,0.0077,0.6214,0.0756,0.4762,0.0852,0.8956,0.0361,0.8301,0.1183,0.5317,0.1079
0.075,0.1,0.5,2,False,105.2,40.25791847574834,0.8801,0.0423,0.7334,0.0773,0.7225,0.1005,0.9928,0.0027,0.9784,0.0077,0.6214,0.0756,0.4762,0.0852,0.8956,0.0361,0.8301,0.1183,0.5386,0.1096
0.075,0.1,1.0,4,True,155.2,42.80420540087154,0.9997,0.0005,0.7334,0.0631,0.7238,0.0881,1.0,0.0,0.9797,0.0085,1.0,0.0,0.7718,0.0926,0.802,0.1247,0.5508,0.0473,1.1068,0.2385
0.125,0.1,0.1,2,True,176.2,62.34741373946477,0.97,0.0369,0.7334,0.0873,0.7199,0.1167,0.9988,0.0016,0.9796,0.0093,1.0,0.0,0.8237,0.0705,0.5996,0.0659,0.4804,0.052,0.9066,0.6485
0.05,0.75,0.5,3,False,99.2,29.9866637023861,0.9242,0.0367,0.7334,0.0911,0.7232,0.1115,0.9958,0.0021,0.9793,0.0089,0.7159,0.0595,0.4649,0.11,0.9214,0.0431,0.7639,0.1235,0.8478,0.4901
0.125,0.0,0.75,5,False,30.0,7.14142842854285,0.9867,0.0104,0.7334,0.0621,0.7233,0.0856,0.9993,0.0005,0.9799,0.0064,0.9018,0.059,0.5062,0.0549,0.9652,0.0246,0.7648,0.0591,0.4951,0.0397
0.025,0.1,0.75,2,True,733.8,197.66942100385683,0.9494,0.0272,0.7332,0.0898,0.7207,0.1182,0.9978,0.0012,0.98,0.0093,1.0,0.0,0.8853,0.0598,0.5413,0.0643,0.4771,0.0313,2.2554,1.1184
0.025,0.0,0.1,2,True,736.2,211.96273257344083,0.9512,0.0366,0.7332,0.0913,0.7207,0.1181,0.9979,0.0016,0.9795,0.0097,1.0,0.0,0.8737,0.0349,0.5462,0.0633,0.4655,0.0411,2.3181,0.5407
0.125,1.0,0.5,2,False,61.2,14.75466028073842,0.8783,0.039,0.7331,0.0802,0.7227,0.1025,0.9928,0.0022,0.9775,0.0094,0.6396,0.0644,0.4639,0.0856,0.8836,0.0485,0.8139,0.1318,0.7247,0.235
0.025,0.5,1.0,4,False,163.0,35.014282800023196,0.9641,0.0219,0.7331,0.0712,0.723,0.0915,0.9981,0.0012,0.98,0.0074,0.7956,0.0837,0.4847,0.1186,0.9559,0.0223,0.7769,0.1093,1.3657,0.2563
0.025,0.75,0.1,3,False,194.4,59.18023318642805,0.9296,0.0337,0.7331,0.0936,0.7232,0.1136,0.9961,0.0019,0.979,0.0087,0.7142,0.0778,0.4899,0.1094,0.9311,0.0335,0.7765,0.0974,0.937,0.2514
0.1,0.0,0.75,3,True,149.6,20.85185843036539,0.9989,0.0009,0.7331,0.0823,0.7189,0.1075,1.0,0.0,0.9806,0.0083,1.0,0.0,0.7889,0.0698,0.7118,0.0309,0.5233,0.0209,0.8377,0.1112
0.025,1.0,0.5,3,False,196.4,53.42564927073886,0.9251,0.0305,0.7329,0.0872,0.7225,0.1076,0.9959,0.0017,0.9792,0.0084,0.7081,0.0636,0.4702,0.1013,0.9285,0.034,0.7676,0.1187,0.9575,0.2339
0.075,0.0,0.5,4,True,169.2,38.39531221386277,1.0,0.0001,0.7328,0.0685,0.7222,0.0922,1.0,0.0,0.9794,0.0087,1.0,0.0,0.7526,0.1052,0.869,0.0941,0.5643,0.0329,1.1733,0.2463
0.075,0.5,0.1,3,False,63.4,19.882152800941856,0.928,0.0328,0.7328,0.0854,0.7225,0.1062,0.9961,0.0018,0.9796,0.008,0.6976,0.0928,0.4656,0.1522,0.9262,0.0443,0.7663,0.0951,0.5145,0.1041
0.025,0.0,0.1,3,True,544.4,155.6367565840409,0.9939,0.0068,0.7327,0.081,0.7198,0.1098,0.9997,0.0003,0.9801,0.0096,1.0,0.0,0.818,0.0455,0.6807,0.1054,0.5029,0.0248,2.4436,0.854
0.1,0.1,0.1,2,False,72.6,19.03417978269618,0.8731,0.0439,0.7327,0.0901,0.7218,0.1112,0.9925,0.0025,0.9776,0.0089,0.6333,0.0709,0.4639,0.0856,0.8773,0.0302,0.7901,0.1345,0.4653,0.049
0.05,0.75,1.0,5,True,249.0,188.65047044733285,0.9999,0.0001,0.7326,0.0738,0.7232,0.0939,1.0,0.0,0.9793,0.0077,1.0,0.0,0.7713,0.0787,0.8579,0.1082,0.5563,0.0379,1.6012,0.3331
0.125,0.75,1.0,2,True,184.6,18.352111595127138,0.976,0.0202,0.7326,0.0726,0.7195,0.1022,0.999,0.0009,0.9804,0.0081,1.0,0.0,0.8487,0.0434,0.6098,0.0575,0.4847,0.0275,0.7333,0.1063
0.075,0.0,0.5,5,True,130.0,25.524498036200438,1.0,0.0,0.7325,0.0936,0.7216,0.1152,1.0,0.0,0.9796,0.0092,1.0,0.0,0.7463,0.086,0.9025,0.0939,0.5722,0.048,1.2489,0.1206
0.1,0.5,0.1,2,False,72.6,19.03417978269618,0.873,0.0438,0.7325,0.0903,0.7215,0.1113,0.9925,0.0025,0.9776,0.0089,0.6342,0.0712,0.4639,0.0856,0.8786,0.0311,0.7901,0.1345,0.4535,0.0592
0.025,1.0,0.75,4,False,165.8,49.8467651909329,0.968,0.0184,0.7324,0.0772,0.7226,0.0964,0.9983,0.001,0.9799,0.0073,0.8032,0.0822,0.4847,0.1186,0.9584,0.0242,0.7769,0.1093,1.4028,0.7089
0.05,1.0,0.1,2,True,405.2,127.82096854585323,0.9632,0.0271,0.7324,0.0792,0.7203,0.1065,0.9984,0.0012,0.9798,0.0086,1.0,0.0,0.8794,0.0541,0.5691,0.061,0.4759,0.0305,1.2526,0.3622
0.075,1.0,0.75,4,False,60.0,17.478558292948534,0.9694,0.0222,0.7324,0.0667,0.7225,0.0867,0.9984,0.0012,0.9796,0.0068,0.82,0.0762,0.4849,0.0978,0.9625,0.0217,0.7516,0.0784,0.6955,0.2157
0.1,0.5,0.1,3,False,56.8,20.24104740372889,0.9409,0.0371,0.7324,0.0912,0.7216,0.1099,0.9968,0.0021,0.9801,0.0081,0.7471,0.1073,0.4979,0.1573,0.9373,0.0376,0.7913,0.0943,0.519,0.1419
0.075,0.1,0.5,2,True,282.4,102.02107625388001,0.9621,0.0293,0.7324,0.0768,0.7202,0.105,0.9985,0.0012,0.9798,0.008,1.0,0.0,0.869,0.0613,0.5743,0.0613,0.4918,0.0433,0.977,0.3483
0.075,0.5,0.1,2,True,263.4,36.71239572678415,0.9622,0.0298,0.7323,0.0758,0.719,0.1043,0.9984,0.0013,0.9796,0.0076,1.0,0.0,0.8593,0.063,0.5723,0.0551,0.4732,0.0407,1.1808,0.4446
0.05,1.0,0.5,2,True,460.8,121.57590221750361,0.9723,0.0235,0.7323,0.0849,0.7193,0.113,0.9989,0.001,0.9796,0.0091,1.0,0.0,0.856,0.0691,0.5917,0.0585,0.4947,0.0499,1.66,0.4884
0.075,0.5,0.75,4,False,64.6,20.156884679930084,0.9721,0.025,0.7323,0.0656,0.7225,0.0871,0.9985,0.0013,0.9799,0.0067,0.8351,0.0904,0.4855,0.0967,0.9664,0.0255,0.77,0.0825,0.9068,0.1161
0.1,0.5,0.75,2,True,223.6,58.71371219740752,0.9721,0.0183,0.7323,0.0673,0.7202,0.0971,0.9988,0.0008,0.9798,0.0079,1.0,0.0,0.8414,0.0678,0.5926,0.062,0.4973,0.0192,0.8433,0.2269
0.1,0.75,0.75,5,False,44.0,14.035668847618199,0.9927,0.0053,0.7323,0.068,0.7224,0.0878,0.9996,0.0003,0.9799,0.0061,0.9134,0.0557,0.4883,0.0808,0.9845,0.0088,0.7519,0.1164,0.5708,0.0808
0.05,0.0,0.75,4,False,91.0,21.059439688652688,0.9743,0.0185,0.7322,0.0718,0.7213,0.0946,0.9986,0.001,0.9803,0.0074,0.8335,0.0638,0.4724,0.1086,0.9694,0.0233,0.7515,0.0686,0.7166,0.1222
0.125,0.75,0.75,2,True,196.2,71.9180088712139,0.9768,0.0191,0.7322,0.0666,0.7193,0.0966,0.999,0.0008,0.9802,0.0077,1.0,0.0,0.8414,0.0678,0.6113,0.0606,0.5005,0.0188,0.7658,0.2445
0.025,0.1,0.75,4,False,168.0,48.29078587059855,0.9693,0.0177,0.7321,0.0771,0.722,0.0964,0.9984,0.0009,0.9797,0.0074,0.8117,0.077,0.4847,0.1186,0.9612,0.0218,0.7695,0.1138,1.4089,0.4298
0.1,0.5,0.5,4,True,122.0,16.95582495781317,1.0,0.0001,0.7321,0.0672,0.7202,0.0918,1.0,0.0,0.9799,0.0079,1.0,0.0,0.7599,0.1132,0.8556,0.0886,0.5559,0.0232,0.9171,0.1006
0.075,1.0,0.5,2,False,88.6,23.754999473794985,0.8636,0.0234,0.7321,0.0757,0.7213,0.099,0.9917,0.0015,0.978,0.0076,0.5955,0.0455,0.4633,0.0759,0.8819,0.0268,0.8268,0.1179,0.8006,0.2548
0.125,1.0,0.1,2,False,61.8,35.08133406813373,0.8624,0.0653,0.7321,0.0824,0.7214,0.1055,0.9921,0.0036,0.9788,0.0087,0.6115,0.1049,0.4521,0.0952,0.8811,0.0572,0.8007,0.0915,0.6037,0.2995
0.025,1.0,0.1,4,False,173.6,44.65198763773008,0.9764,0.0163,0.7321,0.0827,0.7224,0.1025,0.9988,0.0009,0.979,0.0081,0.8457,0.0767,0.4945,0.1523,0.9707,0.0216,0.756,0.1041,1.0716,0.1627
0.075,0.5,1.0,4,True,171.4,21.337759957408835,1.0,0.0,0.7321,0.06,0.7231,0.0826,1.0,0.0,0.9799,0.0076,1.0,0.0,0.766,0.0865,0.8794,0.0514,0.5764,0.0218,1.1954,0.2035
0.075,0.0,0.1,4,False,58.8,26.873779042032776,0.9686,0.0224,0.7321,0.0815,0.723,0.099,0.9983,0.0012,0.9796,0.0071,0.8297,0.0977,0.4789,0.1537,0.9597,0.0269,0.7907,0.1012,0.5635,0.0868
0.075,0.75,0.1,3,False,64.2,21.253235047869772,0.9286,0.0328,0.732,0.084,0.722,0.1045,0.9961,0.0018,0.9796,0.0078,0.7056,0.0958,0.4761,0.1431,0.9314,0.0368,0.7729,0.0826,0.7705,0.3484
0.1,0.1,0.5,2,False,72.6,27.005554984113918,0.8705,0.0287,0.732,0.0817,0.7211,0.1052,0.9922,0.0019,0.9776,0.0093,0.6059,0.0464,0.4564,0.0898,0.8913,0.0408,0.8015,0.1221,0.627,0.1313
0.1,0.0,0.5,2,False,72.6,27.005554984113918,0.8705,0.0287,0.732,0.0817,0.7211,0.1052,0.9922,0.0019,0.9776,0.0093,0.6059,0.0464,0.4564,0.0898,0.8913,0.0408,0.8015,0.1221,0.485,0.1019
0.05,0.0,0.75,4,True,221.8,44.24590376520746,1.0,0.0001,0.732,0.0784,0.7213,0.1021,1.0,0.0,0.9793,0.0094,1.0,0.0,0.7817,0.0723,0.8048,0.0798,0.5574,0.0306,1.5572,0.3877
0.125,0.0,0.5,4,False,34.0,9.772410142846033,0.9592,0.024,0.732,0.0514,0.7223,0.0756,0.9978,0.0013,0.979,0.0059,0.8154,0.0861,0.4801,0.0734,0.9431,0.0364,0.7292,0.0653,0.4687,0.0499
0.1,0.5,1.0,4,False,52.8,22.884492565927697,0.968,0.03,0.732,0.0522,0.7222,0.0753,0.9983,0.0016,0.9795,0.0066,0.8386,0.1068,0.4995,0.0949,0.9583,0.0349,0.7446,0.0717,0.5471,0.1269
0.025,0.0,0.1,3,False,196.8,58.47392581313486,0.9312,0.0336,0.732,0.0915,0.7214,0.1115,0.9962,0.0019,0.979,0.0085,0.707,0.083,0.484,0.1152,0.9318,0.0354,0.777,0.1131,1.2899,0.2513
0.025,0.1,0.1,3,False,196.8,58.47392581313486,0.9312,0.0336,0.732,0.0915,0.7214,0.1115,0.9962,0.0019,0.979,0.0085,0.707,0.083,0.484,0.1152,0.9318,0.0354,0.777,0.1131,1.2871,0.3664
0.025,0.1,1.0,5,True,351.4,71.50384605040487,1.0,0.0,0.7319,0.0809,0.7206,0.102,1.0,0.0,0.9793,0.0082,1.0,0.0,0.7504,0.1041,0.8381,0.0942,0.5505,0.0405,3.096,0.5402
0.05,1.0,0.75,2,True,387.0,79.63039620647382,0.9576,0.0207,0.7319,0.0837,0.7194,0.112,0.9982,0.0009,0.9803,0.0087,1.0,0.0,0.8749,0.0675,0.5513,0.0521,0.4785,0.0347,1.1673,0.2419
0.125,1.0,0.5,4,False,35.0,14.404860290887934,0.958,0.0235,0.7319,0.049,0.7224,0.0775,0.9978,0.0013,0.9791,0.007,0.8063,0.0938,0.4824,0.0755,0.9384,0.0346,0.7195,0.0442,0.7605,0.0651
0.075,0.75,0.75,2,True,270.4,88.9230003992218,0.9597,0.0341,0.7318,0.0828,0.7188,0.1114,0.9983,0.0015,0.9801,0.0092,1.0,0.0,0.8715,0.0619,0.5627,0.0718,0.4728,0.036,0.946,0.2686
0.05,0.1,0.75,5,True,196.8,42.487645263064415,1.0,0.0,0.7318,0.0697,0.7205,0.0926,1.0,0.0,0.98,0.0068,1.0,0.0,0.7131,0.0992,0.9056,0.0757,0.5517,0.0176,1.6973,0.3352
0.075,0.75,0.1,2,True,255.4,39.48797285250282,0.9612,0.0169,0.7318,0.0755,0.7181,0.1043,0.9984,0.0007,0.98,0.0079,1.0,0.0,0.858,0.0547,0.5609,0.0342,0.472,0.032,1.1811,0.4398
0.075,1.0,0.1,5,False,54.6,12.621410380777577,0.9968,0.004,0.7317,0.0657,0.7244,0.0817,0.9998,0.0002,0.979,0.0064,0.9292,0.0327,0.5114,0.1324,0.9923,0.0091,0.7653,0.0673,0.6288,0.1135
0.025,0.75,0.5,3,True,524.0,129.82488205270977,0.9944,0.005,0.7317,0.0787,0.7179,0.1079,0.9998,0.0002,0.9802,0.0093,1.0,0.0,0.822,0.0589,0.6512,0.0487,0.5056,0.0206,2.4237,0.3888
0.1,1.0,0.1,2,False,73.4,19.907285098676812,0.8733,0.0428,0.7317,0.0872,0.7216,0.1096,0.9925,0.0024,0.9777,0.0089,0.6303,0.0668,0.4616,0.0818,0.8819,0.0357,0.7692,0.1049,0.5197,0.1138
0.05,0.75,0.75,3,True,317.4,70.85407539443304,0.9986,0.0011,0.7317,0.0694,0.7184,0.0982,0.9999,0.0,0.9805,0.0084,1.0,0.0,0.7855,0.0576,0.7286,0.0927,0.5298,0.0286,1.6947,0.289
0.05,0.0,0.1,3,True,291.0,79.87490219086344,0.9933,0.0142,0.7317,0.0783,0.718,0.1055,0.9997,0.0006,0.9797,0.0091,1.0,0.0,0.7908,0.0671,0.7103,0.1015,0.5034,0.0263,1.3151,0.3026
0.1,0.75,0.75,4,True,123.6,19.269146322554093,1.0,0.0,0.7316,0.0557,0.7209,0.0812,1.0,0.0,0.9792,0.0077,1.0,0.0,0.7392,0.0907,0.8536,0.0823,0.5466,0.0254,0.9231,0.1233
0.1,0.5,0.5,2,False,77.0,27.248853186877426,0.8774,0.0397,0.7316,0.081,0.7207,0.1047,0.9926,0.0026,0.9778,0.0094,0.6236,0.0707,0.465,0.0993,0.8893,0.037,0.8015,0.1221,0.4728,0.0694
0.025,1.0,1.0,5,True,464.0,324.7552924895913,0.9999,0.0002,0.7315,0.0731,0.7216,0.0936,1.0,0.0,0.9792,0.0076,1.0,0.0,0.7487,0.0781,0.8337,0.1046,0.535,0.0212,3.1295,0.9571
0.1,0.5,0.75,4,False,51.2,16.754103974847474,0.9754,0.0202,0.7314,0.062,0.7226,0.0865,0.9987,0.0011,0.9798,0.0073,0.8535,0.0807,0.4704,0.0834,0.9599,0.0321,0.7347,0.0768,0.5325,0.104
0.1,0.5,1.0,2,False,79.0,31.264996401726965,0.876,0.0414,0.7314,0.0669,0.7207,0.0908,0.9926,0.0027,0.9778,0.0079,0.6229,0.0647,0.4826,0.11,0.8891,0.0323,0.8321,0.118,0.466,0.093
0.05,0.0,1.0,4,False,94.8,25.547994050414214,0.9717,0.0171,0.7314,0.0644,0.7216,0.0845,0.9985,0.0009,0.9799,0.0064,0.8335,0.0801,0.4971,0.1082,0.9663,0.0214,0.7712,0.0751,0.761,0.1566
0.025,0.0,0.75,4,False,163.4,39.64593295660981,0.9671,0.0197,0.7314,0.0736,0.7207,0.0942,0.9983,0.001,0.9797,0.0076,0.8089,0.0847,0.4794,0.1254,0.9571,0.0238,0.7834,0.1087,1.0768,0.1877
0.025,0.1,0.75,4,True,437.0,126.91532610366646,0.9987,0.0021,0.7314,0.0764,0.7205,0.099,0.9999,0.0001,0.9801,0.0087,1.0,0.0,0.7765,0.1181,0.7816,0.1335,0.5288,0.0445,2.8664,0.9295
0.05,1.0,0.75,4,False,87.2,34.72319109759355,0.9634,0.0205,0.7314,0.076,0.7205,0.0977,0.998,0.0011,0.98,0.0074,0.8069,0.1033,0.49,0.0986,0.9562,0.0287,0.7562,0.0899,0.682,0.1296
0.025,0.5,0.75,4,False,153.0,31.44041984452498,0.9642,0.0163,0.7314,0.0722,0.7218,0.0923,0.9981,0.0009,0.9794,0.0076,0.7919,0.0537,0.4847,0.1186,0.9544,0.0176,0.7734,0.0884,1.2463,0.4137
0.1,0.1,1.0,2,False,78.6,30.50081966111731,0.8754,0.041,0.7314,0.0668,0.7208,0.0908,0.9925,0.0027,0.9778,0.0079,0.6236,0.0654,0.4826,0.11,0.8891,0.0324,0.8321,0.118,0.5823,0.3061
0.1,0.0,1.0,2,False,78.6,30.50081966111731,0.8754,0.041,0.7314,0.0668,0.7208,0.0908,0.9925,0.0027,0.9778,0.0079,0.6236,0.0654,0.4826,0.11,0.8891,0.0324,0.8321,0.118,0.4787,0.0903
0.1,1.0,0.1,3,True,160.8,43.619949564390836,0.9966,0.0066,0.7313,0.0782,0.7176,0.1063,0.9999,0.0003,0.9805,0.0092,1.0,0.0,0.7854,0.069,0.7559,0.1332,0.5478,0.049,0.84,0.1342
0.05,0.5,0.75,5,True,174.4,26.15912842584783,1.0,0.0,0.7313,0.0693,0.7216,0.0902,1.0,0.0,0.9799,0.0069,1.0,0.0,0.7522,0.0808,0.8451,0.0884,0.5407,0.0302,1.8256,0.7353
0.05,0.5,0.75,4,False,86.2,18.673510650116114,0.969,0.0174,0.7313,0.0754,0.7199,0.0969,0.9984,0.0009,0.9801,0.0073,0.8266,0.076,0.4726,0.0995,0.9601,0.0266,0.7604,0.0694,0.6871,0.0854
0.125,0.75,0.1,3,True,129.2,31.49126863116188,0.9988,0.0011,0.7313,0.0725,0.7204,0.099,0.9999,0.0,0.9796,0.009,1.0,0.0,0.7822,0.0912,0.7666,0.0945,0.5396,0.023,0.7459,0.1646
0.125,1.0,1.0,2,True,196.0,60.212125024782175,0.975,0.0342,0.7313,0.0718,0.7192,0.1008,0.9989,0.0015,0.9803,0.0081,1.0,0.0,0.8347,0.0597,0.6228,0.0836,0.4883,0.0436,1.0516,0.4885
0.075,0.0,0.75,5,False,60.2,14.805404418657398,0.995,0.0053,0.7313,0.054,0.7226,0.0758,0.9997,0.0003,0.9793,0.0057,0.9373,0.0486,0.469,0.0881,0.9853,0.0119,0.7634,0.0688,0.6746,0.1156
0.075,0.75,0.75,4,False,59.2,19.149412523625887,0.9674,0.0206,0.7312,0.0689,0.7211,0.0892,0.9983,0.0011,0.9798,0.0064,0.816,0.0973,0.4721,0.0666,0.9604,0.0248,0.7875,0.089,0.6912,0.269
0.1,0.5,0.75,4,True,122.8,28.428858577157122,0.9998,0.0004,0.7312,0.0602,0.7202,0.0854,1.0,0.0,0.9796,0.0073,1.0,0.0,0.78,0.0815,0.8682,0.0937,0.5794,0.0325,1.2464,0.5913
0.05,0.75,0.1,5,True,229.0,150.94369811290565,1.0,0.0,0.7312,0.078,0.7209,0.1021,1.0,0.0,0.9793,0.0085,1.0,0.0,0.7277,0.1149,0.8733,0.0942,0.5534,0.0645,1.8539,0.848
0.025,0.75,1.0,5,True,341.2,75.04798464982255,0.9999,0.0001,0.7312,0.0711,0.7216,0.0917,1.0,0.0,0.9796,0.0069,1.0,0.0,0.7573,0.081,0.8318,0.1029,0.5438,0.0304,3.1744,1.2181
0.05,0.1,0.75,4,False,105.0,36.15936946352909,0.9788,0.02,0.7312,0.0739,0.7191,0.0983,0.9989,0.0011,0.9802,0.0077,0.8618,0.0869,0.4754,0.0934,0.9735,0.0253,0.7703,0.1065,1.0879,0.1676
0.025,0.0,1.0,2,True,787.8,254.01909377052743,0.9545,0.0211,0.7312,0.0867,0.7192,0.1143,0.9981,0.0009,0.98,0.0093,1.0,0.0,0.8853,0.0598,0.553,0.0552,0.487,0.0253,2.4471,1.0297
0.05,0.75,1.0,3,True,320.4,41.216501549743406,0.9991,0.0009,0.7311,0.0635,0.7187,0.0907,1.0,0.0,0.9802,0.0085,1.0,0.0,0.7927,0.0749,0.7297,0.0573,0.5226,0.0213,1.4524,0.3638
0.05,0.1,1.0,4,True,260.2,64.08744026718496,0.9995,0.0011,0.7311,0.0772,0.7196,0.1004,1.0,0.0,0.9796,0.0088,1.0,0.0,0.7707,0.08,0.8772,0.1247,0.575,0.039,1.9155,0.6666
0.125,0.75,0.5,4,False,40.6,15.931101656822104,0.9703,0.0252,0.7311,0.0555,0.7206,0.085,0.9984,0.0014,0.9793,0.0069,0.8408,0.0965,0.4902,0.0728,0.9525,0.0356,0.7322,0.0901,0.484,0.0863
0.125,1.0,1.0,3,True,142.6,26.98703392371974,0.9996,0.0007,0.731,0.0605,0.7184,0.0905,1.0,0.0,0.9807,0.008,1.0,0.0,0.8088,0.0731,0.7803,0.104,0.5698,0.0411,0.8164,0.1352
0.075,0.5,0.5,2,True,265.4,130.0107687847434,0.9472,0.0559,0.731,0.0776,0.7193,0.1053,0.9977,0.0025,0.9796,0.0091,1.0,0.0,0.8674,0.0547,0.5653,0.1036,0.4681,0.051,0.9452,0.3644
0.05,0.5,1.0,4,True,278.6,28.901557051480804,1.0,0.0,0.731,0.0802,0.72,0.1034,1.0,0.0,0.9802,0.0079,1.0,0.0,0.7445,0.108,0.9015,0.0638,0.5739,0.0191,1.7917,0.2935
0.025,0.75,0.75,4,False,150.2,36.16904754068042,0.9634,0.0146,0.731,0.076,0.7213,0.095,0.9981,0.0008,0.9796,0.0072,0.7818,0.0659,0.4847,0.1186,0.9562,0.0168,0.7839,0.0982,1.3475,0.2764
0.025,0.0,0.75,5,False,165.6,34.04849482723135,0.9948,0.0051,0.731,0.0643,0.72,0.0868,0.9997,0.0003,0.9799,0.007,0.9241,0.0378,0.4642,0.1196,0.986,0.0113,0.733,0.0751,1.6295,0.3596
0.05,0.1,0.5,2,True,387.0,95.8410141849511,0.9567,0.0323,0.731,0.0853,0.7179,0.1131,0.9982,0.0014,0.9797,0.0093,1.0,0.0,0.8854,0.0466,0.5549,0.0634,0.4768,0.0367,1.1799,0.2815
0.1,1.0,0.75,5,False,42.6,10.597169433391164,0.9896,0.0117,0.7309,0.0669,0.7209,0.088,0.9995,0.0006,0.9795,0.0068,0.909,0.0792,0.5078,0.1073,0.9757,0.0221,0.7566,0.1154,0.549,0.0207
0.025,0.5,0.1,3,False,188.0,38.353617821530214,0.9286,0.03,0.7309,0.0894,0.7214,0.1096,0.9961,0.0017,0.9789,0.0085,0.7109,0.0731,0.484,0.1152,0.9268,0.0335,0.7653,0.0944,0.9416,0.1603
0.1,0.1,0.5,2,True,216.0,65.21886230225118,0.9622,0.0258,0.7309,0.0801,0.7175,0.1071,0.9984,0.0011,0.9797,0.0081,1.0,0.0,0.8569,0.0649,0.5978,0.1175,0.4938,0.0406,0.9197,0.4455
0.1,0.75,0.5,3,True,132.6,34.65977495599185,0.9956,0.0036,0.7309,0.062,0.7188,0.0902,0.9998,0.0001,0.9803,0.0081,1.0,0.0,0.8255,0.0729,0.6708,0.0456,0.5179,0.0228,0.7606,0.1753
0.075,0.5,0.1,3,True,190.4,29.602364770403057,0.9964,0.0046,0.7308,0.0663,0.7165,0.0922,0.9998,0.0002,0.9801,0.0087,1.0,0.0,0.7853,0.0743,0.7202,0.1009,0.521,0.0313,0.972,0.087
0.025,0.5,0.5,3,True,545.6,71.32531107538192,0.996,0.0047,0.7308,0.0714,0.7179,0.1003,0.9998,0.0002,0.98,0.0091,1.0,0.0,0.8205,0.0687,0.6758,0.0399,0.5061,0.0246,2.497,0.56
0.025,0.75,0.1,4,False,178.8,38.30404678359716,0.9803,0.0126,0.7308,0.0826,0.7202,0.1018,0.999,0.0007,0.9791,0.0077,0.849,0.0635,0.4805,0.1501,0.9717,0.0211,0.7401,0.1221,1.1079,0.1863
0.125,0.1,0.1,2,False,64.0,25.96150997149434,0.8758,0.0623,0.7307,0.0769,0.7201,0.0998,0.9929,0.0034,0.9783,0.0083,0.6393,0.1062,0.4537,0.0818,0.8901,0.0487,0.8014,0.089,0.5517,0.148
0.075,0.0,0.5,2,True,231.4,70.87171509142416,0.9462,0.0263,0.7307,0.0707,0.718,0.0986,0.9977,0.0012,0.9801,0.0082,1.0,0.0,0.8749,0.0675,0.5382,0.055,0.4719,0.0312,0.837,0.2328
0.1,0.0,1.0,5,False,42.0,8.803408430829505,0.9906,0.0086,0.7307,0.0596,0.7222,0.0793,0.9995,0.0005,0.979,0.0067,0.9029,0.0481,0.5004,0.0929,0.9808,0.0196,0.7643,0.0831,0.5612,0.0696
0.05,0.75,0.75,4,False,94.4,28.849610049357686,0.9727,0.0173,0.7307,0.0708,0.7181,0.0952,0.9986,0.0009,0.9801,0.0077,0.8397,0.0842,0.4866,0.1251,0.9646,0.0244,0.7517,0.0988,0.7317,0.138
0.05,0.0,0.75,2,True,364.2,92.0635649972344,0.9491,0.0342,0.7307,0.082,0.7186,0.1112,0.9978,0.0015,0.9799,0.009,1.0,0.0,0.88,0.0575,0.5424,0.0641,0.4638,0.0469,1.1449,0.227
0.075,0.1,1.0,5,True,124.8,18.633303518163387,1.0,0.0,0.7306,0.0654,0.7211,0.0876,1.0,0.0,0.9794,0.0076,1.0,0.0,0.7454,0.0995,0.9018,0.0726,0.5727,0.039,1.4802,0.3764
0.05,1.0,0.5,3,True,233.8,61.8966881181861,0.9844,0.0212,0.7306,0.0715,0.7184,0.0996,0.9993,0.0009,0.9799,0.01,1.0,0.0,0.8398,0.0593,0.6366,0.1054,0.5025,0.0335,1.3179,0.6845
0.075,0.75,0.5,2,False,90.6,26.94995361777085,0.8656,0.0236,0.7306,0.0751,0.7198,0.0982,0.9918,0.0015,0.9781,0.0076,0.5962,0.046,0.4697,0.0794,0.8829,0.0262,0.8201,0.1183,0.8056,0.1246
0.025,0.5,1.0,3,True,602.6,114.5569727253649,0.9969,0.0049,0.7306,0.0708,0.7164,0.0995,0.9999,0.0002,0.9803,0.0094,1.0,0.0,0.8228,0.0624,0.7049,0.0874,0.5255,0.0327,2.6988,0.8424
0.05,0.0,0.5,3,True,287.6,78.88472602475082,0.9948,0.0077,0.7306,0.0705,0.7176,0.098,0.9998,0.0003,0.9804,0.0084,1.0,0.0,0.8279,0.0605,0.691,0.0843,0.5337,0.0312,1.5904,0.5967
0.025,0.1,0.75,5,True,335.0,94.07178110358069,0.9994,0.0009,0.7306,0.0715,0.7208,0.0929,1.0,0.0,0.9789,0.0078,1.0,0.0,0.7654,0.0734,0.8404,0.1292,0.5423,0.0475,3.0071,0.5899
0.075,0.0,1.0,2,True,252.6,53.24753515422099,0.9545,0.0325,0.7306,0.0805,0.719,0.109,0.998,0.0015,0.9797,0.0087,1.0,0.0,0.8626,0.0726,0.556,0.0696,0.4642,0.046,1.1263,0.4001
0.05,1.0,0.1,3,True,286.6,36.25327571406479,0.9972,0.0034,0.7305,0.0815,0.7166,0.1095,0.9999,0.0001,0.9802,0.0089,1.0,0.0,0.7811,0.0727,0.703,0.0504,0.5136,0.0482,1.4511,0.3643
0.025,0.5,0.1,2,True,670.0,250.87546711466229,0.9372,0.0384,0.7305,0.0915,0.7175,0.1208,0.9973,0.0017,0.9798,0.0096,1.0,0.0,0.8794,0.0541,0.5206,0.0723,0.4536,0.0327,1.8653,0.7034
0.1,0.5,1.0,4,True,133.4,25.754611237601704,1.0,0.0,0.7305,0.0786,0.7193,0.1028,1.0,0.0,0.9794,0.0084,1.0,0.0,0.7518,0.0602,0.8899,0.0683,0.6048,0.0454,0.9749,0.1835
0.075,0.75,0.1,3,True,202.8,35.06707857806236,0.9989,0.0011,0.7305,0.0653,0.7181,0.0932,1.0,0.0,0.9804,0.0079,1.0,0.0,0.7743,0.0798,0.7394,0.0813,0.5294,0.0374,0.999,0.1728
0.05,0.75,0.5,4,True,250.4,60.11489000239458,0.9998,0.0005,0.7304,0.0788,0.7197,0.1023,1.0,0.0,0.9789,0.0092,1.0,0.0,0.7575,0.0737,0.852,0.1113,0.5686,0.0545,1.6441,0.4343
0.05,0.0,0.5,5,True,188.0,29.53811097548386,1.0,0.0,0.7303,0.0788,0.7194,0.1011,1.0,0.0,0.9793,0.0081,1.0,0.0,0.7357,0.1159,0.891,0.0667,0.5536,0.0475,1.9202,0.6239
0.075,0.0,0.75,4,False,63.2,21.440615662802223,0.9682,0.0187,0.7303,0.0585,0.7215,0.0787,0.9983,0.001,0.9797,0.0059,0.8236,0.0924,0.4808,0.0768,0.9545,0.0304,0.7554,0.0832,0.5962,0.0928
0.125,0.1,0.5,5,True,80.2,13.255187663703596,1.0,0.0,0.7302,0.0609,0.7205,0.083,1.0,0.0,0.9794,0.0061,1.0,0.0,0.7007,0.0987,0.9369,0.0536,0.5654,0.0384,0.882,0.1322
0.125,0.1,0.75,3,True,110.2,35.51337776106351,0.9868,0.0211,0.7302,0.0674,0.7189,0.0935,0.9994,0.0009,0.9796,0.0091,1.0,0.0,0.7987,0.0782,0.6949,0.1669,0.5077,0.0534,0.6716,0.0837
0.05,1.0,1.0,5,True,174.0,33.57826678076163,1.0,0.0,0.7302,0.0761,0.7203,0.0971,1.0,0.0,0.9794,0.0077,1.0,0.0,0.7497,0.0999,0.8596,0.0819,0.5544,0.0315,1.7116,0.7221
0.075,1.0,0.5,3,True,219.2,62.39951922891714,0.9954,0.0068,0.7302,0.0737,0.7163,0.1018,0.9998,0.0003,0.9803,0.0089,1.0,0.0,0.7739,0.0576,0.7442,0.139,0.5372,0.0527,1.0503,0.2463
0.025,0.0,0.75,5,True,346.4,77.81580816260923,1.0,0.0001,0.7301,0.0739,0.721,0.0951,1.0,0.0,0.9795,0.0077,1.0,0.0,0.7492,0.0861,0.8523,0.1023,0.5471,0.052,3.0811,0.5385
0.125,0.75,1.0,4,False,41.0,16.98528775146303,0.9639,0.0281,0.7301,0.0507,0.7209,0.0717,0.9981,0.0015,0.9792,0.0064,0.826,0.0993,0.5093,0.0733,0.947,0.0391,0.7486,0.0858,0.5259,0.1263
0.125,0.1,0.5,4,False,36.4,10.784247771634329,0.9629,0.0233,0.73,0.0556,0.7197,0.0805,0.998,0.0013,0.9792,0.0059,0.832,0.083,0.4801,0.0734,0.9442,0.0363,0.7635,0.0792,0.4653,0.0371
0.1,0.75,0.1,2,False,72.4,18.836135484753765,0.8725,0.043,0.73,0.0863,0.7199,0.1086,0.9924,0.0024,0.9776,0.0089,0.6317,0.0671,0.4552,0.0742,0.8814,0.036,0.7747,0.1059,0.6056,0.2806
0.075,0.1,0.75,4,False,54.6,15.501612819316577,0.9615,0.0237,0.73,0.054,0.7214,0.0725,0.998,0.0012,0.9794,0.0058,0.8029,0.0973,0.4662,0.0712,0.9573,0.0266,0.7524,0.0503,0.8869,0.1604
0.075,0.0,0.1,2,True,268.0,82.16751182797249,0.9575,0.0451,0.73,0.0849,0.7164,0.1104,0.9982,0.0019,0.9794,0.0095,1.0,0.0,0.8482,0.0323,0.5744,0.0739,0.4532,0.0407,0.9357,0.2745
0.025,0.0,0.5,2,True,736.4,115.34426730444821,0.953,0.0225,0.7299,0.0851,0.7176,0.1144,0.998,0.001,0.9796,0.0091,1.0,0.0,0.8859,0.0593,0.5468,0.0463,0.4686,0.0379,2.4172,0.6489
0.075,0.5,1.0,2,True,279.6,107.02242755609686,0.9592,0.0386,0.7299,0.0768,0.717,0.1035,0.9982,0.0018,0.9798,0.0091,1.0,0.0,0.8707,0.0593,0.567,0.0767,0.483,0.0429,1.1239,0.4759
0.125,1.0,1.0,3,False,47.0,23.769728648009426,0.9171,0.0493,0.7299,0.0678,0.7212,0.0883,0.9953,0.0028,0.9794,0.0079,0.7427,0.1321,0.4898,0.0489,0.9017,0.0566,0.7661,0.0743,0.4531,0.0686
0.05,0.75,0.75,5,True,262.4,206.27239272379617,1.0,0.0,0.7299,0.074,0.7203,0.0945,1.0,0.0,0.9801,0.0071,1.0,0.0,0.7456,0.0793,0.8703,0.0875,0.5604,0.0276,1.9793,0.4893
0.1,0.5,0.1,3,True,158.4,38.1156135986291,0.9958,0.0079,0.7298,0.0749,0.7171,0.1026,0.9998,0.0003,0.9795,0.0092,1.0,0.0,0.7774,0.0672,0.7656,0.1248,0.5527,0.0454,0.8365,0.1445
0.025,1.0,0.5,4,False,167.0,51.53154373779229,0.9667,0.021,0.7297,0.0781,0.719,0.0995,0.9982,0.0011,0.9794,0.0081,0.8204,0.0948,0.4828,0.104,0.9611,0.0244,0.7667,0.0797,1.3494,0.3498
0.125,0.75,0.5,3,True,124.4,29.254059547351712,0.996,0.0059,0.7297,0.0749,0.7162,0.1006,0.9998,0.0002,0.9801,0.0081,1.0,0.0,0.7965,0.0589,0.7434,0.1283,0.5263,0.0203,0.723,0.0975
0.05,0.1,0.5,5,True,180.0,39.54743986657037,1.0,0.0,0.7296,0.0586,0.7203,0.0822,1.0,0.0,0.9801,0.0061,1.0,0.0,0.7239,0.1219,0.8735,0.1233,0.5427,0.0216,1.8606,0.7374
0.1,1.0,0.5,5,True,128.8,74.99799997333263,1.0,0.0,0.7296,0.0726,0.7206,0.0927,1.0,0.0,0.9793,0.0068,1.0,0.0,0.7157,0.0832,0.9262,0.0654,0.5702,0.0082,1.3205,0.4046
0.1,0.1,0.1,3,True,163.4,49.87283829901803,0.9972,0.0033,0.7296,0.0767,0.7166,0.1027,0.9999,0.0001,0.98,0.0094,1.0,0.0,0.7872,0.0914,0.7528,0.138,0.5479,0.0376,1.142,0.2436
0.025,1.0,0.1,4,True,418.0,150.38118233342894,0.9985,0.0023,0.7296,0.0799,0.7193,0.1038,0.9999,0.0001,0.9787,0.0101,1.0,0.0,0.7877,0.0593,0.7848,0.1383,0.5321,0.0459,2.739,1.043
0.05,1.0,1.0,3,True,317.4,53.60317154795974,0.9984,0.0014,0.7295,0.0634,0.7178,0.091,0.9999,0.0001,0.9803,0.0081,1.0,0.0,0.7959,0.0482,0.7254,0.1121,0.5231,0.0294,1.6949,0.5616
0.025,0.0,0.75,2,True,814.2,79.39269487805537,0.9631,0.0177,0.7295,0.0817,0.716,0.1115,0.9985,0.0007,0.98,0.0086,1.0,0.0,0.869,0.0613,0.5631,0.0419,0.4855,0.0303,2.454,0.9099
0.125,0.75,0.1,2,True,164.0,81.21884017886491,0.9597,0.0349,0.7294,0.0768,0.7187,0.1051,0.9983,0.0015,0.9795,0.0088,1.0,0.0,0.8442,0.0544,0.5772,0.0727,0.4698,0.0467,0.9906,0.1998
0.05,0.1,1.0,3,True,317.0,66.50187967268293,0.9981,0.0026,0.7293,0.0687,0.7166,0.0966,0.9999,0.0001,0.9803,0.0086,1.0,0.0,0.8112,0.0566,0.7238,0.0808,0.5356,0.0161,1.3784,0.3002
0.1,1.0,0.5,2,False,77.0,24.829418035870273,0.8775,0.0437,0.7293,0.0802,0.7186,0.1038,0.9926,0.0028,0.9777,0.0095,0.6181,0.0669,0.465,0.0993,0.8892,0.0402,0.8015,0.1221,0.469,0.0701
0.05,0.5,1.0,4,False,91.4,37.010809231898726,0.9675,0.0288,0.7293,0.0664,0.719,0.0884,0.9983,0.0015,0.9792,0.0073,0.8107,0.0967,0.4607,0.1143,0.9626,0.0243,0.76,0.1146,0.9543,0.6419
0.05,0.5,0.5,4,False,95.4,29.4838939083697,0.9767,0.0152,0.7293,0.0702,0.7168,0.095,0.9988,0.0008,0.9792,0.0076,0.8492,0.0771,0.4707,0.1153,0.9672,0.0189,0.7741,0.0958,0.725,0.1264
0.05,0.75,0.1,2,True,363.6,91.37450410262153,0.9515,0.0302,0.7292,0.0764,0.7168,0.1049,0.9979,0.0014,0.9797,0.0086,1.0,0.0,0.8755,0.0672,0.5472,0.0702,0.4704,0.0302,1.2446,0.3665
0.1,0.0,0.1,2,True,216.8,20.351904087824312,0.9729,0.021,0.7292,0.0741,0.7149,0.1021,0.9989,0.0009,0.9797,0.0084,1.0,0.0,0.8443,0.047,0.5981,0.0499,0.4798,0.0329,1.0998,0.4975
0.125,0.75,0.5,2,True,211.4,48.60864120709403,0.9829,0.0153,0.7292,0.0678,0.7165,0.097,0.9993,0.0006,0.9801,0.0072,1.0,0.0,0.8355,0.0611,0.6504,0.097,0.5141,0.0121,0.9654,0.3471
0.075,1.0,0.5,2,True,289.8,117.8524501230246,0.9671,0.0237,0.7291,0.0742,0.716,0.1044,0.9986,0.0011,0.9798,0.0084,1.0,0.0,0.883,0.0527,0.5801,0.0672,0.5109,0.0289,0.9937,0.3791
0.075,0.0,1.0,3,True,205.2,48.03852620553633,0.9946,0.0109,0.729,0.0671,0.7169,0.0961,0.9998,0.0005,0.9802,0.0093,1.0,0.0,0.8,0.0662,0.7166,0.0924,0.5242,0.0655,1.0111,0.1759
0.125,0.5,0.5,2,False,58.8,13.255187663703596,0.8729,0.0456,0.729,0.0776,0.7187,0.0996,0.9925,0.0027,0.9771,0.0092,0.6262,0.0625,0.4574,0.0818,0.8757,0.0469,0.8121,0.1314,0.4306,0.0362
0.125,0.0,0.5,2,False,58.8,13.255187663703596,0.8729,0.0456,0.729,0.0776,0.7187,0.0996,0.9925,0.0027,0.9771,0.0092,0.6262,0.0625,0.4574,0.0818,0.8757,0.0469,0.8121,0.1314,0.4328,0.0459
0.125,0.1,0.5,2,False,58.8,13.255187663703596,0.8729,0.0456,0.729,0.0776,0.7187,0.0996,0.9925,0.0027,0.9771,0.0092,0.6262,0.0625,0.4574,0.0818,0.8757,0.0469,0.8121,0.1314,0.4523,0.0559
0.1,0.75,0.75,3,True,161.0,52.957530153888406,0.9965,0.0032,0.729,0.0745,0.7152,0.1021,0.9999,0.0001,0.9806,0.0084,1.0,0.0,0.7957,0.0585,0.7404,0.1306,0.561,0.0631,0.8521,0.224
0.1,0.0,0.5,3,True,182.0,53.10837975310488,0.9982,0.0021,0.7289,0.084,0.7159,0.1089,0.9999,0.0001,0.98,0.0096,1.0,0.0,0.7737,0.0613,0.7782,0.135,0.543,0.0289,1.1783,0.621
0.075,0.0,0.1,3,True,211.8,47.44154297659384,0.9972,0.0059,0.7289,0.0742,0.7149,0.1009,0.9999,0.0003,0.9802,0.0088,1.0,0.0,0.7784,0.0595,0.7561,0.089,0.5279,0.0314,1.2369,0.274
0.025,0.75,0.1,5,False,147.0,32.08582241426889,0.9948,0.0033,0.7289,0.067,0.7195,0.088,0.9997,0.0002,0.9786,0.0073,0.9188,0.0349,0.4858,0.1419,0.9882,0.0109,0.7589,0.0868,1.1814,0.2107
0.025,0.1,0.75,5,False,143.0,37.71604433129222,0.9907,0.0064,0.7288,0.0679,0.7179,0.0873,0.9995,0.0003,0.9795,0.0069,0.8886,0.06,0.4596,0.1302,0.9816,0.0123,0.7604,0.0467,1.4239,0.7377
0.05,0.0,0.1,4,False,95.2,21.924871721403523,0.9828,0.0111,0.7288,0.0835,0.7183,0.1008,0.9991,0.0006,0.9794,0.0069,0.8659,0.0652,0.4735,0.1326,0.9748,0.0181,0.7618,0.1229,0.7296,0.1024
0.075,0.75,0.75,4,True,145.6,25.870832997798892,1.0,0.0,0.7288,0.077,0.7173,0.1027,1.0,0.0,0.9795,0.0096,1.0,0.0,0.7693,0.0721,0.7959,0.0762,0.5594,0.0326,1.2541,0.6027
0.1,0.75,0.5,4,False,50.0,11.979148550710939,0.9738,0.0296,0.7288,0.0722,0.7191,0.0925,0.9986,0.0015,0.9786,0.0081,0.8519,0.0837,0.4854,0.0664,0.9617,0.0372,0.7848,0.1228,0.5245,0.0442
0.1,0.75,0.5,2,False,71.0,17.073371078963874,0.8703,0.042,0.7287,0.0776,0.7182,0.1016,0.9922,0.0028,0.9773,0.0092,0.6155,0.0638,0.4521,0.0894,0.8864,0.0413,0.8063,0.1229,0.4501,0.0499
0.1,1.0,0.1,2,True,212.0,17.161002301730512,0.9701,0.0266,0.7287,0.0823,0.7149,0.1113,0.9988,0.0011,0.9792,0.0094,1.0,0.0,0.8195,0.0568,0.5919,0.0608,0.4688,0.0292,1.0386,0.3396
0.05,0.5,0.1,5,False,80.0,9.246621004453464,0.9963,0.0037,0.7286,0.0741,0.7198,0.0943,0.9998,0.0002,0.9789,0.0079,0.9374,0.0393,0.4741,0.1343,0.9909,0.0086,0.7456,0.0593,0.8717,0.1524
0.075,0.0,1.0,5,True,124.4,38.12872932579841,1.0,0.0001,0.7286,0.0702,0.7193,0.0924,1.0,0.0,0.9796,0.0073,1.0,0.0,0.7576,0.0706,0.8542,0.1126,0.5655,0.0628,1.5061,0.4535
0.05,0.75,0.75,2,True,452.6,93.57243183758771,0.9728,0.0124,0.7286,0.0826,0.7151,0.1125,0.9989,0.0005,0.9801,0.0086,1.0,0.0,0.8692,0.0483,0.5898,0.0369,0.5032,0.0094,1.5246,0.4228
0.075,0.75,0.1,5,False,56.6,15.501612819316575,0.9973,0.0027,0.7285,0.0683,0.7212,0.0846,0.9999,0.0001,0.9793,0.0062,0.94,0.0324,0.5122,0.126,0.9941,0.0089,0.7511,0.0758,0.6524,0.1296
0.05,1.0,0.75,5,True,258.0,157.09073811017632,1.0,0.0,0.7285,0.0763,0.7193,0.0965,1.0,0.0,0.9795,0.0074,1.0,0.0,0.7317,0.0987,0.9029,0.0643,0.5613,0.0148,1.999,0.2681
0.075,0.1,0.75,2,True,326.2,100.1458935753234,0.9742,0.0265,0.7284,0.0795,0.7136,0.1076,0.9989,0.0011,0.9796,0.0083,1.0,0.0,0.8451,0.0574,0.6098,0.0744,0.4901,0.0376,1.0642,0.3135
0.125,0.0,0.75,3,True,112.0,42.59694824749773,0.9855,0.0213,0.7284,0.0672,0.7168,0.0939,0.9994,0.0009,0.98,0.0086,1.0,0.0,0.8046,0.0842,0.6943,0.1767,0.5119,0.0517,0.9479,0.4425
0.1,0.5,0.75,5,False,37.6,7.3348483283569,0.9893,0.0111,0.7284,0.07,0.7176,0.0918,0.9995,0.0006,0.9794,0.0066,0.8906,0.0745,0.5085,0.0988,0.9778,0.0178,0.7443,0.1181,0.6772,0.2501
0.125,0.5,0.5,3,True,126.8,34.142349069740355,0.9967,0.0055,0.7284,0.0769,0.7154,0.0998,0.9999,0.0002,0.9801,0.0083,1.0,0.0,0.779,0.0553,0.7486,0.1176,0.5417,0.0342,1.0518,0.242
0.075,0.5,1.0,3,True,208.0,50.274247880997684,0.9971,0.0034,0.7284,0.0694,0.7155,0.0973,0.9999,0.0001,0.9806,0.009,1.0,0.0,0.8287,0.0671,0.724,0.1203,0.5501,0.0447,1.1994,0.6357
0.075,0.1,0.1,4,False,56.8,21.913466179497938,0.9686,0.0224,0.7283,0.0769,0.7193,0.0947,0.9983,0.0012,0.9794,0.0068,0.8286,0.0977,0.4963,0.17,0.9584,0.0269,0.763,0.0759,0.556,0.0725
0.075,1.0,0.1,2,False,98.6,38.91400776070232,0.875,0.0357,0.7283,0.0809,0.718,0.1029,0.9925,0.0024,0.9779,0.0088,0.6199,0.0636,0.4883,0.0664,0.9017,0.0277,0.8106,0.1254,0.5229,0.1216
0.075,0.75,0.5,2,True,285.6,40.37078151336681,0.9668,0.0257,0.7283,0.0827,0.7145,0.111,0.9987,0.001,0.9793,0.009,1.0,0.0,0.846,0.0488,0.5829,0.0624,0.482,0.0208,0.9364,0.1573
0.025,0.75,0.1,2,True,712.2,219.05980918461515,0.9461,0.0456,0.7283,0.086,0.7163,0.1131,0.9976,0.0021,0.9792,0.0097,1.0,0.0,0.896,0.0298,0.5395,0.0783,0.4658,0.0521,2.112,0.7621
0.025,0.75,0.5,4,True,403.4,138.63729656914117,0.9983,0.0022,0.7283,0.0662,0.7201,0.0891,0.9999,0.0001,0.9785,0.0094,1.0,0.0,0.7919,0.0741,0.7424,0.1028,0.543,0.0533,2.7065,1.4191
0.05,0.1,0.75,2,False,149.8,45.985867394233196,0.8733,0.0459,0.7282,0.0806,0.7165,0.1034,0.9924,0.0027,0.9774,0.0091,0.616,0.0732,0.4826,0.0929,0.8901,0.037,0.8048,0.1515,0.6749,0.1137
0.05,0.0,0.75,2,False,149.8,45.985867394233196,0.8733,0.0459,0.7282,0.0806,0.7165,0.1034,0.9924,0.0027,0.9774,0.0091,0.616,0.0732,0.4826,0.0929,0.8901,0.037,0.8048,0.1515,0.9066,0.2199
0.05,0.5,0.75,2,False,149.8,45.985867394233196,0.8733,0.0459,0.7282,0.0806,0.7165,0.1034,0.9924,0.0027,0.9774,0.0091,0.616,0.0732,0.4826,0.0929,0.8901,0.037,0.8048,0.1515,0.647,0.1492
0.125,1.0,0.5,2,True,190.4,34.048494827231345,0.979,0.0129,0.7282,0.0651,0.7163,0.0945,0.9991,0.0005,0.9801,0.0075,1.0,0.0,0.8545,0.0595,0.6169,0.0482,0.4999,0.0061,0.7366,0.1391
0.025,0.1,0.1,5,True,364.6,85.2924381173384,1.0,0.0,0.7281,0.0859,0.7189,0.1073,1.0,0.0,0.9788,0.0085,1.0,0.0,0.7225,0.1209,0.8837,0.0808,0.5725,0.1082,3.1397,0.5542
0.125,0.5,1.0,4,False,43.0,12.083045973594572,0.9737,0.0288,0.728,0.0469,0.7176,0.0697,0.9986,0.0015,0.9796,0.0062,0.8539,0.0909,0.5057,0.0718,0.9623,0.0385,0.7481,0.0839,0.5021,0.0618
0.05,0.75,1.0,4,True,227.2,44.23460184064054,0.9993,0.0014,0.728,0.066,0.7179,0.0882,1.0,0.0001,0.9798,0.0073,1.0,0.0,0.7581,0.0776,0.807,0.1016,0.5456,0.0426,1.4412,0.2724
0.1,1.0,0.5,4,True,105.2,23.34951819631403,0.9999,0.0002,0.728,0.0676,0.7161,0.0941,1.0,0.0,0.9802,0.0081,1.0,0.0,0.7765,0.0721,0.7843,0.0492,0.5588,0.0267,0.8474,0.1745
0.125,0.0,0.1,4,False,37.4,12.095453691366853,0.9752,0.0206,0.728,0.0846,0.7146,0.1087,0.9987,0.0011,0.9804,0.0075,0.8594,0.0711,0.5225,0.0872,0.9657,0.0241,0.7348,0.053,0.4661,0.0608
0.025,0.5,1.0,2,True,738.2,314.7192399584112,0.94,0.0514,0.728,0.0844,0.7164,0.111,0.9973,0.0024,0.9794,0.0097,1.0,0.0,0.8958,0.0401,0.5408,0.0967,0.4708,0.0544,2.0337,0.8268
0.1,1.0,0.1,5,False,49.8,7.694153624668538,0.998,0.0024,0.7279,0.0825,0.7189,0.1017,0.9999,0.0001,0.9802,0.0068,0.9581,0.0291,0.5174,0.1159,0.9945,0.0079,0.7401,0.0566,0.8786,0.2834
0.1,0.5,0.5,2,True,223.2,53.30759795751447,0.9727,0.0147,0.7279,0.077,0.7165,0.1046,0.9989,0.0006,0.9792,0.009,1.0,0.0,0.8501,0.0608,0.5986,0.0505,0.4926,0.0217,0.8196,0.2105
0.1,0.75,1.0,4,False,45.2,10.401922899156673,0.9635,0.0244,0.7278,0.0551,0.7185,0.0753,0.9981,0.0013,0.9789,0.0063,0.8145,0.0789,0.5005,0.0842,0.9486,0.0298,0.78,0.0995,0.7602,0.2894
0.05,0.5,0.5,3,False,90.2,15.658863304850707,0.9159,0.0309,0.7278,0.0891,0.7177,0.1092,0.9953,0.0018,0.979,0.0086,0.7028,0.0513,0.4708,0.1051,0.9114,0.0353,0.7475,0.0969,0.6306,0.0945
0.1,0.0,0.5,4,True,110.6,19.39845354661036,0.9992,0.0012,0.7278,0.0675,0.7173,0.0914,1.0,0.0,0.9791,0.0081,1.0,0.0,0.7748,0.0897,0.8223,0.129,0.5536,0.0331,0.8646,0.0843
0.025,0.5,0.75,5,True,333.0,78.00320506235626,0.9998,0.0003,0.7277,0.0702,0.7182,0.0929,1.0,0.0,0.9794,0.0074,1.0,0.0,0.7484,0.0914,0.8279,0.1075,0.5303,0.0335,3.0012,0.6364
0.1,1.0,1.0,5,False,38.4,7.63544366752843,0.9893,0.0073,0.7277,0.0714,0.7168,0.0925,0.9994,0.0004,0.9796,0.007,0.8859,0.0379,0.5092,0.0851,0.9818,0.0148,0.7727,0.1031,0.8275,0.1957
0.075,0.75,1.0,5,False,54.8,15.801898620102588,0.9908,0.0072,0.7277,0.054,0.7186,0.0761,0.9995,0.0004,0.9795,0.0064,0.8976,0.0576,0.4772,0.1119,0.9816,0.0153,0.7558,0.0574,0.6438,0.1197
0.025,0.75,1.0,3,True,593.6,127.06022194219558,0.9982,0.0013,0.7277,0.0636,0.715,0.0933,0.9999,0.0001,0.9803,0.0084,1.0,0.0,0.819,0.0653,0.69,0.0445,0.5342,0.0213,2.6631,1.1914
0.075,0.1,0.75,5,False,52.4,10.644247272588137,0.9927,0.0056,0.7276,0.0517,0.7194,0.0733,0.9996,0.0003,0.9794,0.0052,0.9101,0.0368,0.4768,0.0901,0.9812,0.0119,0.7488,0.0377,0.6419,0.1003
0.025,0.5,0.1,4,False,154.4,15.453155017665484,0.9738,0.0123,0.7276,0.0777,0.7186,0.0973,0.9987,0.0007,0.979,0.0079,0.8242,0.038,0.4712,0.1409,0.9668,0.017,0.7602,0.0865,1.1881,0.5315
0.05,0.5,0.1,2,True,357.0,54.78594710324902,0.9539,0.0282,0.7276,0.0777,0.7151,0.1064,0.998,0.0012,0.9796,0.0084,1.0,0.0,0.8842,0.069,0.5499,0.0599,0.4616,0.0549,1.2847,0.388
0.075,0.1,1.0,2,True,278.4,101.69955752116132,0.9608,0.0278,0.7276,0.0816,0.7152,0.1096,0.9983,0.0012,0.9799,0.009,1.0,0.0,0.8679,0.076,0.5686,0.0758,0.4848,0.0059,1.2454,0.2815
0.025,0.1,0.5,5,True,337.6,100.51517298398286,0.9998,0.0004,0.7276,0.0767,0.7181,0.0984,1.0,0.0,0.9789,0.0079,1.0,0.0,0.7456,0.0936,0.8219,0.1153,0.5342,0.0406,2.9812,0.4584
0.075,0.5,0.1,4,True,160.6,57.05523639421714,0.9998,0.0003,0.7275,0.0793,0.7163,0.1035,1.0,0.0,0.9786,0.0092,1.0,0.0,0.7655,0.081,0.8379,0.1303,0.5624,0.0625,1.4109,0.4451
0.075,0.1,0.5,4,False,67.6,19.831792657246094,0.9768,0.0259,0.7275,0.0707,0.7162,0.0933,0.9988,0.0014,0.9789,0.0073,0.8573,0.0929,0.4929,0.0963,0.9711,0.0264,0.7859,0.0668,0.6428,0.1227
0.025,0.1,0.1,2,True,752.2,210.0695123048559,0.953,0.0381,0.7275,0.0871,0.7152,0.1143,0.998,0.0017,0.9791,0.0097,1.0,0.0,0.851,0.0599,0.5533,0.0738,0.4561,0.044,2.3264,0.6258
0.1,1.0,0.5,3,True,160.2,50.27126415756819,0.9972,0.0043,0.7275,0.0709,0.7141,0.0997,0.9999,0.0002,0.9803,0.0085,1.0,0.0,0.7899,0.0602,0.7465,0.1445,0.5332,0.0258,0.8517,0.1985
0.025,0.5,0.75,2,True,765.8,179.6084630522738,0.9531,0.0262,0.7275,0.0843,0.7147,0.114,0.998,0.0011,0.98,0.0087,1.0,0.0,0.8742,0.0652,0.5455,0.0635,0.4783,0.0264,2.279,0.9562
0.1,0.1,0.75,5,False,38.4,8.96102672688794,0.9877,0.0105,0.7275,0.0747,0.7164,0.0961,0.9994,0.0005,0.9793,0.0073,0.8894,0.076,0.4947,0.0816,0.9791,0.0157,0.7426,0.095,0.5397,0.0379
0.05,0.0,1.0,3,False,110.4,39.373849189531875,0.9285,0.0393,0.7275,0.0805,0.716,0.1003,0.996,0.0023,0.9794,0.0078,0.7309,0.1079,0.4872,0.0817,0.9236,0.0436,0.7714,0.1142,0.6584,0.1042
0.125,0.1,0.75,4,True,93.8,18.912958520548816,0.9998,0.0003,0.7274,0.0547,0.7149,0.0792,1.0,0.0,0.979,0.0078,1.0,0.0,0.751,0.0617,0.8274,0.0996,0.5531,0.0507,0.8955,0.2279
0.05,0.1,0.1,2,True,392.8,80.56488068631393,0.9614,0.0253,0.7274,0.0767,0.7149,0.1054,0.9984,0.0011,0.9794,0.0084,1.0,0.0,0.8502,0.0542,0.5693,0.0679,0.4687,0.0245,1.4821,0.5272
0.025,1.0,0.5,3,True,567.2,155.0909410636224,0.9919,0.0153,0.7273,0.0729,0.7147,0.1007,0.9996,0.0007,0.9796,0.0096,1.0,0.0,0.7966,0.0519,0.6975,0.1292,0.5107,0.0416,2.5802,0.9346
0.075,0.5,0.1,2,False,96.8,36.69741135284613,0.873,0.0535,0.7273,0.0891,0.7166,0.1106,0.9923,0.0034,0.9774,0.0093,0.6229,0.0918,0.4788,0.0752,0.8968,0.0375,0.8125,0.1302,0.5101,0.0668
0.075,0.1,0.1,2,False,96.8,36.69741135284613,0.873,0.0535,0.7273,0.0891,0.7166,0.1106,0.9923,0.0034,0.9774,0.0093,0.6229,0.0918,0.4788,0.0752,0.8968,0.0375,0.8125,0.1302,0.8295,0.1365
0.1,0.1,1.0,3,True,162.6,33.886575513025804,0.9979,0.0026,0.7273,0.0638,0.7153,0.0926,0.9999,0.0001,0.9807,0.0081,1.0,0.0,0.7854,0.069,0.7406,0.1074,0.5349,0.0382,1.0437,0.2877
0.1,0.1,0.75,2,True,237.0,63.03570416835208,0.978,0.0152,0.7272,0.0607,0.7146,0.0906,0.9991,0.0006,0.9796,0.0073,1.0,0.0,0.8603,0.0642,0.6043,0.0481,0.4978,0.0379,0.9662,0.2744
0.125,0.5,0.1,3,False,44.8,16.037456157383566,0.9387,0.035,0.7272,0.0885,0.7171,0.1092,0.9966,0.002,0.9799,0.0077,0.7494,0.0679,0.4721,0.1316,0.9264,0.0527,0.7369,0.0689,0.5451,0.1622
0.025,0.5,0.1,2,False,275.6,91.1910083286724,0.8689,0.0423,0.7272,0.0868,0.7158,0.1079,0.9921,0.0028,0.9775,0.0091,0.6091,0.0681,0.4749,0.0816,0.8946,0.028,0.817,0.1378,1.2155,0.1447
0.025,0.1,0.1,2,False,275.6,91.1910083286724,0.8689,0.0423,0.7272,0.0868,0.7158,0.1079,0.9921,0.0028,0.9775,0.0091,0.6091,0.0681,0.4749,0.0816,0.8946,0.028,0.817,0.1378,0.9578,0.2598
0.025,0.0,0.1,2,False,275.6,91.1910083286724,0.8689,0.0423,0.7272,0.0868,0.7158,0.1079,0.9921,0.0028,0.9775,0.0091,0.6091,0.0681,0.4749,0.0816,0.8946,0.028,0.817,0.1378,0.9787,0.3395
0.025,0.75,0.5,2,True,755.0,195.50959055759898,0.9543,0.0271,0.7272,0.0847,0.7141,0.1137,0.9981,0.0012,0.9797,0.0092,1.0,0.0,0.8794,0.0541,0.5489,0.0599,0.4754,0.0378,2.3524,0.9033
0.075,0.0,1.0,4,False,63.6,9.44986772394196,0.9765,0.0116,0.7271,0.0625,0.7168,0.0846,0.9988,0.0006,0.9798,0.0068,0.8428,0.0503,0.49,0.1126,0.9648,0.0127,0.7483,0.1034,0.6064,0.0775
0.1,0.75,1.0,5,False,40.8,9.757048734120374,0.9919,0.0063,0.7271,0.0685,0.7176,0.0876,0.9996,0.0004,0.9794,0.0067,0.9103,0.0313,0.4837,0.0805,0.9851,0.0141,0.7591,0.1175,0.5486,0.0954
0.075,0.1,1.0,4,False,65.6,13.1833227981416,0.9772,0.02,0.727,0.0609,0.7172,0.0857,0.9988,0.0011,0.9794,0.0073,0.8438,0.0602,0.4846,0.1276,0.9683,0.0214,0.7391,0.0911,0.6313,0.1329
0.1,0.0,0.1,5,False,41.6,10.064790112068904,0.9967,0.0049,0.727,0.0754,0.7106,0.1035,0.9998,0.0003,0.9803,0.0063,0.9365,0.0407,0.5183,0.1184,0.9914,0.0118,0.7458,0.0561,0.8504,0.2197
0.125,0.0,1.0,4,False,40.6,16.622274212634082,0.9602,0.0331,0.727,0.0492,0.7184,0.0691,0.9979,0.0018,0.9787,0.0056,0.8236,0.1193,0.4668,0.0771,0.9483,0.039,0.7566,0.1078,0.7255,0.1851
0.05,0.1,1.0,5,True,186.2,30.800974010573103,1.0,0.0,0.727,0.0706,0.7167,0.0929,1.0,0.0,0.9796,0.0075,1.0,0.0,0.7499,0.094,0.8778,0.0868,0.5652,0.0288,1.905,0.6975
0.025,0.0,0.75,4,True,471.4,120.64742019620644,0.9992,0.0017,0.7269,0.074,0.7159,0.0986,1.0,0.0001,0.9791,0.0096,1.0,0.0,0.7737,0.0613,0.8132,0.1197,0.5515,0.0276,3.037,0.8947
0.025,1.0,0.5,5,True,450.8,277.4323340924774,1.0,0.0,0.7269,0.0733,0.718,0.0964,1.0,0.0,0.9787,0.0081,1.0,0.0,0.7484,0.1041,0.85,0.0997,0.5412,0.0499,3.1165,0.6786
0.1,1.0,1.0,4,True,134.6,21.870070873227643,1.0,0.0,0.7269,0.0779,0.7162,0.1012,1.0,0.0,0.9798,0.0079,1.0,0.0,0.7288,0.0819,0.9085,0.0375,0.5847,0.0355,1.2928,0.3316
0.025,1.0,0.75,4,True,555.6,353.0825682471453,0.9996,0.0006,0.7269,0.0733,0.7154,0.0977,1.0,0.0,0.979,0.0095,1.0,0.0,0.7823,0.0738,0.7775,0.1109,0.5389,0.0375,2.9144,0.3988
0.05,0.1,1.0,4,False,88.6,24.795160818191924,0.9671,0.0224,0.7269,0.0672,0.7171,0.0865,0.9983,0.0012,0.9795,0.0068,0.8112,0.0915,0.4827,0.1156,0.9618,0.0223,0.75,0.1247,0.7378,0.1637
0.125,0.0,0.5,4,True,95.6,19.37266114915553,0.9997,0.0006,0.7269,0.085,0.7137,0.1085,1.0,0.0,0.9793,0.0088,1.0,0.0,0.7463,0.1077,0.8493,0.1005,0.558,0.0438,0.7927,0.0986
0.125,0.75,1.0,4,True,184.0,192.1431757830603,1.0,0.0,0.7268,0.0618,0.7155,0.0893,1.0,0.0,0.9803,0.0077,1.0,0.0,0.777,0.0829,0.8724,0.0725,0.5738,0.0218,0.9209,0.2313
0.05,0.0,1.0,3,True,310.0,55.22227811309491,0.9961,0.0057,0.7268,0.0672,0.7141,0.0951,0.9998,0.0003,0.9802,0.0087,1.0,0.0,0.809,0.0676,0.7233,0.1254,0.522,0.0311,1.6449,0.3922
0.1,0.5,0.1,2,True,245.2,76.4113865860318,0.9712,0.0376,0.7268,0.0868,0.7131,0.1148,0.9988,0.0016,0.9789,0.0095,1.0,0.0,0.813,0.0533,0.6356,0.1089,0.4703,0.0305,1.1632,0.4472
0.1,0.1,0.1,4,True,109.2,25.400787389370432,0.9989,0.0021,0.7268,0.0729,0.7179,0.0953,1.0,0.0001,0.9779,0.009,1.0,0.0,0.7654,0.0856,0.825,0.1178,0.5438,0.0413,0.8738,0.08
0.125,0.5,0.1,2,False,61.0,28.442925306655784,0.8635,0.0705,0.7267,0.0801,0.716,0.1026,0.9922,0.004,0.9784,0.0084,0.6203,0.121,0.4479,0.089,0.8764,0.0527,0.7982,0.0929,0.4298,0.0758
0.025,1.0,1.0,4,False,163.0,23.78024390118823,0.9644,0.0196,0.7267,0.0709,0.7162,0.0901,0.9981,0.0011,0.9796,0.0069,0.7971,0.0637,0.4742,0.133,0.9527,0.0244,0.7487,0.0789,1.0396,0.1199
0.05,0.75,0.5,5,True,183.0,53.042435841503355,1.0,0.0,0.7267,0.0727,0.7165,0.0976,1.0,0.0,0.9792,0.0082,1.0,0.0,0.729,0.079,0.878,0.1031,0.5543,0.0444,1.7636,0.5456
0.025,0.5,0.75,4,True,432.2,108.5389331069732,0.9986,0.0018,0.7266,0.0716,0.7164,0.0955,0.9999,0.0001,0.979,0.0094,1.0,0.0,0.7889,0.0772,0.7815,0.1325,0.5396,0.0375,2.8618,1.045
0.025,1.0,0.1,2,True,801.2,253.3331798245149,0.9584,0.0357,0.7266,0.0833,0.7143,0.1107,0.9982,0.0016,0.9793,0.0095,1.0,0.0,0.8625,0.0457,0.5625,0.0654,0.4707,0.0458,2.4755,0.7873
0.05,0.1,1.0,2,True,447.2,99.30609246164104,0.9665,0.0213,0.7266,0.075,0.7141,0.1035,0.9986,0.0009,0.98,0.0082,1.0,0.0,0.8516,0.0724,0.5882,0.0777,0.4946,0.0274,1.2914,0.2314
0.125,0.1,0.75,5,True,73.8,24.468346899617064,1.0,0.0,0.7266,0.0789,0.7136,0.1027,1.0,0.0,0.9795,0.0078,1.0,0.0,0.748,0.0697,0.8588,0.1318,0.5695,0.0452,0.8589,0.1802
0.125,0.75,0.75,3,True,129.0,43.99431781491787,0.9952,0.009,0.7265,0.0674,0.7152,0.0922,0.9998,0.0004,0.9802,0.0088,1.0,0.0,0.8192,0.0683,0.7433,0.1264,0.5558,0.0412,0.9187,0.4956
0.1,0.0,1.0,3,True,161.4,42.05115931814485,0.9981,0.0012,0.7265,0.0656,0.7141,0.094,0.9999,0.0001,0.9809,0.0079,1.0,0.0,0.809,0.0676,0.7383,0.1311,0.5426,0.0406,0.8415,0.1346
0.05,0.1,1.0,3,False,99.2,16.02186006679624,0.9244,0.0309,0.7265,0.0788,0.7151,0.0985,0.9958,0.0018,0.9793,0.0076,0.712,0.0677,0.4872,0.0817,0.9232,0.0429,0.7714,0.1142,0.6657,0.0965
0.025,0.1,0.5,2,True,773.4,200.5300476237913,0.955,0.0403,0.7265,0.0857,0.7143,0.1139,0.9981,0.0018,0.9793,0.0098,1.0,0.0,0.8743,0.05,0.5568,0.0692,0.4683,0.0573,2.385,0.9108
0.025,0.5,0.1,3,True,571.4,76.19908135929198,0.9969,0.0041,0.7264,0.0642,0.7141,0.0933,0.9999,0.0002,0.9796,0.0085,1.0,0.0,0.7921,0.0668,0.6992,0.0481,0.5069,0.0253,2.6052,0.9354
0.075,0.0,0.1,2,False,87.8,26.432934002868468,0.8634,0.041,0.7264,0.0871,0.7158,0.1084,0.9917,0.0027,0.9774,0.0091,0.6013,0.0713,0.4737,0.0709,0.8947,0.036,0.8111,0.1298,0.5819,0.259
0.125,1.0,0.75,4,True,124.2,64.3793445135938,1.0,0.0001,0.7264,0.0694,0.7168,0.0916,1.0,0.0,0.9785,0.008,1.0,0.0,0.7331,0.0871,0.8633,0.0889,0.5446,0.0143,1.0276,0.4544
0.05,1.0,0.75,2,False,132.4,38.37707649105127,0.8587,0.053,0.7264,0.0785,0.7146,0.1014,0.9914,0.0034,0.977,0.009,0.5943,0.0836,0.4568,0.0751,0.8812,0.0415,0.8083,0.1532,0.5942,0.0642
0.1,0.1,0.1,3,False,53.0,17.84656829757475,0.9362,0.0335,0.7264,0.0968,0.7171,0.1155,0.9965,0.002,0.9799,0.0077,0.7343,0.0926,0.4761,0.1539,0.9274,0.0285,0.7884,0.0917,0.4734,0.0835
0.1,0.0,1.0,2,True,201.6,56.36754385282367,0.9578,0.0349,0.7264,0.0731,0.7139,0.1014,0.9982,0.0016,0.9797,0.0086,1.0,0.0,0.8569,0.0649,0.5742,0.0862,0.4735,0.0439,1.0392,0.414
0.075,0.0,0.1,4,True,161.6,35.80921669067895,0.9998,0.0003,0.7263,0.0728,0.7171,0.0965,1.0,0.0,0.9778,0.0104,1.0,0.0,0.7493,0.0792,0.8679,0.101,0.581,0.0577,1.4175,0.5847
0.025,1.0,0.5,4,True,382.0,64.4709236788182,0.9992,0.001,0.7263,0.0684,0.7162,0.0934,1.0,0.0,0.9789,0.009,1.0,0.0,0.7917,0.0908,0.7379,0.047,0.5276,0.0165,2.5925,0.7076
0.05,0.0,1.0,2,True,407.6,93.26735763384744,0.9602,0.025,0.7263,0.0689,0.7145,0.0978,0.9984,0.001,0.9798,0.0083,1.0,0.0,0.8735,0.0512,0.5618,0.0544,0.4829,0.0377,1.4178,0.4633
0.1,0.5,1.0,2,True,238.4,48.454101993536106,0.9751,0.0148,0.7262,0.0814,0.7121,0.1088,0.999,0.0006,0.9798,0.0081,1.0,0.0,0.8516,0.0724,0.6131,0.06,0.4972,0.0221,1.0166,0.2485
0.05,0.1,0.5,4,False,82.2,21.37054047047009,0.9679,0.0178,0.7261,0.069,0.7158,0.0927,0.9983,0.0009,0.979,0.0073,0.8101,0.0794,0.4858,0.0894,0.961,0.0235,0.775,0.102,0.6703,0.0939
0.075,0.75,0.1,2,False,86.4,22.45662485771181,0.8633,0.0332,0.7261,0.0873,0.7157,0.1092,0.9917,0.0022,0.9775,0.0094,0.6027,0.0536,0.4701,0.0644,0.8939,0.0316,0.8125,0.1302,0.487,0.0687
0.1,1.0,0.75,2,True,186.4,71.90479817091486,0.9496,0.0524,0.726,0.074,0.7143,0.1029,0.9977,0.0026,0.9796,0.0081,1.0,0.0,0.8637,0.0643,0.5546,0.0899,0.4749,0.0773,0.7258,0.1852
0.075,0.5,0.75,5,False,50.8,11.38859078200635,0.9916,0.006,0.726,0.0583,0.7173,0.0817,0.9996,0.0003,0.979,0.0063,0.901,0.0427,0.4499,0.0823,0.983,0.0143,0.7518,0.0422,0.7246,0.3332
0.025,0.5,0.75,5,False,151.4,25.234896472940004,0.9926,0.0053,0.7259,0.0689,0.7158,0.0902,0.9996,0.0003,0.9795,0.007,0.9074,0.045,0.4675,0.1507,0.9841,0.0121,0.7504,0.0525,1.4802,0.6801
0.05,0.0,1.0,5,False,85.8,23.188359148503803,0.9925,0.0062,0.7259,0.0614,0.7149,0.0837,0.9996,0.0003,0.98,0.0059,0.9097,0.058,0.4789,0.1128,0.981,0.0124,0.7552,0.1099,0.8265,0.1419
0.075,0.75,0.5,4,False,66.0,29.816103031751148,0.9711,0.0285,0.7259,0.0746,0.7158,0.0956,0.9985,0.0015,0.9789,0.0073,0.8388,0.115,0.4855,0.1021,0.9663,0.0274,0.7611,0.1003,0.6044,0.1467
0.05,0.0,0.5,2,True,448.4,194.2840703711964,0.9598,0.0547,0.7259,0.0836,0.7127,0.1113,0.9982,0.0025,0.9793,0.0094,1.0,0.0,0.8644,0.0343,0.5893,0.0974,0.4796,0.0601,1.6875,0.6575
0.1,1.0,1.0,2,False,69.0,16.015617378046965,0.8647,0.036,0.7259,0.0639,0.7154,0.0874,0.9918,0.0024,0.9773,0.0077,0.6036,0.0487,0.4545,0.0763,0.8838,0.0332,0.8338,0.1174,0.5287,0.1651
0.125,0.5,0.75,3,True,125.6,20.839865642561136,0.9985,0.0017,0.7258,0.0723,0.7139,0.0984,0.9999,0.0001,0.9804,0.0091,1.0,0.0,0.8222,0.052,0.7345,0.0703,0.5519,0.0242,0.9856,0.2749
0.05,0.0,0.5,4,False,89.4,29.837895368138817,0.9712,0.0168,0.7258,0.0739,0.7153,0.0971,0.9985,0.0009,0.979,0.0079,0.8329,0.0893,0.484,0.1152,0.9652,0.0209,0.7648,0.0822,0.7079,0.1478
0.075,1.0,0.1,4,False,58.0,18.12456896039186,0.971,0.0241,0.7258,0.0819,0.7169,0.1002,0.9985,0.0013,0.9792,0.0069,0.8359,0.1035,0.459,0.1635,0.9637,0.0246,0.7427,0.094,0.5674,0.0621
0.05,0.75,0.5,2,True,426.0,123.68306270464036,0.9661,0.0275,0.7258,0.0809,0.7128,0.1088,0.9986,0.0012,0.9794,0.009,1.0,0.0,0.8561,0.0656,0.5791,0.0671,0.4847,0.0335,1.2998,0.427
0.05,1.0,1.0,5,False,86.0,14.679918255903198,0.9925,0.008,0.7258,0.0614,0.7147,0.0837,0.9996,0.0004,0.9797,0.0064,0.9145,0.0552,0.4986,0.1222,0.9879,0.0121,0.7531,0.0743,0.9301,0.2725
0.075,0.75,1.0,4,False,62.8,18.806913622388976,0.9707,0.0225,0.7258,0.065,0.7158,0.0878,0.9985,0.0012,0.9795,0.0068,0.8262,0.0852,0.4784,0.0936,0.9607,0.0307,0.7242,0.0855,0.777,0.3685
0.1,0.1,1.0,5,False,40.4,9.889388252060892,0.9891,0.0082,0.7257,0.0549,0.7178,0.0725,0.9994,0.0004,0.979,0.0063,0.8953,0.0538,0.5055,0.0961,0.9792,0.0201,0.7591,0.0685,0.5521,0.066
0.075,0.0,0.75,5,True,116.4,16.241921068642096,1.0,0.0,0.7257,0.0758,0.7134,0.0986,1.0,0.0,0.9793,0.0075,1.0,0.0,0.7352,0.0991,0.8637,0.085,0.5513,0.0444,1.4518,0.4018
0.025,0.1,1.0,2,True,760.0,216.58370206458287,0.9506,0.0378,0.7257,0.0805,0.7142,0.1083,0.9979,0.0017,0.9796,0.0091,1.0,0.0,0.8794,0.0541,0.5473,0.0614,0.4668,0.0516,2.1007,0.585
0.125,0.75,0.1,2,False,56.4,24.582514110643768,0.8563,0.0584,0.7257,0.0783,0.7153,0.1012,0.9917,0.0032,0.9784,0.0084,0.6027,0.0928,0.4392,0.0758,0.8769,0.0537,0.7971,0.0909,0.427,0.0766
0.05,0.1,0.75,2,True,386.8,84.28641646196616,0.9557,0.0253,0.7256,0.0812,0.7136,0.1109,0.9981,0.0011,0.9797,0.0089,1.0,0.0,0.8772,0.0652,0.5518,0.0635,0.471,0.0333,1.4179,0.6961
0.125,0.1,1.0,5,True,72.6,19.50128200913981,0.9997,0.0007,0.7256,0.0494,0.7152,0.073,1.0,0.0,0.9798,0.0056,1.0,0.0,0.7417,0.0976,0.8809,0.1039,0.5607,0.044,1.0335,0.5329
0.125,0.5,0.5,4,True,109.4,14.553350129781114,1.0,0.0,0.7256,0.0809,0.7137,0.1054,1.0,0.0,0.979,0.0094,1.0,0.0,0.7518,0.1102,0.9189,0.0587,0.575,0.0352,0.8524,0.1197
0.025,0.75,0.75,4,True,401.6,109.15722605489752,0.9986,0.0018,0.7256,0.0739,0.7155,0.0972,0.9999,0.0001,0.9791,0.0093,1.0,0.0,0.7809,0.083,0.7552,0.1276,0.5332,0.0354,2.6947,0.6666
0.075,0.0,0.1,5,False,55.2,14.703741020570241,0.9972,0.0024,0.7255,0.0778,0.7177,0.0952,0.9999,0.0001,0.9793,0.0061,0.9371,0.042,0.4915,0.147,0.994,0.0069,0.7229,0.0885,0.9401,0.241
0.025,0.75,0.1,2,False,254.4,81.03579456018186,0.8605,0.0262,0.7255,0.0841,0.7144,0.1056,0.9915,0.0017,0.9773,0.0088,0.5915,0.0415,0.4749,0.0816,0.8913,0.0212,0.817,0.1378,1.1817,0.4671
0.1,0.5,0.1,4,True,115.0,29.63950067055786,0.9991,0.0018,0.7255,0.0817,0.7143,0.1041,1.0,0.0001,0.9788,0.0095,1.0,0.0,0.7575,0.0737,0.8359,0.1244,0.5756,0.0536,1.1524,0.4127
0.05,1.0,1.0,2,True,441.0,100.87863995911127,0.9704,0.009,0.7255,0.0721,0.7132,0.1025,0.9988,0.0003,0.9799,0.0084,1.0,0.0,0.8777,0.0644,0.5814,0.0198,0.4934,0.0237,1.6165,0.6134
0.1,0.75,1.0,2,False,69.4,18.68956928342652,0.863,0.0453,0.7254,0.0651,0.7151,0.0883,0.9917,0.003,0.9772,0.0078,0.6056,0.0697,0.4632,0.0875,0.8762,0.0416,0.8422,0.1158,0.4695,0.0803
0.025,0.75,1.0,2,True,713.2,185.9494554979928,0.9436,0.036,0.7254,0.0821,0.7132,0.1101,0.9976,0.0016,0.9795,0.0087,1.0,0.0,0.8772,0.0652,0.5405,0.0775,0.463,0.0527,2.2085,0.984
0.125,0.75,0.1,3,False,44.4,15.192103211866355,0.9377,0.0342,0.7253,0.0871,0.7151,0.1077,0.9966,0.002,0.9796,0.0076,0.7494,0.0679,0.4721,0.1316,0.9257,0.0523,0.7369,0.0689,0.4458,0.0631
0.05,0.75,1.0,4,False,96.0,22.5055548698538,0.9728,0.0203,0.7253,0.0673,0.7146,0.0875,0.9986,0.0011,0.9794,0.0068,0.8408,0.0813,0.484,0.1152,0.9655,0.0226,0.7506,0.1245,1.0172,0.2363
0.1,0.1,0.1,2,True,207.6,39.18928424965172,0.9674,0.0204,0.7253,0.0745,0.7113,0.1025,0.9987,0.0008,0.9794,0.0085,1.0,0.0,0.8408,0.054,0.5872,0.0575,0.4886,0.0382,0.7995,0.1706
0.025,0.75,0.75,5,True,326.8,66.9417657370942,0.9996,0.0008,0.7253,0.0659,0.7156,0.0896,1.0,0.0,0.9795,0.0068,1.0,0.0,0.751,0.1117,0.8205,0.1043,0.5215,0.0336,2.9234,0.976
0.025,0.75,1.0,4,True,442.6,81.99573159622396,0.9997,0.0004,0.7252,0.0782,0.7134,0.1026,1.0,0.0,0.9792,0.0094,1.0,0.0,0.7824,0.0658,0.7902,0.1081,0.5397,0.0434,2.8971,0.738
0.125,0.1,0.1,3,True,142.0,37.71604433129222,0.9996,0.0005,0.7252,0.074,0.7126,0.1005,1.0,0.0,0.9793,0.0083,1.0,0.0,0.7843,0.0515,0.7972,0.0995,0.5539,0.0318,0.8141,0.1793
0.075,0.5,0.75,4,True,198.6,134.29556954717455,0.9996,0.0007,0.7252,0.0827,0.7144,0.1064,1.0,0.0,0.9796,0.01,1.0,0.0,0.7673,0.049,0.8058,0.1134,0.5538,0.0546,1.1198,0.2275
0.025,0.5,0.1,5,True,363.8,95.65929123718198,1.0,0.0001,0.7252,0.0872,0.7145,0.1105,1.0,0.0,0.9786,0.0089,1.0,0.0,0.7201,0.092,0.8991,0.1065,0.5536,0.0579,3.2671,1.3514
0.05,0.1,1.0,5,False,80.8,11.32254388377453,0.9928,0.0068,0.7252,0.0606,0.7141,0.0842,0.9996,0.0004,0.9799,0.0061,0.916,0.0403,0.5092,0.1291,0.9824,0.0122,0.7561,0.087,0.9009,0.334
0.05,0.5,1.0,3,True,295.0,58.47221562417487,0.9979,0.0019,0.7251,0.0596,0.712,0.0885,0.9999,0.0001,0.9805,0.0081,1.0,0.0,0.8174,0.0813,0.6955,0.0527,0.5161,0.0179,1.2937,0.2616
0.025,1.0,0.75,5,False,153.2,18.390214789392758,0.9925,0.0054,0.7251,0.0701,0.7152,0.0918,0.9996,0.0003,0.9799,0.007,0.9047,0.0425,0.47,0.1133,0.9831,0.0132,0.7674,0.0745,1.2037,0.141
0.075,0.5,0.1,4,False,61.4,8.44393273303382,0.9817,0.0099,0.7251,0.0739,0.7173,0.0915,0.9991,0.0005,0.9797,0.0056,0.8644,0.0465,0.4643,0.1591,0.9686,0.0152,0.751,0.0944,0.5783,0.0708
0.125,0.75,0.5,5,True,77.4,19.70532922840925,1.0,0.0,0.7251,0.0472,0.7169,0.0738,1.0,0.0,0.9793,0.0063,1.0,0.0,0.7291,0.1296,0.9258,0.0732,0.578,0.0456,0.8812,0.2183
0.075,0.1,0.5,5,True,120.4,27.91594526431086,1.0,0.0,0.725,0.0737,0.7151,0.0964,1.0,0.0,0.9783,0.0082,1.0,0.0,0.7654,0.0856,0.8757,0.0865,0.5626,0.043,1.2045,0.2757
0.125,0.0,1.0,4,True,98.4,41.536730733171574,0.9974,0.0041,0.725,0.073,0.715,0.0964,0.9999,0.0002,0.9796,0.0077,1.0,0.0,0.7879,0.0533,0.8279,0.1696,0.5516,0.0662,0.8425,0.3157
0.125,0.1,0.1,5,True,71.2,11.211601134539169,1.0,0.0,0.725,0.0783,0.713,0.1029,1.0,0.0,0.9797,0.0073,1.0,0.0,0.7007,0.1176,0.9112,0.0679,0.5703,0.0778,0.8229,0.105
0.025,0.1,1.0,4,True,502.2,144.92653311247048,0.9998,0.0006,0.725,0.072,0.7142,0.0976,1.0,0.0,0.9792,0.0092,1.0,0.0,0.7824,0.0658,0.8427,0.1153,0.5651,0.059,3.1706,0.8801
0.125,0.1,1.0,4,False,38.6,11.567194992737004,0.9616,0.0319,0.725,0.0454,0.7169,0.0651,0.9979,0.0017,0.9787,0.0052,0.8215,0.1025,0.4732,0.0834,0.9488,0.0386,0.7526,0.0886,0.4785,0.0376
0.1,0.1,0.5,4,True,119.6,21.858636736997116,0.9999,0.0001,0.7249,0.0809,0.7113,0.1055,1.0,0.0,0.9785,0.0103,1.0,0.0,0.7439,0.1059,0.8486,0.1084,0.5599,0.0562,1.2003,0.3243
0.05,1.0,0.1,2,False,142.0,61.91930232165088,0.8698,0.0444,0.7248,0.0855,0.7142,0.1075,0.9921,0.0029,0.9778,0.0086,0.6078,0.0738,0.4775,0.0933,0.9034,0.0238,0.7945,0.139,0.7449,0.4331
0.05,1.0,0.5,5,True,230.0,179.56057473732923,0.9997,0.0006,0.7248,0.0738,0.7145,0.0952,1.0,0.0,0.9783,0.0081,1.0,0.0,0.7349,0.0615,0.8295,0.12,0.5282,0.0368,1.4986,0.3674
0.05,1.0,1.0,4,False,86.8,29.089517012147176,0.9612,0.0249,0.7248,0.0696,0.714,0.0883,0.9979,0.0014,0.9791,0.0069,0.8034,0.101,0.4959,0.0936,0.9539,0.0301,0.7648,0.1152,0.6764,0.1049
0.025,0.75,0.1,4,True,374.8,87.09879448075041,0.9987,0.0015,0.7247,0.0722,0.7152,0.0957,0.9999,0.0001,0.9786,0.0094,1.0,0.0,0.7883,0.0782,0.7447,0.0839,0.5177,0.0301,2.5527,0.5741
0.05,1.0,0.1,4,False,98.8,27.086897201414562,0.9843,0.0121,0.7247,0.0832,0.7152,0.1007,0.9992,0.0006,0.9794,0.0068,0.8764,0.0633,0.4588,0.1415,0.9765,0.0154,0.7634,0.1225,0.7405,0.1246
0.05,0.1,0.1,4,False,93.2,26.071056748816304,0.982,0.0117,0.7246,0.0825,0.7147,0.0996,0.9991,0.0006,0.9792,0.007,0.86,0.0669,0.4799,0.1378,0.9744,0.0166,0.7353,0.0884,0.9397,0.4003
0.025,1.0,0.5,2,True,604.6,198.41824512881877,0.9267,0.0498,0.7246,0.0864,0.7128,0.1134,0.9966,0.0024,0.9789,0.0094,1.0,0.0,0.8866,0.0617,0.5108,0.09,0.4387,0.0711,1.9672,0.4378
0.125,0.75,0.5,4,True,107.4,25.6865723676788,1.0,0.0,0.7245,0.0595,0.7149,0.086,1.0,0.0,0.9798,0.0081,1.0,0.0,0.7345,0.0928,0.9043,0.0545,0.5705,0.0492,0.9429,0.128
0.075,0.1,0.1,4,True,146.0,49.63365793491348,0.9985,0.0028,0.7245,0.0667,0.7144,0.0918,0.9999,0.0001,0.9787,0.0096,1.0,0.0,0.7614,0.0551,0.8152,0.1487,0.5583,0.0348,1.3444,0.4807
0.075,0.75,1.0,4,True,152.4,37.76638717166364,0.9997,0.0005,0.7245,0.071,0.7128,0.0987,1.0,0.0,0.9788,0.0088,1.0,0.0,0.7692,0.0679,0.8126,0.1047,0.5572,0.0481,1.0939,0.2232
0.125,0.0,1.0,5,True,71.2,23.573289969794203,0.9995,0.0006,0.7245,0.0575,0.7144,0.0814,1.0,0.0,0.9794,0.0063,1.0,0.0,0.7617,0.0353,0.8664,0.1327,0.5573,0.0442,0.8367,0.186
0.075,1.0,1.0,5,False,54.8,14.078352176302452,0.9912,0.0056,0.7244,0.0553,0.7155,0.0786,0.9995,0.0003,0.9795,0.0064,0.8974,0.0501,0.4975,0.1301,0.9862,0.0116,0.7376,0.0494,0.6468,0.0917
0.025,0.0,0.5,5,False,155.6,36.65787773453341,0.9941,0.0051,0.7244,0.0583,0.7147,0.082,0.9997,0.0003,0.9792,0.0067,0.912,0.0479,0.4593,0.1239,0.9858,0.0108,0.7481,0.087,1.5653,0.3697
0.075,0.5,0.5,4,False,53.4,11.545561917897285,0.9656,0.018,0.7243,0.0671,0.7141,0.0888,0.9982,0.001,0.9788,0.0067,0.8023,0.0566,0.4734,0.0711,0.956,0.0211,0.7996,0.0885,0.5424,0.0775
0.125,1.0,1.0,4,False,43.0,12.708265027138834,0.9734,0.0277,0.7243,0.0496,0.7147,0.0717,0.9985,0.0015,0.9789,0.0064,0.8594,0.0792,0.4888,0.0823,0.9625,0.0367,0.7464,0.0964,0.5129,0.0753
0.025,1.0,0.75,5,True,444.0,322.37555738610206,1.0,0.0,0.7243,0.0661,0.7151,0.0888,1.0,0.0,0.9794,0.0074,1.0,0.0,0.7668,0.0833,0.8155,0.0994,0.5448,0.0395,2.9859,0.8374
0.1,0.75,1.0,4,True,127.8,15.91225942473287,1.0,0.0,0.7243,0.075,0.7136,0.0992,1.0,0.0,0.9793,0.0082,1.0,0.0,0.7521,0.0895,0.8657,0.0722,0.5583,0.0385,0.9385,0.1296
0.125,1.0,0.5,4,True,86.6,37.89854878488094,0.9976,0.0037,0.7243,0.0731,0.714,0.0979,0.9999,0.0001,0.9793,0.0083,1.0,0.0,0.8137,0.0778,0.7901,0.1203,0.5459,0.0321,0.7766,0.2078
0.05,0.75,0.75,2,False,138.4,36.356567494745704,0.8648,0.0467,0.7242,0.0775,0.7128,0.1003,0.9918,0.0029,0.9771,0.009,0.6079,0.0723,0.4633,0.0759,0.8878,0.0386,0.8,0.1498,0.6111,0.0778
0.125,0.5,0.75,5,True,141.0,164.05334498266106,0.9996,0.0008,0.7242,0.0802,0.7158,0.0987,1.0,0.0,0.9786,0.0064,1.0,0.0,0.7346,0.0825,0.8621,0.1153,0.5572,0.0564,0.951,0.2995
0.075,0.0,0.75,4,True,146.8,16.02186006679624,0.9999,0.0001,0.7242,0.0844,0.7124,0.1091,1.0,0.0,0.9789,0.0097,1.0,0.0,0.7493,0.0954,0.8235,0.0954,0.5561,0.0303,1.0758,0.0679
0.05,0.0,0.1,2,True,361.0,86.52456298647223,0.9551,0.0259,0.7242,0.0836,0.7115,0.1114,0.9981,0.0012,0.9795,0.009,1.0,0.0,0.8684,0.046,0.5517,0.0519,0.4659,0.0379,1.118,0.2696
0.125,1.0,1.0,5,True,105.0,60.51446108162908,1.0,0.0,0.7242,0.0677,0.7137,0.0922,1.0,0.0,0.9787,0.0077,1.0,0.0,0.7313,0.1159,0.9326,0.0476,0.5633,0.0197,0.8921,0.1042
0.025,0.5,1.0,4,True,464.8,32.706268512320385,1.0,0.0001,0.7242,0.0716,0.7136,0.0948,1.0,0.0,0.9791,0.0087,1.0,0.0,0.766,0.0865,0.8247,0.0805,0.5481,0.0159,2.9825,0.5901
0.05,0.5,0.5,2,False,131.6,32.523837411966014,0.8641,0.0261,0.7242,0.078,0.7128,0.1008,0.9917,0.0018,0.9774,0.0081,0.5957,0.055,0.4697,0.0794,0.8954,0.0292,0.8367,0.1225,0.8914,0.4662
0.05,0.1,0.5,2,False,131.6,32.523837411966014,0.8641,0.0261,0.7242,0.078,0.7128,0.1008,0.9917,0.0018,0.9774,0.0081,0.5957,0.055,0.4697,0.0794,0.8954,0.0292,0.8367,0.1225,0.6015,0.1044
0.05,0.0,0.5,2,False,131.6,32.523837411966014,0.8641,0.0261,0.7242,0.078,0.7128,0.1008,0.9917,0.0018,0.9774,0.0081,0.5957,0.055,0.4697,0.0794,0.8954,0.0292,0.8367,0.1225,0.6134,0.1006
0.025,0.75,0.75,2,True,670.2,166.49534528028104,0.9385,0.0439,0.7241,0.0806,0.7118,0.1088,0.9973,0.0021,0.9794,0.0087,1.0,0.0,0.8859,0.0593,0.5291,0.0744,0.4586,0.0641,2.0619,0.5316
0.05,0.75,1.0,5,False,87.8,33.32716609614445,0.9932,0.0075,0.7241,0.068,0.7132,0.0914,0.9996,0.0004,0.9796,0.0063,0.9129,0.0698,0.4947,0.1279,0.9894,0.0105,0.7698,0.0998,1.1386,0.2363
0.025,0.75,0.75,5,False,148.0,44.204072210600685,0.9914,0.0069,0.7241,0.0726,0.7145,0.0948,0.9995,0.0004,0.9796,0.0074,0.8964,0.0546,0.4471,0.1421,0.9854,0.0132,0.7347,0.0637,1.2025,0.33
0.05,1.0,0.5,4,False,90.6,27.254357449773057,0.9716,0.0158,0.7241,0.0724,0.7128,0.0947,0.9985,0.0009,0.9791,0.0072,0.8323,0.088,0.463,0.1069,0.9649,0.0197,0.7508,0.1193,1.0074,0.2701
0.1,0.0,0.75,2,True,218.4,38.96536923987761,0.9725,0.0136,0.7241,0.0663,0.7114,0.0953,0.9988,0.0006,0.9793,0.0079,1.0,0.0,0.8603,0.0642,0.5894,0.0364,0.4887,0.031,0.8157,0.1177
0.05,1.0,1.0,4,True,234.0,68.56748500564973,0.9998,0.0004,0.724,0.0728,0.7146,0.0949,1.0,0.0,0.9791,0.0083,1.0,0.0,0.7656,0.0653,0.8121,0.1193,0.5584,0.0451,1.8044,1.0891
0.125,0.0,0.5,5,True,77.8,17.369513522260778,1.0,0.0,0.724,0.0714,0.7155,0.0943,1.0,0.0,0.9789,0.0074,1.0,0.0,0.7337,0.1062,0.9107,0.0658,0.5942,0.0784,1.1572,0.2993
0.05,0.5,0.5,4,True,243.0,38.47076812334269,0.9999,0.0001,0.724,0.0773,0.712,0.1031,1.0,0.0,0.9794,0.0096,1.0,0.0,0.7613,0.11,0.8571,0.0829,0.5608,0.03,1.7939,0.4575
0.05,0.5,1.0,5,True,169.0,10.295630140987,1.0,0.0,0.724,0.0582,0.7137,0.0811,1.0,0.0,0.9797,0.0064,1.0,0.0,0.7452,0.1052,0.8571,0.0649,0.5421,0.0147,1.5816,0.1808
0.125,0.75,0.75,5,True,71.4,20.464603587658374,1.0,0.0001,0.7239,0.0653,0.7154,0.0869,1.0,0.0,0.9792,0.0065,1.0,0.0,0.7422,0.1237,0.8679,0.1217,0.5502,0.0585,1.1179,0.4686
0.075,0.5,0.5,3,True,201.4,74.70140560926548,0.9974,0.0029,0.7239,0.0681,0.71,0.0975,0.9999,0.0001,0.9803,0.0083,1.0,0.0,0.8081,0.0602,0.7015,0.0818,0.5414,0.0393,1.0932,0.3168
0.05,0.1,0.1,2,False,120.8,34.52824930401193,0.855,0.0317,0.7239,0.0858,0.7131,0.1074,0.9911,0.0021,0.9773,0.0085,0.5855,0.0514,0.4646,0.0788,0.8946,0.0286,0.7909,0.1385,0.5731,0.1072
0.05,0.5,0.1,2,False,120.8,34.52824930401193,0.855,0.0317,0.7239,0.0858,0.7131,0.1074,0.9911,0.0021,0.9773,0.0085,0.5855,0.0514,0.4646,0.0788,0.8946,0.0286,0.7909,0.1385,0.5677,0.1034
0.05,0.0,0.1,2,False,120.8,34.52824930401193,0.855,0.0317,0.7239,0.0858,0.7131,0.1074,0.9911,0.0021,0.9773,0.0085,0.5855,0.0514,0.4646,0.0788,0.8946,0.0286,0.7909,0.1385,0.8947,0.133
0.075,1.0,1.0,4,False,56.2,11.476062042355817,0.9623,0.0202,0.7238,0.0682,0.7139,0.0896,0.998,0.0011,0.9795,0.0064,0.7951,0.0836,0.4772,0.0844,0.9513,0.0223,0.7384,0.0757,0.6461,0.17
0.125,0.1,0.75,5,False,36.4,9.633275663033837,0.9934,0.0061,0.7238,0.0536,0.7138,0.0815,0.9997,0.0003,0.98,0.0059,0.9353,0.0421,0.4945,0.069,0.981,0.0187,0.7423,0.0603,0.8073,0.0428
0.05,0.75,0.5,2,False,145.2,45.515931276861735,0.8741,0.0442,0.7237,0.0795,0.7123,0.1022,0.9923,0.0029,0.9776,0.0084,0.6096,0.0789,0.4697,0.0794,0.8971,0.0355,0.8367,0.1225,0.8887,0.197
0.1,0.75,0.1,2,True,219.6,47.06166167912051,0.9664,0.0395,0.7237,0.0823,0.7092,0.1098,0.9986,0.0017,0.9787,0.0092,1.0,0.0,0.8248,0.0545,0.6033,0.0957,0.474,0.0402,0.7893,0.1093
0.075,1.0,1.0,5,True,164.4,105.29150013177701,1.0,0.0001,0.7237,0.0709,0.712,0.0941,1.0,0.0,0.9793,0.0077,1.0,0.0,0.7369,0.0944,0.8652,0.1132,0.548,0.0515,1.462,0.6046
0.025,0.0,0.1,4,True,405.2,123.0841175781831,0.9981,0.0027,0.7236,0.0777,0.7132,0.1019,0.9999,0.0001,0.978,0.0104,1.0,0.0,0.7883,0.0782,0.7668,0.132,0.5466,0.0493,2.6974,0.7687
0.05,0.75,0.1,2,False,127.4,39.72782400283207,0.8599,0.0418,0.7235,0.0853,0.7129,0.1071,0.9914,0.0027,0.9774,0.0086,0.5976,0.0702,0.4646,0.0788,0.8958,0.0303,0.7909,0.1385,0.5863,0.1018
0.075,0.5,1.0,4,False,68.8,22.829805080201627,0.9751,0.0222,0.7234,0.0644,0.7139,0.0883,0.9987,0.0012,0.9795,0.0073,0.8454,0.0842,0.4942,0.1026,0.9688,0.0287,0.7486,0.119,0.8138,0.4683
0.075,1.0,0.5,5,True,113.2,27.788486824582588,0.9996,0.0009,0.7234,0.0728,0.7129,0.0973,1.0,0.0,0.9793,0.0078,1.0,0.0,0.7481,0.1147,0.8505,0.1106,0.5378,0.0448,1.2705,0.5735
0.025,0.75,1.0,5,False,158.4,15.533834040570921,0.9931,0.0045,0.7234,0.0667,0.713,0.0881,0.9996,0.0002,0.9794,0.0075,0.9122,0.0314,0.4922,0.1497,0.9839,0.0102,0.7507,0.0756,1.2691,0.1645
0.1,0.0,0.1,3,True,155.0,57.17954179599553,0.9915,0.0183,0.7233,0.0681,0.7106,0.0942,0.9996,0.0008,0.9784,0.0093,1.0,0.0,0.7996,0.0507,0.7439,0.1375,0.5399,0.0532,0.853,0.2405
0.125,0.1,0.1,4,False,37.0,11.247221879201993,0.9745,0.0197,0.7233,0.0795,0.7108,0.1041,0.9987,0.0011,0.9802,0.0074,0.8507,0.0735,0.5299,0.0996,0.965,0.0237,0.7269,0.061,0.5275,0.1449
0.1,0.1,0.5,5,True,98.8,14.394443372357268,1.0,0.0,0.7233,0.0721,0.7105,0.0957,1.0,0.0,0.9791,0.0072,1.0,0.0,0.7159,0.1102,0.9258,0.0705,0.569,0.0416,1.0013,0.1164
0.1,0.0,0.5,4,False,51.0,9.460443964212251,0.9792,0.018,0.7233,0.0663,0.714,0.0914,0.9989,0.001,0.9788,0.0076,0.8524,0.0611,0.4615,0.0926,0.9652,0.02,0.7426,0.0715,0.5445,0.0593
0.075,0.75,0.5,5,True,176.0,157.23708214031447,1.0,0.0,0.7233,0.0797,0.7114,0.1038,1.0,0.0,0.9792,0.0084,1.0,0.0,0.7643,0.1048,0.8583,0.0891,0.5498,0.0576,1.2938,0.4101
0.125,0.0,0.75,4,True,108.4,17.487138130637614,1.0,0.0,0.7233,0.0636,0.7077,0.092,1.0,0.0,0.9789,0.0086,1.0,0.0,0.7418,0.0899,0.8885,0.0759,0.5477,0.0277,0.8531,0.0913
0.075,0.75,0.1,4,False,61.2,13.14153720079961,0.9771,0.0183,0.7232,0.0748,0.7144,0.0934,0.9988,0.001,0.9791,0.0063,0.8543,0.0718,0.4665,0.1594,0.967,0.0227,0.7434,0.0788,0.5707,0.0501
0.1,0.75,0.1,3,False,54.8,20.27806696901852,0.9386,0.0371,0.7232,0.0803,0.7145,0.0997,0.9967,0.0021,0.9797,0.0078,0.7387,0.095,0.4524,0.1146,0.9336,0.0313,0.7591,0.0596,0.4703,0.0867
0.05,0.5,1.0,2,True,375.2,118.9945376897612,0.95,0.0521,0.7232,0.0722,0.7111,0.1015,0.9977,0.0027,0.9793,0.008,1.0,0.0,0.8814,0.0722,0.5508,0.0821,0.4789,0.0773,1.1792,0.2465
0.1,1.0,0.5,4,False,48.0,7.416198487095662,0.9764,0.0208,0.7232,0.0581,0.7151,0.081,0.9988,0.0011,0.9789,0.007,0.8544,0.0623,0.493,0.0859,0.9656,0.0314,0.7397,0.0455,0.5329,0.1026
0.025,0.0,0.5,4,True,465.6,107.42113386107968,0.9998,0.0004,0.7231,0.0763,0.7122,0.102,1.0,0.0,0.9784,0.0104,1.0,0.0,0.7737,0.0832,0.8114,0.1107,0.5486,0.0413,3.138,1.1462
0.1,0.5,0.75,5,True,122.2,65.73203176534253,1.0,0.0001,0.723,0.0644,0.7133,0.0866,1.0,0.0,0.9798,0.0074,1.0,0.0,0.7219,0.1056,0.9147,0.1019,0.5786,0.0514,1.0247,0.1508
0.125,0.1,0.5,4,True,99.6,28.085583490467133,0.999,0.0023,0.723,0.0797,0.7118,0.1034,1.0,0.0001,0.9788,0.0088,1.0,0.0,0.7311,0.0933,0.8645,0.1254,0.5699,0.0603,1.1017,0.2401
0.075,1.0,0.5,4,False,65.2,24.38647165950827,0.9735,0.0234,0.7229,0.0736,0.7121,0.0963,0.9986,0.0013,0.9791,0.0072,0.8448,0.0958,0.4965,0.1043,0.9666,0.0236,0.7587,0.0808,0.6004,0.1097
0.125,0.5,0.1,4,False,34.4,10.430723848324238,0.9725,0.0213,0.7229,0.0795,0.711,0.1038,0.9986,0.0011,0.9798,0.0074,0.8385,0.0615,0.4961,0.0994,0.959,0.0275,0.7338,0.0634,0.455,0.0578
0.1,0.1,1.0,2,True,221.4,73.27550750421317,0.9652,0.0358,0.7228,0.0756,0.71,0.1037,0.9985,0.0016,0.9795,0.0086,1.0,0.0,0.8518,0.0619,0.5927,0.0853,0.4823,0.0284,0.8199,0.2175
0.05,0.1,0.75,4,True,242.0,33.17378483079674,0.9999,0.0002,0.7227,0.0759,0.712,0.0991,1.0,0.0,0.9782,0.0094,1.0,0.0,0.762,0.0747,0.8363,0.0883,0.5411,0.0171,1.5097,0.1731
0.075,0.75,1.0,5,True,118.0,25.10975905897944,0.9999,0.0003,0.7227,0.0629,0.7133,0.0877,1.0,0.0,0.9792,0.0078,1.0,0.0,0.7544,0.0939,0.8619,0.1191,0.5523,0.0395,1.2837,0.3336
0.1,0.1,0.1,5,False,42.4,9.181503144910424,0.9976,0.0031,0.7225,0.0667,0.7059,0.0962,0.9999,0.0002,0.9803,0.0063,0.9393,0.0296,0.492,0.1196,0.9943,0.0093,0.7463,0.0499,0.5682,0.0863
0.05,0.75,0.1,4,False,83.8,16.513630733427462,0.9793,0.0086,0.7224,0.0782,0.7138,0.0966,0.9989,0.0005,0.9788,0.0068,0.8407,0.0317,0.4567,0.1275,0.967,0.0082,0.7528,0.101,0.6932,0.1595
0.075,0.5,0.1,5,False,51.6,11.171392035015153,0.9953,0.0041,0.7224,0.0763,0.714,0.0942,0.9998,0.0002,0.9786,0.0067,0.9194,0.0457,0.481,0.1658,0.991,0.0103,0.7427,0.0693,0.6109,0.0731
0.025,0.5,0.5,4,True,396.2,97.42792207575815,0.9985,0.0018,0.7223,0.0779,0.7122,0.1006,0.9999,0.0001,0.9788,0.0093,1.0,0.0,0.7654,0.0856,0.7563,0.1394,0.5264,0.0319,2.6398,1.0136
0.05,0.5,0.1,4,False,89.0,17.029386365926403,0.979,0.0139,0.7223,0.0812,0.7118,0.0987,0.9989,0.0007,0.9788,0.0067,0.8473,0.0618,0.4729,0.1299,0.9707,0.0198,0.7822,0.1474,0.7096,0.0867
0.05,0.1,0.5,4,True,221.8,48.21514284952395,0.9994,0.0008,0.7223,0.0857,0.7108,0.1098,1.0,0.0,0.9787,0.0102,1.0,0.0,0.772,0.0751,0.8021,0.1159,0.5431,0.0494,1.7368,0.3377
0.025,0.1,0.1,4,True,395.4,134.73603823773357,0.9968,0.0045,0.7223,0.0775,0.7102,0.1022,0.9999,0.0002,0.9786,0.0099,1.0,0.0,0.7853,0.0743,0.7581,0.1453,0.5378,0.0359,2.6716,1.3195
0.025,0.5,1.0,5,False,153.8,29.743906939069046,0.9921,0.0055,0.7221,0.0634,0.7116,0.0841,0.9996,0.0003,0.9791,0.0072,0.8934,0.0488,0.4778,0.125,0.983,0.0114,0.7221,0.0586,1.3549,0.451
0.1,1.0,0.75,5,True,89.2,14.289856542317,1.0,0.0,0.7221,0.0645,0.7106,0.0866,1.0,0.0,0.979,0.0063,1.0,0.0,0.6979,0.1031,0.897,0.0656,0.5324,0.0332,0.9665,0.1524
0.05,1.0,0.5,2,False,144.4,53.09708089904755,0.8713,0.0536,0.7221,0.0781,0.711,0.1009,0.9921,0.0035,0.9773,0.0083,0.6094,0.1024,0.4568,0.0751,0.8941,0.0353,0.833,0.1225,0.6097,0.1048
0.05,0.1,0.75,5,False,83.6,22.53441811984503,0.9933,0.0072,0.722,0.0603,0.7114,0.0862,0.9997,0.0004,0.9794,0.0068,0.9153,0.0561,0.5,0.1082,0.9806,0.0129,0.7437,0.0709,1.1157,0.3022
0.1,0.5,0.1,5,False,47.2,17.49857137025763,0.9962,0.0052,0.722,0.0722,0.7122,0.0917,0.9998,0.0003,0.9796,0.0073,0.9395,0.057,0.5052,0.1327,0.9915,0.0154,0.724,0.0574,0.8302,0.1892
0.05,0.75,1.0,2,True,354.0,103.02426898551623,0.9441,0.0529,0.722,0.0781,0.7102,0.1057,0.9974,0.0027,0.9792,0.0084,1.0,0.0,0.8807,0.0563,0.5407,0.0818,0.4592,0.0731,1.3772,0.3871
0.025,1.0,0.1,2,False,246.0,64.6297145282261,0.8577,0.0248,0.7219,0.0837,0.711,0.1046,0.9913,0.0017,0.9771,0.0088,0.5874,0.0369,0.4684,0.0787,0.8898,0.022,0.8152,0.1374,1.0095,0.5107
0.125,0.5,0.75,4,True,159.2,149.3358630738109,0.9999,0.0002,0.7218,0.0521,0.7121,0.0774,1.0,0.0,0.9776,0.0091,1.0,0.0,0.7526,0.0637,0.8526,0.0846,0.5527,0.0219,0.8809,0.1939
0.025,0.1,1.0,5,False,151.4,39.90363391973217,0.9888,0.0089,0.7218,0.0667,0.7115,0.0875,0.9994,0.0005,0.9789,0.0068,0.8835,0.0673,0.4672,0.1169,0.9812,0.0125,0.7406,0.0615,1.4972,0.4438
0.075,1.0,0.1,4,True,145.6,48.3663105890867,0.9998,0.0003,0.7218,0.0713,0.7123,0.0954,1.0,0.0,0.9783,0.0093,1.0,0.0,0.7509,0.0702,0.8151,0.12,0.5411,0.0296,1.098,0.272
0.125,0.1,1.0,4,True,102.8,34.94567212116545,0.9981,0.0042,0.7218,0.0591,0.7114,0.0862,0.9999,0.0002,0.9799,0.0075,1.0,0.0,0.7241,0.1001,0.8516,0.1309,0.5436,0.0759,0.8475,0.27
0.05,0.1,0.1,3,True,250.6,80.38532204326857,0.9913,0.009,0.7217,0.0712,0.7082,0.1002,0.9996,0.0004,0.9793,0.0089,1.0,0.0,0.8061,0.0623,0.6543,0.0792,0.4887,0.0301,1.1621,0.3394
0.025,0.1,0.5,5,False,148.2,29.9866637023861,0.9927,0.005,0.7217,0.0609,0.712,0.0837,0.9996,0.0003,0.9793,0.0068,0.9008,0.0482,0.4476,0.1294,0.9849,0.0115,0.7566,0.0745,1.5199,0.4167
0.1,0.0,0.75,4,True,126.4,41.8963005526741,0.9997,0.0007,0.7217,0.065,0.7092,0.095,1.0,0.0,0.9795,0.0084,1.0,0.0,0.7483,0.073,0.8683,0.1082,0.5788,0.0567,1.1641,0.6982
0.125,0.5,0.5,5,True,70.0,15.652475842498529,1.0,0.0,0.7217,0.0658,0.7123,0.0862,1.0,0.0,0.9777,0.0068,1.0,0.0,0.6961,0.0685,0.8681,0.0979,0.5436,0.0434,1.1065,0.2232
0.075,0.0,0.5,4,False,68.4,18.22909761891685,0.979,0.0195,0.7215,0.0786,0.7098,0.1011,0.9989,0.001,0.9789,0.0071,0.8659,0.0831,0.5075,0.1004,0.9708,0.0239,0.7779,0.0741,0.9199,0.157
0.05,0.5,0.75,4,True,250.6,68.6061221757942,1.0,0.0,0.7215,0.0673,0.7099,0.0964,1.0,0.0,0.9792,0.0084,1.0,0.0,0.7579,0.0866,0.834,0.1227,0.5735,0.0552,1.8412,0.8189
0.1,1.0,1.0,2,True,192.2,43.75728510773949,0.9563,0.0404,0.7214,0.0708,0.7095,0.0995,0.9981,0.0018,0.9791,0.0085,1.0,0.0,0.871,0.0373,0.5626,0.0726,0.4653,0.0545,0.9639,0.3693
0.1,0.5,0.5,5,True,102.2,15.801898620102586,1.0,0.0,0.7214,0.0535,0.7116,0.0775,1.0,0.0,0.9794,0.0063,1.0,0.0,0.6998,0.1143,0.9422,0.0676,0.5731,0.0435,1.3241,0.3618
0.025,0.5,0.5,2,True,627.4,155.8614769595104,0.9349,0.0456,0.7214,0.081,0.71,0.1089,0.9971,0.0022,0.9789,0.0089,1.0,0.0,0.8859,0.0593,0.5212,0.0693,0.449,0.0724,2.0297,0.7157
0.05,1.0,0.75,4,True,305.8,163.3621743244133,1.0,0.0001,0.7213,0.0742,0.7091,0.0991,1.0,0.0,0.979,0.0087,1.0,0.0,0.7651,0.1045,0.8277,0.1175,0.5615,0.0517,1.8962,0.2679
0.125,0.0,0.1,3,True,130.4,48.73191972413974,0.9962,0.0065,0.7213,0.0657,0.7086,0.0916,0.9998,0.0003,0.9796,0.0072,1.0,0.0,0.7974,0.0618,0.7634,0.1379,0.5512,0.0462,0.8294,0.3609
0.025,0.75,0.1,5,True,444.8,288.4938474213965,1.0,0.0,0.7213,0.0755,0.711,0.0984,1.0,0.0,0.9783,0.0083,1.0,0.0,0.7295,0.0826,0.8531,0.0989,0.5621,0.078,3.3964,1.4753
0.075,1.0,1.0,2,False,94.6,27.2176413379264,0.8657,0.0486,0.7213,0.0746,0.7106,0.0964,0.9919,0.003,0.9773,0.0084,0.6029,0.0869,0.4774,0.1013,0.8884,0.0429,0.8159,0.1113,0.5098,0.0628
0.1,0.75,0.75,2,True,158.6,40.899877750428544,0.9378,0.0485,0.7212,0.0762,0.7098,0.1042,0.9972,0.0024,0.9792,0.0088,1.0,0.0,0.872,0.0616,0.5277,0.0793,0.451,0.0666,0.6894,0.1479
0.1,0.0,0.1,4,True,109.8,28.199290771223307,0.999,0.0013,0.7212,0.0693,0.7122,0.0915,1.0,0.0001,0.9784,0.0091,1.0,0.0,0.7679,0.0553,0.8301,0.1307,0.5338,0.0423,1.1729,0.2887
0.1,0.1,0.5,4,False,52.4,19.62906008957128,0.9792,0.0183,0.7211,0.0588,0.7128,0.084,0.9989,0.001,0.979,0.007,0.8652,0.0715,0.4633,0.0727,0.9711,0.0238,0.7297,0.0633,0.5535,0.1315
0.125,1.0,0.1,4,False,42.8,10.134100848126588,0.9842,0.0136,0.7211,0.067,0.7124,0.0857,0.9992,0.0007,0.98,0.006,0.8849,0.0584,0.505,0.085,0.9723,0.0227,0.7199,0.0499,0.6534,0.2737
0.025,0.0,1.0,4,True,461.6,54.92995539776088,0.9999,0.0001,0.7211,0.0755,0.709,0.1001,1.0,0.0,0.9796,0.009,1.0,0.0,0.7713,0.0787,0.821,0.0887,0.5508,0.0362,2.9951,0.6385
0.125,0.1,1.0,5,False,33.4,9.96493853468249,0.9912,0.0075,0.721,0.0395,0.7141,0.0543,0.9995,0.0004,0.9791,0.0042,0.9048,0.0496,0.4867,0.0322,0.9872,0.0128,0.7306,0.0529,0.6204,0.1042
0.075,1.0,1.0,2,True,209.0,66.24575458095408,0.9313,0.0516,0.721,0.0752,0.7091,0.1049,0.9969,0.0025,0.9794,0.0085,1.0,0.0,0.8859,0.0593,0.5211,0.0785,0.4502,0.0727,0.9208,0.3694
0.05,0.5,0.1,4,True,208.2,52.722860316944114,0.9995,0.0009,0.721,0.0819,0.7108,0.1051,1.0,0.0,0.9785,0.01,1.0,0.0,0.7764,0.0794,0.7882,0.1204,0.5386,0.0305,1.6741,0.9143
0.1,0.75,0.1,5,False,37.8,9.757048734120374,0.9948,0.0049,0.7209,0.0637,0.7119,0.0831,0.9997,0.0003,0.9793,0.0064,0.9114,0.0399,0.5131,0.1249,0.9906,0.0095,0.781,0.0625,0.5338,0.0771
0.05,1.0,0.75,5,False,78.2,26.17632518135424,0.9912,0.0067,0.7209,0.0612,0.7092,0.0841,0.9995,0.0004,0.9796,0.006,0.8979,0.0758,0.4761,0.0957,0.983,0.0125,0.7486,0.0438,0.7585,0.1356
0.025,0.0,1.0,5,False,153.8,39.44236301237541,0.99,0.0065,0.7208,0.0678,0.7099,0.09,0.9995,0.0004,0.9791,0.0072,0.8856,0.0597,0.4806,0.14,0.9823,0.0115,0.7152,0.0641,1.4339,0.5546
0.1,0.1,0.5,3,True,141.6,9.396807968666808,0.9967,0.0036,0.7207,0.0734,0.7092,0.1006,0.9999,0.0002,0.9795,0.0088,1.0,0.0,0.7845,0.0808,0.7055,0.0642,0.5182,0.0187,0.8061,0.0924
0.075,0.0,0.1,5,True,125.2,32.50692233971097,0.9999,0.0003,0.7206,0.0877,0.7102,0.1112,1.0,0.0,0.9784,0.0089,1.0,0.0,0.7159,0.1179,0.899,0.0869,0.5685,0.0696,1.1881,0.2056
0.025,0.1,0.5,4,True,423.2,111.06844736467689,0.9996,0.0004,0.7206,0.0804,0.709,0.1062,1.0,0.0,0.9786,0.0099,1.0,0.0,0.783,0.0832,0.7749,0.1244,0.5313,0.0259,2.9117,1.2324
0.1,1.0,1.0,4,False,43.2,9.984988733093294,0.9569,0.0298,0.7206,0.0644,0.7116,0.0832,0.9977,0.0016,0.9787,0.0063,0.8054,0.0948,0.5127,0.0916,0.9441,0.0319,0.7533,0.091,0.4963,0.036
0.05,0.75,0.75,4,True,218.8,69.08473058498528,0.9962,0.0067,0.7205,0.0792,0.7108,0.1022,0.9998,0.0003,0.9782,0.0104,1.0,0.0,0.7765,0.0721,0.7877,0.1524,0.5394,0.0449,1.7071,0.31
0.05,0.1,0.1,5,True,197.0,59.61124055075519,1.0,0.0,0.7205,0.0844,0.7105,0.1068,1.0,0.0,0.9784,0.0087,1.0,0.0,0.7141,0.1046,0.8973,0.0914,0.5647,0.081,1.7377,0.4231
0.1,0.75,1.0,2,True,201.2,28.26128093346089,0.9625,0.0255,0.7205,0.0741,0.7076,0.1035,0.9984,0.0011,0.9799,0.0081,1.0,0.0,0.869,0.0613,0.5734,0.0529,0.4776,0.0484,0.7483,0.0808
0.1,0.0,0.5,5,True,94.8,18.646715528478467,1.0,0.0,0.7204,0.0699,0.7099,0.093,1.0,0.0,0.9788,0.0076,1.0,0.0,0.7195,0.1139,0.9146,0.0753,0.5648,0.0407,1.2864,0.2894
0.05,1.0,0.5,5,False,78.4,23.07162759754933,0.9921,0.0061,0.7204,0.0638,0.7086,0.0911,0.9996,0.0003,0.9787,0.0066,0.9072,0.0584,0.4934,0.1309,0.9816,0.0109,0.7603,0.0981,1.0598,0.1907
0.075,0.1,1.0,5,False,54.4,14.328293687665674,0.9923,0.0068,0.7203,0.0578,0.71,0.0828,0.9996,0.0004,0.9791,0.0066,0.9087,0.0623,0.4947,0.118,0.9858,0.0097,0.7753,0.1065,0.6403,0.1145
0.05,1.0,0.1,4,True,224.0,61.6644143732834,1.0,0.0,0.7203,0.0805,0.7096,0.1051,1.0,0.0,0.9786,0.0096,1.0,0.0,0.7615,0.1031,0.8159,0.0557,0.5506,0.0437,1.7257,0.4754
0.1,0.75,0.75,5,True,87.0,14.212670403551895,1.0,0.0,0.7201,0.0661,0.7081,0.0936,1.0,0.0,0.9792,0.0075,1.0,0.0,0.7124,0.1479,0.8615,0.0803,0.5487,0.0636,1.2267,0.5183
0.05,0.5,0.5,2,True,317.6,95.10415343190854,0.9353,0.0469,0.7201,0.078,0.7082,0.1068,0.9971,0.0022,0.9794,0.008,1.0,0.0,0.872,0.0616,0.5226,0.0802,0.4489,0.0672,1.0004,0.1672
0.075,0.75,1.0,2,True,228.6,90.43948252837363,0.9371,0.0568,0.72,0.0733,0.7081,0.1009,0.9972,0.0027,0.979,0.008,1.0,0.0,0.8713,0.0626,0.5388,0.0951,0.446,0.069,0.8877,0.2923
0.075,0.0,1.0,5,False,51.4,9.20869154657707,0.9894,0.0078,0.7199,0.0575,0.7095,0.0823,0.9995,0.0004,0.9793,0.0062,0.8979,0.051,0.4905,0.1146,0.9805,0.0141,0.7445,0.0673,0.6214,0.0458
0.125,0.0,0.1,3,False,39.0,6.284902544988268,0.9262,0.0314,0.7199,0.0833,0.7113,0.1021,0.9959,0.0018,0.9792,0.0066,0.7233,0.0751,0.4918,0.1414,0.9132,0.0463,0.7458,0.0817,0.6666,0.1444
0.025,1.0,1.0,5,False,155.8,39.27721986088119,0.9904,0.0074,0.7198,0.0687,0.7096,0.0895,0.9995,0.0004,0.979,0.0072,0.8921,0.0645,0.4787,0.1236,0.9811,0.0121,0.7299,0.0628,1.508,0.5854
0.05,0.5,1.0,5,False,79.8,20.55966925804012,0.9922,0.0055,0.7198,0.0688,0.7096,0.0895,0.9996,0.0003,0.9798,0.0064,0.9044,0.0469,0.4766,0.1084,0.9846,0.0099,0.7325,0.0789,1.0251,0.529
0.05,1.0,0.5,4,True,215.4,63.88505302494473,0.9998,0.0004,0.7197,0.0715,0.7103,0.0951,1.0,0.0,0.9788,0.0084,1.0,0.0,0.7631,0.0919,0.7757,0.0828,0.5326,0.0402,1.4075,0.4002
0.025,1.0,1.0,2,True,667.6,234.41906919020047,0.9331,0.0534,0.7197,0.0784,0.7082,0.1059,0.997,0.0025,0.9789,0.0088,1.0,0.0,0.8905,0.0385,0.527,0.0823,0.4537,0.074,2.0738,0.5701
0.025,1.0,0.75,2,True,753.6,188.70426598251564,0.9503,0.0473,0.7196,0.0804,0.7076,0.109,0.9978,0.0023,0.9788,0.0088,1.0,0.0,0.8668,0.0708,0.5511,0.0805,0.4642,0.0692,2.0712,0.4684
0.075,0.5,0.75,5,True,225.0,251.94543059956456,0.9999,0.0002,0.7195,0.0694,0.7091,0.0918,1.0,0.0,0.9798,0.0067,1.0,0.0,0.7522,0.0913,0.8643,0.1281,0.5575,0.0504,1.2851,0.3963
0.125,1.0,0.1,5,False,30.6,4.774934554525329,0.9936,0.004,0.7194,0.0686,0.7091,0.089,0.9997,0.0002,0.9794,0.0074,0.9201,0.0237,0.4949,0.0499,0.986,0.0127,0.7526,0.0316,0.4896,0.0596
0.125,0.0,0.1,5,True,71.2,14.342245291445828,0.9998,0.0004,0.7193,0.0793,0.7086,0.101,1.0,0.0,0.9779,0.0075,1.0,0.0,0.7111,0.0984,0.9027,0.0956,0.5481,0.0523,1.0068,0.4544
0.125,1.0,1.0,4,True,101.2,24.345430782797827,1.0,0.0,0.7193,0.0714,0.7073,0.0997,1.0,0.0,0.979,0.0089,1.0,0.0,0.7582,0.0723,0.8634,0.0779,0.5523,0.0585,1.1397,0.255
0.125,0.1,0.1,3,False,38.0,7.035623639735144,0.9234,0.0343,0.7192,0.084,0.7108,0.1027,0.9957,0.002,0.979,0.007,0.7201,0.0757,0.4918,0.1414,0.9094,0.0518,0.7503,0.0722,0.4262,0.0327
0.05,0.75,0.75,5,False,77.8,14.342245291445828,0.9931,0.0056,0.7192,0.0509,0.7096,0.0768,0.9996,0.0003,0.9795,0.0063,0.906,0.0369,0.457,0.0941,0.9798,0.0096,0.7343,0.0509,0.7702,0.1313
0.1,0.0,1.0,4,True,125.2,17.90809872655386,0.9999,0.0001,0.7192,0.0764,0.7092,0.0996,1.0,0.0,0.9789,0.008,1.0,0.0,0.7518,0.0602,0.8594,0.1081,0.5699,0.0523,0.996,0.1569
0.1,0.75,0.5,2,True,174.0,54.3323108288245,0.9442,0.0576,0.7191,0.0761,0.7073,0.1026,0.9974,0.003,0.9787,0.008,0.9993,0.0015,0.8552,0.0545,0.5551,0.0939,0.4589,0.0703,0.9941,0.3423
0.1,0.75,0.5,5,True,90.8,15.5145093380358,1.0,0.0,0.719,0.0665,0.7078,0.0922,1.0,0.0,0.9786,0.0078,1.0,0.0,0.7102,0.1052,0.9004,0.0623,0.567,0.0493,0.9404,0.1489
0.05,0.0,1.0,2,False,138.8,28.464012366495346,0.8662,0.035,0.7189,0.0773,0.7064,0.1006,0.9919,0.0023,0.9771,0.0085,0.5981,0.0523,0.4493,0.0721,0.884,0.037,0.8247,0.1137,0.6065,0.0768
0.05,0.1,1.0,2,False,138.8,28.464012366495346,0.8662,0.035,0.7189,0.0773,0.7064,0.1006,0.9919,0.0023,0.9771,0.0085,0.5981,0.0523,0.4493,0.0721,0.884,0.037,0.8247,0.1137,0.9203,0.397
0.05,0.5,1.0,2,False,138.8,28.464012366495346,0.8662,0.035,0.7189,0.0773,0.7064,0.1006,0.9919,0.0023,0.9771,0.0085,0.5981,0.0523,0.4493,0.0721,0.884,0.037,0.8247,0.1137,0.876,0.1552
0.075,0.75,1.0,2,False,94.4,27.50090907588329,0.8655,0.0494,0.7189,0.0747,0.7087,0.0962,0.9919,0.003,0.9772,0.0084,0.6041,0.0895,0.458,0.0845,0.8876,0.0436,0.8101,0.1119,0.5148,0.0659
0.125,1.0,0.1,3,False,44.0,16.673332000533065,0.9295,0.049,0.7188,0.0921,0.7081,0.1143,0.996,0.0028,0.9795,0.0078,0.7472,0.1191,0.4577,0.1133,0.9134,0.0582,0.7838,0.096,0.4467,0.0394
0.05,0.75,1.0,2,False,127.8,21.58008341040414,0.8571,0.0211,0.7188,0.0779,0.7062,0.101,0.9913,0.0015,0.9773,0.0085,0.5796,0.03,0.4429,0.0696,0.8793,0.0267,0.8223,0.1147,0.6119,0.1178
0.075,1.0,0.75,5,True,150.2,110.96035327989904,1.0,0.0001,0.7187,0.0671,0.708,0.0938,1.0,0.0,0.9795,0.0074,1.0,0.0,0.7648,0.0693,0.8277,0.0951,0.5433,0.0295,1.1272,0.1529
0.05,0.1,0.1,4,True,205.2,54.80602156697748,0.9996,0.0006,0.7186,0.0712,0.7085,0.0954,1.0,0.0,0.9789,0.0086,1.0,0.0,0.7748,0.0897,0.7842,0.0759,0.5518,0.044,1.3724,0.3284
0.125,0.5,0.1,3,True,110.2,23.015212360523634,0.9954,0.0036,0.7186,0.052,0.7078,0.0799,0.9998,0.0002,0.9791,0.0073,1.0,0.0,0.7787,0.0948,0.7015,0.0693,0.5253,0.0422,0.8819,0.363
0.1,1.0,0.5,2,True,192.0,62.060454397305215,0.9537,0.0627,0.7185,0.0704,0.7069,0.0973,0.9978,0.0033,0.979,0.0076,0.9993,0.0015,0.8432,0.0672,0.5749,0.0985,0.4653,0.0726,0.7483,0.1231
0.05,0.0,0.5,4,True,218.8,29.123873368767413,0.9997,0.0004,0.7185,0.0702,0.7076,0.0958,1.0,0.0,0.9785,0.009,1.0,0.0,0.7725,0.0969,0.8058,0.0948,0.5409,0.0385,1.7329,0.6582
0.025,0.75,0.75,2,False,231.6,43.055777777204305,0.8475,0.0315,0.7183,0.0824,0.7064,0.1048,0.9907,0.0022,0.9767,0.0085,0.5649,0.0405,0.4451,0.0845,0.8801,0.0274,0.8194,0.1222,0.8901,0.1657
0.025,0.0,0.5,5,True,330.8,46.33788946423866,1.0,0.0,0.7181,0.0784,0.708,0.101,1.0,0.0,0.9784,0.0079,1.0,0.0,0.7491,0.0994,0.8453,0.0861,0.5466,0.0415,2.9405,0.3634
0.075,0.5,1.0,5,False,51.8,9.85900603509299,0.9917,0.0082,0.7181,0.0532,0.7088,0.0776,0.9996,0.0004,0.9793,0.0067,0.8978,0.0459,0.4958,0.1048,0.9851,0.0104,0.7542,0.0474,0.6308,0.0889
0.1,0.75,0.1,4,True,108.4,24.11016383187804,0.9999,0.0001,0.718,0.0758,0.7083,0.0989,1.0,0.0,0.9786,0.0089,1.0,0.0,0.751,0.0617,0.8241,0.0953,0.5372,0.0158,0.8406,0.1466
0.025,0.5,0.5,5,True,305.8,79.94498108074077,0.9996,0.0005,0.718,0.075,0.7093,0.0975,1.0,0.0,0.9786,0.0082,1.0,0.0,0.7559,0.0901,0.7949,0.1222,0.529,0.0467,2.7845,0.446
0.075,0.5,1.0,2,False,83.8,18.390214789392758,0.8528,0.021,0.718,0.0747,0.707,0.0951,0.991,0.001,0.977,0.0081,0.5708,0.0318,0.4687,0.0935,0.8805,0.0296,0.8301,0.1321,0.4869,0.0647
0.075,0.0,1.0,2,False,83.8,18.390214789392758,0.8528,0.021,0.718,0.0747,0.707,0.0951,0.991,0.001,0.977,0.0081,0.5708,0.0318,0.4687,0.0935,0.8805,0.0296,0.8301,0.1321,0.5392,0.094
0.075,0.1,1.0,2,False,83.8,18.390214789392758,0.8528,0.021,0.718,0.0747,0.707,0.0951,0.991,0.001,0.977,0.0081,0.5708,0.0318,0.4687,0.0935,0.8805,0.0296,0.8301,0.1321,0.4898,0.0741
0.125,0.0,0.1,4,True,91.2,29.046514420838864,0.9985,0.0025,0.7179,0.0791,0.7071,0.1019,0.9999,0.0001,0.9776,0.0096,1.0,0.0,0.7514,0.0865,0.8218,0.1451,0.5467,0.0472,0.7712,0.1513
0.1,0.1,0.75,5,True,87.2,20.22869249358445,0.9995,0.0011,0.7179,0.0708,0.7055,0.0952,1.0,0.0,0.9791,0.0071,1.0,0.0,0.7112,0.1326,0.8529,0.1385,0.5414,0.0385,1.2149,0.201
0.025,0.0,0.75,2,False,263.6,74.01216116287917,0.8608,0.044,0.7179,0.0832,0.7061,0.1054,0.9915,0.0029,0.9769,0.0086,0.5914,0.0666,0.458,0.0845,0.8855,0.032,0.8236,0.1222,0.8967,0.1633
0.025,0.5,0.75,2,False,263.6,74.01216116287917,0.8608,0.044,0.7179,0.0832,0.7061,0.1054,0.9915,0.0029,0.9769,0.0086,0.5914,0.0666,0.458,0.0845,0.8855,0.032,0.8236,0.1222,0.9427,0.223
0.025,0.1,0.75,2,False,263.6,74.01216116287917,0.8608,0.044,0.7179,0.0832,0.7061,0.1054,0.9915,0.0029,0.9769,0.0086,0.5914,0.0666,0.458,0.0845,0.8855,0.032,0.8236,0.1222,0.9408,0.1987
0.075,0.5,0.5,4,True,146.0,47.97395126524393,0.9989,0.0015,0.7177,0.0764,0.7078,0.0999,1.0,0.0001,0.9779,0.01,1.0,0.0,0.7714,0.0736,0.7925,0.1384,0.5522,0.0646,1.3738,0.5745
0.025,1.0,0.5,5,False,147.6,42.52411080786993,0.9917,0.0056,0.7177,0.06,0.708,0.0832,0.9996,0.0003,0.9788,0.007,0.8903,0.0595,0.4577,0.1147,0.9842,0.0136,0.7521,0.0276,1.4003,0.6925
0.125,0.5,0.1,5,True,71.6,17.938784797192923,1.0,0.0,0.7176,0.075,0.707,0.097,1.0,0.0,0.9785,0.007,1.0,0.0,0.7064,0.1172,0.8806,0.0948,0.5483,0.0556,1.1041,0.4493
0.125,0.75,0.75,4,True,98.8,20.825465180878915,0.9993,0.0015,0.7176,0.0734,0.705,0.0987,1.0,0.0001,0.9779,0.0094,1.0,0.0,0.773,0.0681,0.8598,0.1015,0.558,0.0178,0.8126,0.1413
0.025,1.0,0.75,2,False,244.2,50.65273931388114,0.8528,0.025,0.7176,0.0824,0.7059,0.1047,0.991,0.0017,0.9769,0.0085,0.5765,0.0312,0.4451,0.0845,0.8836,0.0233,0.8099,0.1247,1.1664,0.247
0.125,1.0,0.5,5,True,76.0,13.838352503098049,1.0,0.0,0.7176,0.0541,0.7088,0.0787,1.0,0.0,0.9784,0.0067,1.0,0.0,0.6919,0.1535,0.9172,0.0811,0.5467,0.0576,0.8412,0.1486
0.075,0.75,0.1,4,True,137.2,12.132600710482485,0.9996,0.0004,0.7175,0.0696,0.7063,0.0945,1.0,0.0,0.9788,0.0082,1.0,0.0,0.7609,0.087,0.8069,0.0873,0.5424,0.0117,1.0578,0.1034
0.125,0.75,0.1,5,False,32.2,7.19027120489902,0.9936,0.0054,0.7174,0.0688,0.7086,0.0863,0.9997,0.0003,0.9787,0.0069,0.9149,0.0422,0.4806,0.0926,0.9882,0.0111,0.7511,0.0681,0.6024,0.2317
0.05,0.75,0.1,4,True,211.8,63.44840423525244,0.9994,0.0009,0.7174,0.0693,0.7064,0.097,1.0,0.0,0.9785,0.0096,1.0,0.0,0.7735,0.0877,0.783,0.1296,0.5546,0.0431,1.6439,0.8287
0.075,0.5,0.5,5,True,115.6,32.4237567225021,0.9998,0.0004,0.7174,0.0659,0.7069,0.0902,1.0,0.0,0.9788,0.008,1.0,0.0,0.7488,0.076,0.8484,0.1249,0.5585,0.043,1.1273,0.2864
0.1,1.0,0.1,4,False,49.4,14.152738250953417,0.9797,0.0186,0.7173,0.0751,0.7092,0.0924,0.9989,0.001,0.9793,0.0066,0.8704,0.0728,0.5064,0.1202,0.967,0.024,0.7021,0.0905,0.5266,0.0712
0.1,0.0,0.1,3,False,49.4,17.18429515575195,0.9267,0.0376,0.7173,0.096,0.7077,0.1151,0.9959,0.0022,0.9793,0.0079,0.7105,0.0934,0.4658,0.1522,0.918,0.0313,0.7528,0.1001,0.4994,0.0874
0.075,0.1,0.1,5,True,121.2,26.90167281044062,1.0,0.0,0.7173,0.0888,0.7046,0.1106,1.0,0.0,0.9787,0.0084,1.0,0.0,0.7156,0.1375,0.8872,0.0807,0.5604,0.0589,1.2355,0.3338
0.05,0.0,0.5,5,False,79.6,14.909728367747013,0.9941,0.0052,0.7173,0.0705,0.704,0.0965,0.9997,0.0003,0.9784,0.0072,0.921,0.043,0.4571,0.115,0.983,0.0112,0.7479,0.093,0.7851,0.1063
0.025,0.75,0.5,5,True,334.4,44.3091412690429,1.0,0.0,0.7172,0.0748,0.7074,0.0977,1.0,0.0,0.979,0.0075,1.0,0.0,0.7408,0.1155,0.8532,0.0766,0.5426,0.0403,2.9837,0.3559
0.125,0.5,1.0,4,True,96.2,20.166804407243106,0.9998,0.0002,0.717,0.0658,0.7056,0.0929,1.0,0.0,0.9788,0.0085,1.0,0.0,0.7569,0.0576,0.8508,0.1027,0.5607,0.0272,1.1196,0.5395
0.125,0.0,0.75,5,True,74.4,22.50111108367762,1.0,0.0,0.7169,0.074,0.7051,0.0987,1.0,0.0,0.9782,0.008,1.0,0.0,0.7486,0.0613,0.858,0.1258,0.565,0.0413,0.9124,0.2545
0.05,0.75,0.5,5,False,77.8,22.521101216414795,0.9926,0.0047,0.7168,0.0617,0.7054,0.0888,0.9996,0.0003,0.9786,0.0069,0.9051,0.0481,0.4717,0.1184,0.9807,0.0131,0.7469,0.1035,0.8749,0.3373
0.075,0.75,0.75,5,True,113.4,26.94995361777085,0.9997,0.0006,0.7168,0.0679,0.7064,0.092,1.0,0.0,0.9788,0.0075,1.0,0.0,0.7389,0.0899,0.8444,0.1077,0.5439,0.0516,1.1294,0.2284
0.075,0.1,0.5,4,True,163.6,36.7736318576232,1.0,0.0,0.7167,0.049,0.7091,0.0711,1.0,0.0,0.9787,0.0069,1.0,0.0,0.7462,0.0941,0.8595,0.0757,0.5602,0.053,1.4193,0.7585
0.1,0.5,0.5,4,False,47.6,13.992855319769442,0.9729,0.0243,0.7166,0.0631,0.708,0.087,0.9986,0.0013,0.9787,0.0074,0.8462,0.0805,0.4911,0.0833,0.9645,0.0337,0.7265,0.049,0.5282,0.0863
0.1,0.5,0.5,5,False,41.8,14.11382301150188,0.9899,0.0094,0.7166,0.0649,0.7058,0.0926,0.9995,0.0005,0.9785,0.0069,0.907,0.0645,0.4667,0.0923,0.9763,0.0149,0.7282,0.07,0.5544,0.0512
0.1,0.1,0.75,4,True,123.0,24.40286868382486,0.9999,0.0001,0.7166,0.06,0.7043,0.09,1.0,0.0,0.9791,0.0077,1.0,0.0,0.7495,0.0713,0.8482,0.0847,0.5579,0.0517,0.9304,0.1611
0.05,1.0,0.1,5,True,251.0,186.91976888494165,1.0,0.0,0.7165,0.0839,0.7052,0.106,1.0,0.0,0.9785,0.0079,1.0,0.0,0.7335,0.1136,0.8858,0.075,0.563,0.0388,1.9352,0.3062
0.125,1.0,1.0,5,False,32.6,6.730527468185536,0.9874,0.012,0.7165,0.0461,0.7057,0.0687,0.9993,0.0007,0.9782,0.0057,0.8964,0.0466,0.4953,0.0909,0.9826,0.0207,0.7606,0.0957,0.6906,0.3068
0.05,0.1,0.5,5,False,76.2,16.13071604114337,0.9939,0.0036,0.7164,0.0662,0.7042,0.0941,0.9997,0.0002,0.9787,0.007,0.9124,0.052,0.4577,0.1147,0.9845,0.0089,0.7558,0.0762,0.7631,0.1246
0.05,1.0,1.0,2,False,129.4,23.733941939762136,0.8588,0.0377,0.7163,0.0782,0.7035,0.1005,0.9914,0.0026,0.977,0.0086,0.5855,0.0547,0.4429,0.0696,0.8848,0.036,0.8223,0.1147,0.5905,0.0641
0.025,0.0,0.1,5,True,316.6,103.5485393426677,0.9996,0.0006,0.7162,0.0768,0.7061,0.1004,1.0,0.0,0.9778,0.0087,1.0,0.0,0.734,0.0818,0.8182,0.1275,0.5272,0.0593,2.8987,0.6135
0.1,0.75,0.1,5,True,130.4,101.53472312465327,1.0,0.0,0.7161,0.0819,0.7049,0.1035,1.0,0.0,0.9781,0.0078,1.0,0.0,0.7114,0.1295,0.9097,0.0682,0.5621,0.0531,0.9787,0.1189
0.1,1.0,0.1,4,True,121.6,17.372391890583174,1.0,0.0,0.7159,0.0664,0.7053,0.0897,1.0,0.0,0.9786,0.0085,1.0,0.0,0.738,0.1132,0.8759,0.0534,0.5573,0.0283,1.2289,0.4873
0.125,0.75,0.1,4,True,96.6,16.71227094083865,1.0,0.0,0.7157,0.0853,0.7057,0.1096,1.0,0.0,0.9787,0.0092,1.0,0.0,0.7144,0.1146,0.8721,0.0728,0.5529,0.0483,1.1109,0.1875
0.075,0.75,0.5,4,True,147.0,30.240701050074883,0.9994,0.0012,0.7156,0.082,0.7036,0.1093,1.0,0.0001,0.9786,0.0098,1.0,0.0,0.7727,0.0883,0.808,0.1141,0.5515,0.0427,1.3345,0.2564
0.125,0.75,1.0,5,True,78.6,8.44393273303382,1.0,0.0,0.7156,0.0603,0.7058,0.0823,1.0,0.0,0.9784,0.0066,1.0,0.0,0.717,0.0872,0.9361,0.057,0.5546,0.0211,1.1398,0.2936
0.125,0.0,1.0,5,False,34.4,3.2863353450309964,0.9919,0.0065,0.7154,0.0332,0.7067,0.0533,0.9996,0.0003,0.9793,0.0038,0.9125,0.0423,0.4893,0.0632,0.9853,0.012,0.7481,0.0932,0.514,0.0448
0.1,0.75,0.1,4,False,43.8,9.148770409186145,0.9744,0.018,0.7152,0.0774,0.7004,0.1005,0.9987,0.001,0.9798,0.0068,0.8465,0.0717,0.4967,0.1134,0.9621,0.0253,0.727,0.0806,0.8113,0.1032
0.05,0.75,0.5,4,False,86.6,24.744696401451364,0.9708,0.016,0.7152,0.0653,0.7054,0.088,0.9985,0.0008,0.9787,0.007,0.8257,0.0935,0.4753,0.1046,0.9641,0.0212,0.7441,0.0951,0.8086,0.3373
0.025,1.0,0.1,5,True,344.8,64.2316121547638,1.0,0.0,0.715,0.0818,0.7055,0.1048,1.0,0.0,0.9781,0.0084,1.0,0.0,0.713,0.1232,0.8841,0.0552,0.5379,0.0435,3.0804,0.5575
0.05,0.0,0.1,4,True,210.4,69.36353508869051,0.9975,0.0049,0.7148,0.073,0.7053,0.0967,0.9999,0.0002,0.978,0.0098,1.0,0.0,0.765,0.0843,0.7809,0.1583,0.536,0.0428,1.5669,0.6553
0.025,1.0,1.0,4,True,449.6,113.94428463069133,0.9992,0.0017,0.7148,0.0742,0.7023,0.101,1.0,0.0001,0.979,0.0093,1.0,0.0,0.7765,0.0721,0.807,0.1344,0.5542,0.0489,2.8817,0.6656
0.05,0.5,0.1,5,True,246.4,229.99847825583544,0.9999,0.0002,0.7148,0.0769,0.7041,0.1016,1.0,0.0,0.9783,0.0084,1.0,0.0,0.7315,0.1043,0.8284,0.1206,0.5364,0.0572,1.7764,0.745
0.05,0.5,0.5,5,False,77.8,10.449880382090505,0.994,0.004,0.7146,0.0667,0.7026,0.0946,0.9997,0.0002,0.9789,0.0067,0.9168,0.0381,0.4834,0.1153,0.9843,0.0119,0.7418,0.0871,0.7689,0.0929
0.1,0.1,1.0,4,True,113.2,14.078352176302452,0.9999,0.0001,0.7146,0.0695,0.7046,0.0941,1.0,0.0,0.9785,0.0077,1.0,0.0,0.7669,0.0784,0.8131,0.0763,0.5568,0.0271,0.8875,0.1472
0.125,0.0,0.5,5,False,34.0,7.245688373094719,0.9898,0.0097,0.7146,0.0551,0.7044,0.0821,0.9995,0.0005,0.9789,0.0061,0.9162,0.0602,0.4824,0.1254,0.9776,0.0187,0.6901,0.0891,0.5065,0.0375
0.125,0.75,0.1,5,True,68.6,14.758048651498612,0.9999,0.0002,0.7145,0.0848,0.7006,0.1062,1.0,0.0,0.9788,0.0081,1.0,0.0,0.7216,0.1365,0.8773,0.1078,0.5552,0.07,0.7878,0.1011
0.025,0.5,0.1,4,True,385.8,62.80286617663241,0.9997,0.0004,0.7144,0.0669,0.7049,0.0915,1.0,0.0,0.9784,0.0091,1.0,0.0,0.7772,0.0883,0.7531,0.033,0.5315,0.0312,2.6076,0.7956
0.025,0.5,0.5,5,False,152.6,28.395422166257717,0.9932,0.005,0.7143,0.0667,0.7038,0.0899,0.9997,0.0003,0.9787,0.0072,0.9117,0.0499,0.4489,0.1268,0.9842,0.0125,0.7355,0.0924,1.5586,0.4318
0.025,1.0,0.5,2,False,244.6,55.859645541302896,0.8542,0.0219,0.7142,0.0863,0.7021,0.1091,0.9911,0.0014,0.9767,0.0086,0.5769,0.0326,0.4481,0.0605,0.888,0.0209,0.8321,0.1192,0.8968,0.1666
0.025,0.75,0.5,2,False,227.0,40.193283020922784,0.8467,0.0304,0.7142,0.0863,0.702,0.1091,0.9906,0.0021,0.9766,0.0086,0.5625,0.0401,0.4417,0.0617,0.884,0.0266,0.8498,0.1156,0.8158,0.126
0.025,0.1,0.5,2,False,239.2,52.78920344161294,0.852,0.0408,0.714,0.0859,0.7018,0.1087,0.9909,0.0028,0.9766,0.0085,0.5789,0.0661,0.4504,0.077,0.8874,0.0329,0.8498,0.1156,0.8749,0.0902
0.025,0.0,0.5,2,False,239.2,52.78920344161294,0.852,0.0408,0.714,0.0859,0.7018,0.1087,0.9909,0.0028,0.9766,0.0085,0.5789,0.0661,0.4504,0.077,0.8874,0.0329,0.8498,0.1156,0.851,0.1172
0.025,0.5,0.5,2,False,239.2,52.78920344161294,0.852,0.0408,0.714,0.0859,0.7018,0.1087,0.9909,0.0028,0.9766,0.0085,0.5789,0.0661,0.4504,0.077,0.8874,0.0329,0.8498,0.1156,0.8379,0.1275
0.025,0.75,0.5,5,False,155.4,43.02092514114498,0.9923,0.0063,0.7136,0.0628,0.7028,0.0863,0.9996,0.0003,0.9787,0.0072,0.9053,0.0701,0.4664,0.126,0.9837,0.0105,0.756,0.0572,1.5326,0.1884
0.1,0.0,0.1,4,False,48.8,24.05618423607535,0.9715,0.0198,0.7136,0.0852,0.6999,0.1083,0.9985,0.0011,0.9798,0.0067,0.8457,0.0975,0.5062,0.1477,0.96,0.0275,0.7063,0.0807,0.5196,0.081
0.125,1.0,0.75,5,False,29.8,7.120393247567159,0.9857,0.0158,0.7132,0.0562,0.7026,0.0824,0.9993,0.0008,0.9799,0.006,0.8897,0.0656,0.4846,0.0928,0.9723,0.0227,0.7346,0.0739,0.4965,0.0679
0.05,0.0,0.1,5,True,162.2,20.777391559096152,1.0,0.0001,0.7132,0.0731,0.7039,0.0971,1.0,0.0,0.9781,0.0082,1.0,0.0,0.7124,0.1017,0.855,0.0793,0.5381,0.0496,1.7695,0.3459
0.125,0.5,1.0,5,False,33.2,10.521406750050108,0.9889,0.0116,0.713,0.0505,0.7053,0.0657,0.9994,0.0006,0.9791,0.0052,0.8995,0.0733,0.4947,0.0925,0.9826,0.0165,0.7579,0.1246,0.5057,0.0927
0.1,0.5,0.1,4,False,45.8,12.93058390019569,0.9764,0.0184,0.7126,0.0762,0.7009,0.0978,0.9988,0.001,0.9796,0.0067,0.8565,0.0648,0.4751,0.098,0.9658,0.0211,0.7146,0.081,0.5269,0.0774
0.075,0.75,0.1,5,True,161.0,100.35188089916402,1.0,0.0,0.7125,0.0739,0.7023,0.0948,1.0,0.0,0.9777,0.008,1.0,0.0,0.7213,0.0929,0.9098,0.08,0.5835,0.0952,1.5073,0.3166
0.05,0.0,0.75,5,False,78.8,8.167006795638168,0.9932,0.0056,0.7121,0.0616,0.7013,0.0877,0.9997,0.0003,0.979,0.0065,0.9115,0.046,0.4821,0.1087,0.9827,0.0125,0.736,0.0757,0.8799,0.3039
0.125,1.0,0.1,5,True,71.0,13.285330255586423,0.9999,0.0003,0.712,0.0554,0.702,0.0842,1.0,0.0,0.9774,0.0077,1.0,0.0,0.7246,0.1144,0.8985,0.0844,0.5683,0.0403,0.9426,0.2665
0.1,0.5,0.1,5,True,91.8,22.620786900547913,1.0,0.0,0.7113,0.0904,0.6976,0.1163,1.0,0.0,0.9787,0.0082,1.0,0.0,0.7204,0.1188,0.893,0.0949,0.5687,0.0654,0.9748,0.208
0.125,0.5,0.1,4,True,94.4,15.175638372075158,0.9999,0.0001,0.7112,0.0845,0.6972,0.1085,1.0,0.0,0.9782,0.0089,1.0,0.0,0.7317,0.1297,0.847,0.0878,0.5384,0.0266,0.779,0.1054
0.05,0.5,0.75,5,False,84.0,17.449928366615147,0.9936,0.0055,0.7111,0.0602,0.699,0.0845,0.9997,0.0003,0.9793,0.0059,0.9191,0.055,0.4988,0.0908,0.9859,0.0105,0.7518,0.0487,0.8025,0.0935
0.075,1.0,0.5,5,False,52.8,13.881642554107206,0.9932,0.0066,0.7101,0.0715,0.6981,0.0977,0.9996,0.0004,0.9777,0.0075,0.9211,0.0488,0.4885,0.0881,0.985,0.0111,0.7305,0.0898,0.7571,0.1811
0.1,0.1,0.1,4,False,49.0,17.146428199482244,0.9782,0.016,0.71,0.0817,0.6972,0.1048,0.9989,0.0008,0.98,0.0066,0.8658,0.0745,0.4888,0.1303,0.9682,0.0228,0.699,0.071,0.7754,0.3594
0.075,1.0,1.0,4,True,226.6,134.9121936668439,0.9999,0.0001,0.7099,0.062,0.6987,0.0894,1.0,0.0,0.9783,0.0086,1.0,0.0,0.7509,0.0702,0.8699,0.0811,0.5652,0.0265,1.2339,0.228
0.1,1.0,0.5,5,False,38.2,8.78635305459552,0.9904,0.0079,0.7095,0.0644,0.6972,0.0929,0.9995,0.0004,0.9779,0.0058,0.8997,0.0621,0.4784,0.0936,0.9814,0.0116,0.7118,0.0612,0.5232,0.0562
0.025,0.0,1.0,2,False,233.0,64.97307134498107,0.8441,0.04,0.7094,0.0905,0.6978,0.1127,0.9905,0.0025,0.9758,0.0104,0.5632,0.0538,0.4463,0.0923,0.8792,0.0378,0.8102,0.135,0.8348,0.1673
0.025,0.1,1.0,2,False,233.0,64.97307134498107,0.8441,0.04,0.7094,0.0905,0.6978,0.1127,0.9905,0.0025,0.9758,0.0104,0.5632,0.0538,0.4463,0.0923,0.8792,0.0378,0.8102,0.135,1.1475,0.2106
0.025,0.5,1.0,2,False,233.0,64.97307134498107,0.8441,0.04,0.7094,0.0905,0.6978,0.1127,0.9905,0.0025,0.9758,0.0104,0.5632,0.0538,0.4463,0.0923,0.8792,0.0378,0.8102,0.135,1.1449,0.2115
0.1,0.0,0.75,5,True,90.0,6.928203230275509,1.0,0.0,0.7094,0.0637,0.6976,0.0902,1.0,0.0,0.979,0.007,1.0,0.0,0.6939,0.119,0.9015,0.0774,0.5599,0.0286,0.9862,0.1118
0.025,1.0,1.0,2,False,214.0,43.422344478390386,0.8363,0.0412,0.7089,0.0909,0.6972,0.1127,0.9899,0.0027,0.9758,0.0104,0.5478,0.0473,0.4312,0.0793,0.8763,0.0385,0.8171,0.1338,0.7824,0.088
0.125,0.75,0.5,5,False,32.8,9.909591313469997,0.9909,0.0097,0.7086,0.0506,0.6986,0.0777,0.9996,0.0005,0.9786,0.0056,0.9241,0.0468,0.4811,0.1069,0.9771,0.0236,0.698,0.095,0.7756,0.1016
0.125,0.75,1.0,5,False,36.2,9.038805230781334,0.9928,0.0078,0.708,0.0463,0.6942,0.0697,0.9996,0.0004,0.979,0.0058,0.9252,0.045,0.4888,0.0873,0.9863,0.0132,0.7341,0.0693,0.5452,0.1126
0.075,0.5,0.5,5,False,52.2,10.377861051295685,0.9925,0.0044,0.7077,0.0633,0.6974,0.088,0.9996,0.0002,0.9775,0.0066,0.9148,0.0473,0.4501,0.1027,0.9831,0.0107,0.7226,0.0793,0.9091,0.2428
0.1,0.0,0.5,5,False,41.4,11.502173707608488,0.9925,0.0061,0.7071,0.0569,0.696,0.0861,0.9996,0.0003,0.9783,0.0067,0.9239,0.0439,0.4834,0.0889,0.9822,0.0151,0.7206,0.0342,0.5661,0.0765
0.125,0.5,0.5,5,False,34.2,9.884331034521253,0.9912,0.0092,0.7071,0.0586,0.6948,0.089,0.9996,0.0005,0.9787,0.0058,0.9167,0.0603,0.457,0.1199,0.9769,0.0229,0.7042,0.1012,0.5179,0.0778
0.075,0.5,0.1,5,True,117.6,28.483328457187024,0.9999,0.0001,0.7071,0.0808,0.697,0.1052,1.0,0.0,0.9776,0.0083,1.0,0.0,0.7198,0.1036,0.8697,0.0811,0.559,0.0867,1.4279,0.5089
0.025,0.75,1.0,2,False,227.0,75.59100475585703,0.8398,0.0536,0.707,0.09,0.6954,0.1117,0.9902,0.0035,0.9755,0.0103,0.5578,0.0728,0.4334,0.0958,0.877,0.0407,0.8146,0.134,1.0924,0.4399
0.075,0.0,0.5,5,False,48.8,9.602083107326244,0.9911,0.0061,0.7069,0.0707,0.6952,0.0974,0.9996,0.0003,0.9773,0.0076,0.8999,0.0443,0.4756,0.0847,0.9798,0.0119,0.7256,0.0873,0.6287,0.129
0.1,1.0,0.1,5,True,88.8,18.87326150934173,1.0,0.0,0.7068,0.0889,0.6952,0.1138,1.0,0.0,0.9784,0.0086,1.0,0.0,0.7375,0.0908,0.8911,0.0763,0.5623,0.0601,0.9285,0.1689
0.125,0.1,0.5,5,False,28.2,4.494441010848846,0.9862,0.0115,0.7059,0.0568,0.6951,0.0851,0.9993,0.0006,0.9781,0.0064,0.8861,0.0626,0.4885,0.1134,0.9729,0.0154,0.6902,0.0956,0.6444,0.2718
0.1,0.0,0.1,5,True,83.4,19.243180610283737,0.9999,0.0002,0.7059,0.0772,0.6969,0.0994,1.0,0.0,0.9781,0.008,1.0,0.0,0.7255,0.12,0.8872,0.0742,0.5562,0.0379,0.9194,0.1918
0.125,0.1,0.1,4,True,89.4,14.028542333400145,0.9997,0.0004,0.7055,0.061,0.6961,0.086,1.0,0.0,0.9782,0.0082,1.0,0.0,0.7409,0.1025,0.8268,0.1048,0.5503,0.031,0.9771,0.3556
0.075,0.1,0.5,5,False,54.2,12.716131487209465,0.993,0.006,0.7045,0.0689,0.6921,0.0946,0.9997,0.0003,0.977,0.0071,0.9206,0.0486,0.4798,0.0952,0.9825,0.0104,0.756,0.0813,0.9376,0.3225
0.075,1.0,0.5,4,True,195.2,116.19681579113947,0.9996,0.0009,0.704,0.0671,0.6936,0.0924,1.0,0.0,0.9777,0.0097,1.0,0.0,0.7476,0.0536,0.822,0.1098,0.5508,0.0224,1.4424,0.3519
0.075,0.75,0.5,5,False,49.0,10.8397416943394,0.9909,0.0061,0.7032,0.0651,0.6903,0.0911,0.9995,0.0003,0.9771,0.0067,0.9001,0.0507,0.4586,0.0934,0.9814,0.0107,0.7305,0.1059,0.7947,0.2484
0.1,0.1,0.1,5,True,84.8,20.29039181484675,0.9999,0.0002,0.7029,0.0796,0.6927,0.1024,1.0,0.0,0.9775,0.0075,1.0,0.0,0.7066,0.1091,0.862,0.0871,0.5628,0.0594,0.9611,0.2152
0.1,0.75,0.5,5,False,34.8,8.5848704125339,0.9869,0.0118,0.7024,0.0566,0.6926,0.0842,0.9993,0.0006,0.9779,0.0068,0.8796,0.0781,0.4827,0.1141,0.9749,0.0197,0.7253,0.0368,0.7554,0.251
0.1,0.1,0.5,5,False,40.0,7.648529270389178,0.9921,0.0062,0.7012,0.0521,0.6911,0.0821,0.9996,0.0003,0.9776,0.006,0.9197,0.045,0.4616,0.0818,0.9815,0.0129,0.7073,0.0456,0.7403,0.3001
0.125,1.0,0.5,5,False,30.6,5.9413803110051795,0.9881,0.0092,0.7005,0.0575,0.6906,0.0839,0.9994,0.0005,0.978,0.0054,0.9043,0.0503,0.4622,0.1063,0.9744,0.0192,0.674,0.0885,0.4871,0.0331
0.125,1.0,0.1,4,True,77.6,8.080841540334768,0.9988,0.0012,0.7004,0.0691,0.6915,0.0948,0.9999,0.0001,0.9773,0.0087,1.0,0.0,0.7783,0.0926,0.7675,0.0914,0.5349,0.0183,0.7108,0.0606
0.075,1.0,0.1,5,True,108.4,16.14930339054908,1.0,0.0,0.6994,0.0728,0.6883,0.0992,1.0,0.0,0.9773,0.0086,1.0,0.0,0.7268,0.1274,0.8487,0.0862,0.5373,0.0539,1.3662,0.4259
